gid,role,role_score,cluster_id,priority_score,evidence
100000000343175100,distributor,0.9655990510083038,11,0.9344825029655991,Sends to 31 nodes (KZT 4.0m); receives from 8; outgoing p0.99.
100000000456947100,peripheral,0.6541370106761566,17,0.21172153024911033,"Limited observed structure: 0 incoming, 0 outgoing links; depth 0."
100000000580561100,distributor,0.9326809015421116,23,0.7727498517200475,Sends to 3 nodes (KZT 1.5m); receives from 2; outgoing p0.91.
100000001415126100,terminal,0.44995551601423484,49,0.553125,Receives from 1 nodes (KZT 27.0k); no observed outgoing links; depth 0.
100000001429930100,terminal,0.4452846975088968,12,0.5275800711743772,Receives from 1 nodes (KZT 26.0k); no observed outgoing links; depth 0.
100000001616816100,coordinator,0.9694172597864767,2,0.9452235320284698,Links 5 in/3 out; reached by 11 seeds; PageRank p0.99.
100000001732159100,coordinator,0.926935053380783,42,0.9500722864768685,Links 2 in/4 out; reached by 10 seeds; PageRank p0.96.
100000002527114100,distributor,0.972123368920522,22,0.7968342230130487,Sends to 111 nodes (KZT 3.3m); receives from 3; outgoing p1.00.
100000002916006100,peripheral,0.2375444839857651,49,0.19308274021352315,"Limited observed structure: 0 incoming, 1 outgoing links; depth 0."
100000003016635100,distributor,0.9865065243179122,16,0.8947583036773428,Sends to 73 nodes (KZT 9.4m); receives from 8; outgoing p1.00.
100000003200071100,peripheral,0.2375444839857651,61,0.18916814946619218,"Limited observed structure: 0 incoming, 1 outgoing links; depth 0."
100000003265658100,peripheral,0.6541370106761566,63,0.21172153024911033,"Limited observed structure: 0 incoming, 0 outgoing links; depth 0."
100000003349739100,peripheral,0.6541370106761566,64,0.21172153024911033,"Limited observed structure: 0 incoming, 0 outgoing links; depth 0."
100000003684369100,coordinator,0.9860431494661922,3,0.9849449510676157,Links 24 in/62 out; reached by 10 seeds; PageRank p0.99.
100000003770083100,peripheral,0.6541370106761566,67,0.21172153024911033,"Limited observed structure: 0 incoming, 0 outgoing links; depth 0."
100000003975102100,peripheral,0.13589857651245552,16,0.5407362099644129,"Limited observed structure: 1 incoming, 2 outgoing links; depth 0."
100000003977183100,distributor,0.8106465005931197,2,0.676716340450771,Sends to 4 nodes (KZT 766.0k); receives from 2; outgoing p0.93.
100000004007116100,distributor,0.9157769869513642,34,0.7567912218268089,Sends to 4 nodes (KZT 148.0k); receives from 3; outgoing p0.93.
100000004019124100,terminal,0.7640124555160143,16,0.8361654804270464,Receives from 3 nodes (KZT 193.0k); no observed outgoing links; depth 0.
100000004021459100,peripheral,0.6541370106761566,69,0.21172153024911033,"Limited observed structure: 0 incoming, 0 outgoing links; depth 0."
100000004041163100,coordinator,0.8155582740213523,49,0.8989296040925268,Links 1 in/2 out; reached by 15 seeds; PageRank p0.99.
100000004174835100,peripheral,0.6541370106761566,72,0.21172153024911033,"Limited observed structure: 0 incoming, 0 outgoing links; depth 0."
100000004193835100,peripheral,0.2375444839857651,16,0.5628892348754448,"Limited observed structure: 1 incoming, 1 outgoing links; depth 0."
100000004269433100,peripheral,0.053380782918149516,4,0.27079626334519574,"Limited observed structure: 0 incoming, 1 outgoing links; depth 0."
100000004358004100,distributor,0.6364916963226571,3,0.42277950771055756,Sends to 11 nodes (KZT 980.9k); receives from 0; outgoing p0.98.
100000004388983100,peripheral,0.13589857651245552,73,0.2762233096085409,"Limited observed structure: 0 incoming, 2 outgoing links; depth 0."
100000004714705100,peripheral,0.2375444839857651,49,0.19788701067615658,"Limited observed structure: 0 incoming, 1 outgoing links; depth 0."
100000004723755100,peripheral,0.2375444839857651,3,0.24081405693950178,"Limited observed structure: 0 incoming, 1 outgoing links; depth 0."
100000004813068100,distributor,0.5653173190984578,21,0.3719565539739027,Sends to 3 nodes (KZT 297.0k); receives from 0; outgoing p0.91.
100000004971871100,peripheral,0.0796263345195729,52,0.3998331850533808,"Limited observed structure: 1 incoming, 1 outgoing links; depth 0."
100000005017150100,peripheral,0.6541370106761566,75,0.21172153024911033,"Limited observed structure: 0 incoming, 0 outgoing links; depth 0."
100000005087431100,peripheral,0.6541370106761566,76,0.21172153024911033,"Limited observed structure: 0 incoming, 0 outgoing links; depth 0."
100000005235389100,peripheral,0.6541370106761566,77,0.21172153024911033,"Limited observed structure: 0 incoming, 0 outgoing links; depth 0."
100000005264990100,peripheral,0.13589857651245552,49,0.555460409252669,"Limited observed structure: 1 incoming, 2 outgoing links; depth 0."
100000005370580100,terminal,0.4387603795966785,12,0.5198102016607355,Receives from 1 nodes (KZT 24.1k); no observed outgoing links; depth 0.
100000005382566100,coordinator,0.9356650355871887,49,0.9366075400355872,Links 7 in/1 out; reached by 15 seeds; PageRank p0.99.
100000005386383100,peripheral,0.14346085409252674,49,0.5796485765124556,"Limited observed structure: 2 incoming, 1 outgoing links; depth 0."
100000005392290100,peripheral,0.2375444839857651,68,0.23254003558718858,"Limited observed structure: 0 incoming, 1 outgoing links; depth 0."
100000005395727100,terminal,0.4102164887307236,4,0.5073361506524319,Receives from 1 nodes (KZT 17.0k); no observed outgoing links; depth 0.
100000005409680100,terminal,0.6573250296559905,43,0.7323250296559906,Receives from 2 nodes (KZT 55.1k); no observed outgoing links; depth 0.
100000005417257100,peripheral,0.13589857651245552,49,0.22591192170818503,"Limited observed structure: 0 incoming, 2 outgoing links; depth 0."
100000005454368100,terminal,0.6422004744958482,12,0.6456034994068803,Receives from 2 nodes (KZT 48.6k); no observed outgoing links; depth 0.
100000005480435100,peripheral,0.6541370106761566,78,0.21172153024911033,"Limited observed structure: 0 incoming, 0 outgoing links; depth 0."
100000005485830100,distributor,0.5735468564650059,55,0.3735134934756821,Sends to 5 nodes (KZT 275.9k); receives from 0; outgoing p0.95.
100000005493505100,terminal,0.6904655990510083,3,0.7549673784104389,Receives from 3 nodes (KZT 62.0k); no observed outgoing links; depth 0.
100000005495722100,peripheral,0.6541370106761566,79,0.21172153024911033,"Limited observed structure: 0 incoming, 0 outgoing links; depth 0."
100000005498992100,distributor,0.6562870699881376,5,0.43837114472123373,Sends to 16 nodes (KZT 2.3m); receives from 0; outgoing p0.98.
100000005519347100,coordinator,0.8589857651245552,16,0.8388011565836301,Links 2 in/1 out; reached by 10 seeds; PageRank p0.86.
100000005523088100,terminal,0.6537663107947805,49,0.8252743179122184,Receives from 1 nodes (KZT 700.0k); no observed outgoing links; depth 0.
100000005543136100,peripheral,0.2375444839857651,3,0.14326067615658364,"Limited observed structure: 0 incoming, 1 outgoing links; depth 0."
100000005550592100,peripheral,0.6541370106761566,80,0.21172153024911033,"Limited observed structure: 0 incoming, 0 outgoing links; depth 0."
100000005560900100,peripheral,0.6541370106761566,81,0.21172153024911033,"Limited observed structure: 0 incoming, 0 outgoing links; depth 0."
100000005568407100,peripheral,0.6541370106761566,82,0.21172153024911033,"Limited observed structure: 0 incoming, 0 outgoing links; depth 0."
100000005668605100,terminal,0.7176749703440096,49,0.787748368920522,Receives from 3 nodes (KZT 94.5k); no observed outgoing links; depth 0.
100000005744674100,peripheral,0.2375444839857651,49,0.21443505338078292,"Limited observed structure: 0 incoming, 1 outgoing links; depth 0."
100000006232815100,distributor,0.8839709371293001,27,0.6997961150652432,Sends to 5 nodes (KZT 296.5k); receives from 1; outgoing p0.95.
100000006249740100,peripheral,0.08896797153024916,83,0.20971975088967973,"Limited observed structure: 0 incoming, 3 outgoing links; depth 0."
100000006831291100,peripheral,0.2375444839857651,83,0.15522686832740212,"Limited observed structure: 0 incoming, 1 outgoing links; depth 0."
100000006866783100,distributor,0.9765717674970343,0,0.8854129596678528,Sends to 67 nodes (KZT 3.9m); receives from 13; outgoing p1.00.
100000007018630100,peripheral,0.2375444839857651,37,0.2696396797153025,"Limited observed structure: 0 incoming, 1 outgoing links; depth 0."
100000007747786100,distributor,0.6642200474495848,2,0.44374629300118623,Sends to 31 nodes (KZT 4.2m); receives from 0; outgoing p0.99.
100000007982728100,distributor,0.6467230130486358,2,0.4326771945432977,Sends to 8 nodes (KZT 1.8m); receives from 0; outgoing p0.97.
100000008117324100,peripheral,0.6541370106761566,86,0.21172153024911033,"Limited observed structure: 0 incoming, 0 outgoing links; depth 0."
100000008205000100,peripheral,0.6541370106761566,87,0.21172153024911033,"Limited observed structure: 0 incoming, 0 outgoing links; depth 0."
100000008314203100,peripheral,0.10275800711743777,42,0.6775355871886122,"Limited observed structure: 2 incoming, 2 outgoing links; depth 0."
100000008418835100,distributor,0.8936832740213524,4,0.7355760676156584,Sends to 4 nodes (KZT 186.2k); receives from 1; outgoing p0.93.
100000008513251100,peripheral,0.6541370106761566,88,0.21172153024911033,"Limited observed structure: 0 incoming, 0 outgoing links; depth 0."
100000008516839100,terminal,0.7506672597864767,49,0.8211298932384343,Receives from 3 nodes (KZT 155.0k); no observed outgoing links; depth 0.
100000008522127100,peripheral,0.2375444839857651,59,0.25602758007117443,"Limited observed structure: 0 incoming, 1 outgoing links; depth 0."
100000008571433100,peripheral,0.024021352313167266,58,0.5555160142348755,"Limited observed structure: 2 incoming, 2 outgoing links; depth 0."
100000008575624100,peripheral,0.08896797153024916,71,0.2074955516014235,"Limited observed structure: 0 incoming, 3 outgoing links; depth 0."
100000008601794100,peripheral,0.007562277580071219,39,0.5473198398576512,"Limited observed structure: 2 incoming, 1 outgoing links; depth 0."
100000008637537100,coordinator,0.9346641459074734,42,0.9476784919928827,Links 3 in/3 out; reached by 10 seeds; PageRank p0.93.
100000008650785100,peripheral,0.11254448398576511,16,0.6614768683274022,"Limited observed structure: 2 incoming, 2 outgoing links; depth 0."
100000008654653100,peripheral,0.2375444839857651,16,0.21852758007117437,"Limited observed structure: 0 incoming, 1 outgoing links; depth 0."
100000008659445100,distributor,0.9524021352313167,9,0.7929715302491103,Sends to 4 nodes (KZT 875.1k); receives from 3; outgoing p0.93.
100000008669037100,peripheral,0.6541370106761566,89,0.21172153024911033,"Limited observed structure: 0 incoming, 0 outgoing links; depth 0."
100000008673001100,terminal,0.5283956109134046,49,0.5187092230130488,Receives from 1 nodes (KZT 80.0k); no observed outgoing links; depth 0.
100000008680731100,distributor,0.6510231316725978,8,0.43266236654804274,Sends to 27 nodes (KZT 1.5m); receives from 0; outgoing p0.99.
100000008701222100,peripheral,0.6541370106761566,90,0.21172153024911033,"Limited observed structure: 0 incoming, 0 outgoing links; depth 0."
100000008738325100,peripheral,0.20862989323843417,49,0.47563389679715307,"Limited observed structure: 1 incoming, 1 outgoing links; depth 0."
100000003134937100,terminal,0.3861209964412811,16,0.27104092526690393,Receives from 1 nodes (KZT 10.3k); no observed outgoing links; depth 1.
100000005074393100,coordinator,0.9599088078291815,12,0.9549460631672598,Links 4 in/6 out; reached by 10 seeds; PageRank p0.95.
100000001924185100,terminal,0.7218268090154211,11,0.6883081257413998,Receives from 2 nodes (KZT 151.0k); no observed outgoing links; depth 1.
100000004070318100,distributor,0.7986358244365362,0,0.7126594009489917,Sends to 19 nodes (KZT 551.9k); receives from 4; outgoing p0.99.
100000005807278100,terminal,0.3730723606168446,55,0.23276986951364176,Receives from 1 nodes (KZT 8.4k); no observed outgoing links; depth 1.
100000003377795100,terminal,0.3701067615658363,2,0.17141903914590748,Receives from 1 nodes (KZT 7.0k); no observed outgoing links; depth 1.
100000004330371100,peripheral,0.03380782918149461,16,0.6052935943060498,"Limited observed structure: 2 incoming, 2 outgoing links; depth 1."
100000008165763100,distributor,0.9696026097271648,3,0.9552342823250296,Sends to 17 nodes (KZT 1.3m); receives from 15; outgoing p0.99.
100000001684867100,terminal,0.4605575326215896,16,0.35577550415183873,Receives from 1 nodes (KZT 30.6k); no observed outgoing links; depth 1.
100000003900547100,terminal,0.43638790035587194,16,0.32533362989323844,Receives from 1 nodes (KZT 23.7k); no observed outgoing links; depth 1.
100000006656003100,peripheral,0.2375444839857651,22,0.24529581850533808,"Limited observed structure: 1 incoming, 1 outgoing links; depth 1."
100000008237827100,terminal,0.4792408066429419,3,0.4919632265717675,Receives from 1 nodes (KZT 40.0k); no observed outgoing links; depth 1.
100000003014659100,terminal,0.6102461447212337,11,0.653451215895611,Receives from 1 nodes (KZT 280.0k); no observed outgoing links; depth 1.
100000007939160100,peripheral,0.09074733096085408,23,0.5213745551601423,"Limited observed structure: 1 incoming, 2 outgoing links; depth 1."
100000007274584100,terminal,0.4750889679715303,3,0.48587633451957296,Receives from 1 nodes (KZT 38.0k); no observed outgoing links; depth 1.
100000001524952100,terminal,0.5514531435349941,0,0.510550118623962,Receives from 1 nodes (KZT 103.8k); no observed outgoing links; depth 1.
100000003131693100,terminal,0.6230723606168446,3,0.7057458481613286,Receives from 1 nodes (KZT 353.3k); no observed outgoing links; depth 1.
100000008383405100,terminal,0.44165183867141167,21,0.338104240806643,Receives from 1 nodes (KZT 25.0k); no observed outgoing links; depth 1.
100000008736173100,terminal,0.46174377224199287,22,0.30313612099644127,Receives from 1 nodes (KZT 31.1k); no observed outgoing links; depth 1.
100000002861485100,terminal,0.45447805456702256,16,0.34827253855278767,Receives from 1 nodes (KZT 29.3k); no observed outgoing links; depth 1.
100000008745474100,terminal,0.48013048635824435,22,0.3309979240806643,Receives from 1 nodes (KZT 40.6k); no observed outgoing links; depth 1.
100000008691330100,terminal,0.430011862396204,22,0.26081702253855277,Receives from 1 nodes (KZT 21.4k); no observed outgoing links; depth 1.
100000007639767100,distributor,0.7647538552787663,0,0.6807124851720048,Sends to 10 nodes (KZT 822.2k); receives from 4; outgoing p0.97.
100000002921047100,peripheral,0.13389679715302494,2,0.6000111209964413,"Limited observed structure: 2 incoming, 1 outgoing links; depth 1."
100000004783447100,terminal,0.4475830367734282,22,0.28353721826809014,Receives from 1 nodes (KZT 26.2k); no observed outgoing links; depth 1.
100000008696919100,terminal,0.4635231316725979,22,0.3060943060498221,Receives from 1 nodes (KZT 31.9k); no observed outgoing links; depth 1.
100000008736940100,peripheral,0.007117437722419906,9,0.5475978647686832,"Limited observed structure: 3 incoming, 3 outgoing links; depth 1."
100000005940652100,terminal,0.373220640569395,42,0.35480427046263346,Receives from 1 nodes (KZT 8.4k); no observed outgoing links; depth 1.
100000004180097100,peripheral,0.06405693950177938,0,0.5819839857651246,"Limited observed structure: 3 incoming, 3 outgoing links; depth 1."
100000005539201100,peripheral,0.2375444839857651,16,0.37354314946619216,"Limited observed structure: 1 incoming, 1 outgoing links; depth 1."
100000005620225100,terminal,0.6439798339264532,0,0.49446915776986955,Receives from 2 nodes (KZT 49.8k); no observed outgoing links; depth 1.
100000004388353100,terminal,0.6644424673784105,11,0.6417111506524318,Receives from 2 nodes (KZT 63.0k); no observed outgoing links; depth 1.
100000007442518100,distributor,0.9544780545670225,33,0.8678232502965599,Sends to 9 nodes (KZT 4.4m); receives from 5; outgoing p0.97.
100000000267734100,distributor,0.8791518386714117,2,0.7139939205219454,Sends to 7 nodes (KZT 282.0k); receives from 2; outgoing p0.96.
100000001987030100,peripheral,0.14346085409252674,4,0.3792482206405694,"Limited observed structure: 2 incoming, 1 outgoing links; depth 1."
100000002603478100,terminal,0.4345344009489917,8,0.2588226571767497,Receives from 1 nodes (KZT 23.5k); no observed outgoing links; depth 1.
100000001380054100,distributor,0.894276393831554,27,0.739171856465006,Sends to 3 nodes (KZT 360.0k); receives from 2; outgoing p0.91.
100000002992171100,terminal,0.3982799525504152,22,0.21805308422301306,Receives from 1 nodes (KZT 14.6k); no observed outgoing links; depth 1.
100000002781227100,distributor,0.9098457888493475,59,0.7562537069988138,Sends to 3 nodes (KZT 212.4k); receives from 2; outgoing p0.91.
100000008745643100,terminal,0.42734282325029654,22,0.25654655990510083,Receives from 1 nodes (KZT 20.3k); no observed outgoing links; depth 1.
100000002836736100,terminal,0.7924080664294187,2,0.6759934756820878,Receives from 2 nodes (KZT 509.0k); no observed outgoing links; depth 1.
100000004188160100,distributor,0.6692615658362989,16,0.5944061387900356,Sends to 5 nodes (KZT 133.8k); receives from 2; outgoing p0.95.
100000004841728100,terminal,0.5029655990510083,22,0.3618623962040332,Receives from 1 nodes (KZT 52.2k); no observed outgoing links; depth 1.
100000001554432100,terminal,0.5060794780545671,3,0.5283437129300119,Receives from 1 nodes (KZT 53.9k); no observed outgoing links; depth 1.
100000008768896100,terminal,0.49117734282325026,22,0.346782325029656,Receives from 1 nodes (KZT 47.1k); no observed outgoing links; depth 1.
100000008232832100,peripheral,0.14657473309608537,42,0.6508896797153025,"Limited observed structure: 1 incoming, 1 outgoing links; depth 1."
100000002864256100,terminal,0.5650948991696323,3,0.62054418742586,Receives from 1 nodes (KZT 135.8k); no observed outgoing links; depth 1.
100000001929088100,terminal,0.7775800711743773,2,0.6066503558718862,Receives from 2 nodes (KZT 396.0k); no observed outgoing links; depth 1.
100000002794197100,terminal,0.45996441281138795,2,0.25758451957295375,Receives from 1 nodes (KZT 30.1k); no observed outgoing links; depth 1.
100000005669845100,terminal,0.42304270462633453,27,0.34291592526690395,Receives from 1 nodes (KZT 20.0k); no observed outgoing links; depth 1.
100000002211413100,terminal,0.47286476868327404,22,0.32037366548042706,Receives from 1 nodes (KZT 37.0k); no observed outgoing links; depth 1.
100000002784085100,terminal,0.5917111506524318,5,0.4677676453143535,Receives from 1 nodes (KZT 200.0k); no observed outgoing links; depth 1.
100000008782421100,terminal,0.49481020166073547,22,0.35259489916963227,Receives from 1 nodes (KZT 49.7k); no observed outgoing links; depth 1.
100000003739818100,terminal,0.5100830367734283,3,0.5348606168446026,Receives from 1 nodes (KZT 57.3k); no observed outgoing links; depth 1.
100000002214570100,terminal,0.4485468564650059,22,0.28491251482799523,Receives from 1 nodes (KZT 26.5k); no observed outgoing links; depth 1.
100000006443391100,peripheral,0.006672597864768703,5,0.49605204626334526,"Limited observed structure: 3 incoming, 2 outgoing links; depth 1."
100000005473151100,distributor,0.8795966785290629,18,0.873546856465006,Sends to 4 nodes (KZT 225.0k); receives from 3; outgoing p0.93.
100000005124479100,peripheral,0.13589857651245552,0,0.5503892348754449,"Limited observed structure: 2 incoming, 2 outgoing links; depth 1."
100000005527892100,distributor,0.7878113879003559,35,0.7631450177935943,Sends to 8 nodes (KZT 552.4k); receives from 3; outgoing p0.97.
100000008028628100,terminal,0.5097864768683275,22,0.37144128113879005,Receives from 1 nodes (KZT 57.2k); no observed outgoing links; depth 1.
100000001953577100,terminal,0.4052491103202847,22,0.2273131672597865,Receives from 1 nodes (KZT 15.6k); no observed outgoing links; depth 1.
100000008193577100,distributor,0.9346826809015422,9,0.770636862396204,Sends to 5 nodes (KZT 480.2k); receives from 2; outgoing p0.95.
100000008753193100,terminal,0.4706405693950178,22,0.3159252669039146,Receives from 1 nodes (KZT 35.2k); no observed outgoing links; depth 1.
100000008746025100,terminal,0.43097568208778175,22,0.2624147390272835,Receives from 1 nodes (KZT 22.0k); no observed outgoing links; depth 1.
100000002934441100,terminal,0.6632562277580071,0,0.5330960854092527,Receives from 2 nodes (KZT 60.8k); no observed outgoing links; depth 1.
100000003701161100,consolidator,0.9708629893238433,29,0.8823843416370107,Receives from 4 nodes (KZT 1.5m); sends to 3; incoming p0.97.
100000006707582100,distributor,0.911476868327402,11,0.7389568505338079,Sends to 14 nodes (KZT 961.1k); receives from 2; outgoing p0.98.
100000003239379100,terminal,0.5407769869513642,8,0.4104611506524318,Receives from 1 nodes (KZT 92.5k); no observed outgoing links; depth 1.
100000000979923100,terminal,0.5456702253855279,11,0.5526319691577699,Receives from 1 nodes (KZT 97.9k); no observed outgoing links; depth 1.
100000001111763100,terminal,0.41110616844602604,22,0.23523873072360618,Receives from 1 nodes (KZT 17.1k); no observed outgoing links; depth 1.
100000003865939100,terminal,0.5298784104389086,68,0.5002854389086595,Receives from 1 nodes (KZT 81.5k); no observed outgoing links; depth 1.
100000002858835100,terminal,0.4390569395017794,22,0.2732873665480427,Receives from 1 nodes (KZT 24.4k); no observed outgoing links; depth 1.
100000003404627100,consolidator,0.9517348754448398,42,0.9276579181494662,Receives from 4 nodes (KZT 877.7k); sends to 0; incoming p0.97.
100000008691027100,terminal,0.4134786476868328,22,0.23825622775800714,Receives from 1 nodes (KZT 17.5k); no observed outgoing links; depth 1.
100000004071080100,consolidator,0.911476868327402,0,0.8251668149466193,Receives from 9 nodes (KZT 238.6k); sends to 2; incoming p1.00.
100000002864680100,terminal,0.5091933570581257,8,0.3597049228944247,Receives from 1 nodes (KZT 55.9k); no observed outgoing links; depth 1.
100000001330685100,consolidator,0.8844899169632265,10,0.7946322657176751,Receives from 3 nodes (KZT 2.4m); sends to 1; incoming p0.94.
100000008745725100,terminal,0.49117734282325026,22,0.346782325029656,Receives from 1 nodes (KZT 47.1k); no observed outgoing links; depth 1.
100000002621949100,terminal,0.5788849347568209,3,0.6418297746144721,Receives from 1 nodes (KZT 164.6k); no observed outgoing links; depth 1.
100000007908818100,distributor,0.8820432977461446,3,0.890840005931198,Sends to 6 nodes (KZT 302.0k); receives from 4; outgoing p0.96.
100000008691495100,terminal,0.44995551601423484,22,0.28722197508896796,Receives from 1 nodes (KZT 27.0k); no observed outgoing links; depth 1.
100000003832231100,terminal,0.46938018979833923,3,0.47746515421115066,Receives from 1 nodes (KZT 35.0k); no observed outgoing links; depth 1.
100000002371751100,peripheral,0.15591637010676151,37,0.49141459074733096,"Limited observed structure: 1 incoming, 1 outgoing links; depth 1."
100000002894076100,consolidator,0.8615806642941873,2,0.8301416073546856,Receives from 4 nodes (KZT 1.1m); sends to 0; incoming p0.97.
100000001362940100,terminal,0.5291370106761566,3,0.5679604092526691,Receives from 1 nodes (KZT 81.0k); no observed outgoing links; depth 1.
100000008741372100,terminal,0.4712336892052195,22,0.3173190984578885,Receives from 1 nodes (KZT 36.0k); no observed outgoing links; depth 1.
100000002618492100,terminal,0.7618623962040333,11,0.7386417556346383,Receives from 2 nodes (KZT 296.5k); no observed outgoing links; depth 1.
100000002750332100,terminal,0.38849347568208775,5,0.1927194543297746,Receives from 1 nodes (KZT 11.4k); no observed outgoing links; depth 1.
100000004948177100,consolidator,0.8312574139976275,16,0.7276653321470938,Receives from 3 nodes (KZT 437.2k); sends to 0; incoming p0.94.
100000002511825100,terminal,0.5173487544483986,0,0.4595418149466192,Receives from 1 nodes (KZT 65.0k); no observed outgoing links; depth 1.
100000008566737100,terminal,0.7475533807829181,0,0.7416258896797153,Receives from 2 nodes (KZT 230.0k); no observed outgoing links; depth 1.
100000008661585100,terminal,0.48294780545670224,22,0.33606168446026097,Receives from 1 nodes (KZT 43.1k); no observed outgoing links; depth 1.
100000004759121100,consolidator,0.9634489916963226,0,0.8707332443653618,Receives from 6 nodes (KZT 710.0k); sends to 2; incoming p0.99.
100000004360785100,terminal,0.5428529062870701,16,0.47343564650059317,Receives from 1 nodes (KZT 94.7k); no observed outgoing links; depth 1.
100000005092518100,terminal,0.4459519572953737,22,0.28198398576512457,Receives from 1 nodes (KZT 26.1k); no observed outgoing links; depth 1.
100000008737958100,terminal,0.6540628706998813,22,0.43460112692763936,Receives from 2 nodes (KZT 53.4k); no observed outgoing links; depth 1.
100000003044518100,terminal,0.46782325029655986,2,0.2661551008303677,Receives from 1 nodes (KZT 34.4k); no observed outgoing links; depth 1.
100000004159526100,peripheral,0.030916370106761515,40,0.6634786476868327,"Limited observed structure: 4 incoming, 4 outgoing links; depth 1."
100000007544358100,transit,0.7308793575914739,16,0.7022149461594344,Pass-through 1.09; 2 incoming and 1 outgoing links; depth 1.
100000005901606100,terminal,0.4709371293001186,22,0.31684460260972713,Receives from 1 nodes (KZT 35.7k); no observed outgoing links; depth 1.
100000006658598100,terminal,0.37485172004744954,16,0.26079478054567024,Receives from 1 nodes (KZT 9.0k); no observed outgoing links; depth 1.
100000002793851100,terminal,0.38804863582443655,16,0.2730130486358245,Receives from 1 nodes (KZT 11.1k); no observed outgoing links; depth 1.
100000005612411100,distributor,0.8078291814946619,3,0.78394128113879,Sends to 8 nodes (KZT 507.0k); receives from 3; outgoing p0.97.
100000007511163100,peripheral,0.08896797153024916,16,0.4984096975088968,"Limited observed structure: 2 incoming, 3 outgoing links; depth 1."
100000002648315100,peripheral,0.13589857651245552,2,0.3331739323843416,"Limited observed structure: 1 incoming, 2 outgoing links; depth 1."
100000004739664100,transit,0.4464956504547253,22,0.2637702649268486,Pass-through 0.83; 1 incoming and 1 outgoing links; depth 1.
100000003713616100,terminal,0.40628706998813763,16,0.2926304863582444,Receives from 1 nodes (KZT 15.9k); no observed outgoing links; depth 1.
100000003476560100,terminal,0.49762752075919336,3,0.51782325029656,Receives from 1 nodes (KZT 50.0k); no observed outgoing links; depth 1.
100000008782800100,terminal,0.4832443653618031,22,0.3367586002372479,Receives from 1 nodes (KZT 43.4k); no observed outgoing links; depth 1.
100000004218576100,terminal,0.4459519572953737,22,0.28198398576512457,Receives from 1 nodes (KZT 26.1k); no observed outgoing links; depth 1.
100000003299365100,transit,0.724273428232503,3,0.7373739620403321,Pass-through 1.00; 1 incoming and 1 outgoing links; depth 1.
100000008730021100,terminal,0.5259489916963227,4,0.5164071767497034,Receives from 1 nodes (KZT 75.6k); no observed outgoing links; depth 1.
100000002757797100,terminal,0.5481168446026098,8,0.42003632858837486,Receives from 1 nodes (KZT 100.0k); no observed outgoing links; depth 1.
100000002845605100,terminal,0.5103795966785291,0,0.4485023724792408,Receives from 1 nodes (KZT 57.6k); no observed outgoing links; depth 1.
100000000817146100,terminal,0.5223902728351127,16,0.6699436536180309,Receives from 1 nodes (KZT 70.0k); no observed outgoing links; depth 1.
100000002957306100,terminal,0.7783214709371293,11,0.7764753855278768,Receives from 2 nodes (KZT 398.5k); no observed outgoing links; depth 1.
100000008188026100,distributor,0.7115954922894425,4,0.6339820581257414,Sends to 4 nodes (KZT 338.0k); receives from 2; outgoing p0.93.
100000004790991100,terminal,0.6023131672597865,16,0.5655693950177936,Receives from 1 nodes (KZT 239.4k); no observed outgoing links; depth 1.
100000002973903100,terminal,0.7162663107947805,8,0.6528321470937131,Receives from 3 nodes (KZT 92.9k); no observed outgoing links; depth 1.
100000004325327100,transit,0.8537702574867128,0,0.6091164967560199,Pass-through 0.99; 2 incoming and 1 outgoing links; depth 1.
100000001477796100,terminal,0.5848161328588375,3,0.4936017200474496,Receives from 1 nodes (KZT 182.0k); no observed outgoing links; depth 1.
100000007536804100,peripheral,0.13589857651245552,2,0.31082072953736656,"Limited observed structure: 1 incoming, 2 outgoing links; depth 1."
100000008665380100,peripheral,0.14346085409252674,0,0.38238434163701074,"Limited observed structure: 2 incoming, 1 outgoing links; depth 1."
100000001870116100,terminal,0.4375741399762752,22,0.2718045670225385,Receives from 1 nodes (KZT 24.0k); no observed outgoing links; depth 1.
100000001074553100,terminal,0.602164887307236,5,0.3635750296559905,Receives from 2 nodes (KZT 29.0k); no observed outgoing links; depth 1.
100000000978041100,terminal,0.4844306049822064,22,0.33887900355871886,Receives from 1 nodes (KZT 44.4k); no observed outgoing links; depth 1.
100000002603769100,consolidator,0.9034697508896796,0,0.7947620106761566,Receives from 3 nodes (KZT 1.2m); sends to 0; incoming p0.94.
100000005034574100,terminal,0.6066132858837485,73,0.548717378410439,Receives from 1 nodes (KZT 258.8k); no observed outgoing links; depth 1.
100000002958286100,terminal,0.6063167259786477,5,0.4918594306049823,Receives from 1 nodes (KZT 257.0k); no observed outgoing links; depth 1.
100000005634552100,distributor,0.6500593119810202,0,0.5494921411625149,Sends to 3 nodes (KZT 1.2m); receives from 1; outgoing p0.91.
100000008736760100,terminal,0.5074139976275208,22,0.3679789442467379,Receives from 1 nodes (KZT 54.8k); no observed outgoing links; depth 1.
100000008701944100,terminal,0.5028173190984578,4,0.4872924080664294,Receives from 1 nodes (KZT 52.1k); no observed outgoing links; depth 1.
100000008748408100,distributor,0.8472716488730724,2,0.6489509193357058,Sends to 21 nodes (KZT 1.5m); receives from 1; outgoing p0.99.
100000008486520100,peripheral,0.2375444839857651,16,0.3473643238434164,"Limited observed structure: 1 incoming, 1 outgoing links; depth 1."
100000003163256100,transit,0.5370283410986506,16,0.3721463201501075,Pass-through 1.11; 1 incoming and 1 outgoing links; depth 1.
100000003102157100,terminal,0.5447805456702254,0,0.5028766310794781,Receives from 1 nodes (KZT 96.7k); no observed outgoing links; depth 1.
100000004741837100,terminal,0.44483985765124556,16,0.3352980427046264,Receives from 1 nodes (KZT 25.6k); no observed outgoing links; depth 1.
100000008443341100,peripheral,0.08896797153024916,8,0.5518794483985766,"Limited observed structure: 2 incoming, 3 outgoing links; depth 1."
100000004792397100,terminal,0.5244661921708186,22,0.3968193950177936,Receives from 1 nodes (KZT 73.5k); no observed outgoing links; depth 1.
100000003809101100,peripheral,0.13589857651245552,11,0.5954515124555161,"Limited observed structure: 2 incoming, 2 outgoing links; depth 1."
100000002838861100,consolidator,0.9498813760379597,5,0.9150948991696323,Receives from 5 nodes (KZT 554.5k); sends to 1; incoming p0.98.
100000008560717100,consolidator,0.8152431791221827,10,0.7194024317912219,Receives from 7 nodes (KZT 529.0k); sends to 1; incoming p0.99.
100000008693069100,terminal,0.42304270462633453,22,0.25233540925266906,Receives from 1 nodes (KZT 20.0k); no observed outgoing links; depth 1.
100000008672162100,terminal,0.4048784104389087,22,0.22688686239620406,Receives from 1 nodes (KZT 15.6k); no observed outgoing links; depth 1.
100000007311010100,peripheral,0.14346085409252674,3,0.5326067615658363,"Limited observed structure: 2 incoming, 1 outgoing links; depth 1."
100000005505655100,peripheral,0.14346085409252674,13,0.4528692170818506,"Limited observed structure: 2 incoming, 1 outgoing links; depth 1."
100000004707703100,distributor,0.8985023724792409,16,0.817374703440095,Sends to 5 nodes (KZT 231.7k); receives from 2; outgoing p0.95.
100000004005964100,peripheral,0.06405693950177938,34,0.4491103202846975,"Limited observed structure: 3 incoming, 3 outgoing links; depth 1."
100000008244300100,terminal,0.7084074733096086,10,0.6993994661921707,Receives from 5 nodes (KZT 65.4k); no observed outgoing links; depth 1.
100000002692044100,terminal,0.5451512455516014,8,0.4164034697508897,Receives from 1 nodes (KZT 97.0k); no observed outgoing links; depth 1.
100000001103905100,terminal,0.41599940688018977,22,0.24201141755634636,Receives from 1 nodes (KZT 18.0k); no observed outgoing links; depth 1.
100000008755361100,terminal,0.3982799525504152,22,0.21805308422301306,Receives from 1 nodes (KZT 14.6k); no observed outgoing links; depth 1.
100000002810870100,terminal,0.46648873072360614,22,0.3107280545670225,Receives from 1 nodes (KZT 33.7k); no observed outgoing links; depth 1.
100000005897462100,terminal,0.5459667852906287,11,0.5529952550415185,Receives from 1 nodes (KZT 98.4k); no observed outgoing links; depth 1.
100000000941942100,terminal,0.5633896797153025,3,0.6168705516014236,Receives from 1 nodes (KZT 130.0k); no observed outgoing links; depth 1.
100000008723830100,transit,0.8556531571869987,16,0.7386352643857177,Pass-through 0.99; 2 incoming and 1 outgoing links; depth 1.
100000008776576100,terminal,0.3987247924080664,22,0.2192096678529063,Receives from 1 nodes (KZT 14.8k); no observed outgoing links; depth 1.
100000005432267100,terminal,0.7709074733096086,3,0.7576957295373666,Receives from 2 nodes (KZT 350.0k); no observed outgoing links; depth 1.
100000006745291100,terminal,0.5308422301304864,11,0.530908956109134,Receives from 1 nodes (KZT 82.5k); no observed outgoing links; depth 1.
100000008670667100,terminal,0.4044335705812574,22,0.22623072360616844,Receives from 1 nodes (KZT 15.5k); no observed outgoing links; depth 1.
100000002480800100,terminal,0.7964116251482799,3,0.8509934756820878,Receives from 2 nodes (KZT 569.3k); no observed outgoing links; depth 1.
100000002182176100,terminal,0.4822064056939502,0,0.4104314946619217,Receives from 1 nodes (KZT 42.5k); no observed outgoing links; depth 1.
100000008219168100,terminal,0.5051897983392646,2,0.3085928232502966,Receives from 1 nodes (KZT 53.2k); no observed outgoing links; depth 1.
100000004226848100,terminal,0.6156583629893239,3,0.6948843416370107,Receives from 1 nodes (KZT 301.9k); no observed outgoing links; depth 1.
100000006326645100,terminal,0.4439501779359431,22,0.2786699288256228,Receives from 1 nodes (KZT 25.3k); no observed outgoing links; depth 1.
100000003589877100,distributor,0.7631227758007118,42,0.752057384341637,Sends to 6 nodes (KZT 416.1k); receives from 2; outgoing p0.96.
100000003942602100,transit,0.724273428232503,22,0.41843490510083037,Pass-through 1.00; 1 incoming and 1 outgoing links; depth 1.
100000000922570100,transit,0.6216924497677853,8,0.4223603900220175,Pass-through 1.06; 1 incoming and 1 outgoing links; depth 1.
100000005079754100,peripheral,0.13589857651245552,3,0.522942615658363,"Limited observed structure: 1 incoming, 2 outgoing links; depth 1."
100000003187359100,terminal,0.4187425860023725,22,0.24623368920521949,Receives from 1 nodes (KZT 19.1k); no observed outgoing links; depth 1.
100000000998559100,terminal,0.5481168446026098,3,0.5923784104389087,Receives from 1 nodes (KZT 100.0k); no observed outgoing links; depth 1.
100000008690932100,terminal,0.43305160142348753,22,0.265625,Receives from 1 nodes (KZT 23.0k); no observed outgoing links; depth 1.
100000008773876100,terminal,0.445729537366548,22,0.2815169039145907,Receives from 1 nodes (KZT 26.1k); no observed outgoing links; depth 1.
100000006789108100,terminal,0.47405100830367736,11,0.4482725385527877,Receives from 1 nodes (KZT 37.5k); no observed outgoing links; depth 1.
100000004058740100,terminal,0.4575919335705813,22,0.29766088374851724,Receives from 1 nodes (KZT 30.0k); no observed outgoing links; depth 1.
100000007641801100,terminal,0.5917111506524318,2,0.43935349940688023,Receives from 1 nodes (KZT 200.0k); no observed outgoing links; depth 1.
100000000555721100,terminal,0.7055160142348754,0,0.5808051601423488,Receives from 2 nodes (KZT 113.0k); no observed outgoing links; depth 1.
100000008729801100,terminal,0.4134786476868328,22,0.23825622775800714,Receives from 1 nodes (KZT 17.5k); no observed outgoing links; depth 1.
100000004664905100,terminal,0.767497034400949,16,0.6976571767497035,Receives from 2 nodes (KZT 329.0k); no observed outgoing links; depth 1.
100000003057225100,terminal,0.6011269276393831,16,0.563782621589561,Receives from 1 nodes (KZT 236.0k); no observed outgoing links; depth 1.
100000000703902100,terminal,0.4445432977461447,22,0.2798413404507711,Receives from 1 nodes (KZT 25.5k); no observed outgoing links; depth 1.
100000008720798100,terminal,0.4044335705812574,22,0.22623072360616844,Receives from 1 nodes (KZT 15.5k); no observed outgoing links; depth 1.
100000001411870100,terminal,0.8098309608540925,2,0.6927824733096086,Receives from 2 nodes (KZT 900.0k); no observed outgoing links; depth 1.
100000008556318100,terminal,0.7333926453143534,3,0.7888641755634638,Receives from 2 nodes (KZT 180.1k); no observed outgoing links; depth 1.
100000002720627100,terminal,0.5903024911032029,11,0.6232651245551601,Receives from 1 nodes (KZT 199.3k); no observed outgoing links; depth 1.
100000003022835100,terminal,0.561758600237248,3,0.6136491696322658,Receives from 1 nodes (KZT 125.0k); no observed outgoing links; depth 1.
100000008304115100,terminal,0.5011120996441282,8,0.3484986654804271,Receives from 1 nodes (KZT 51.0k); no observed outgoing links; depth 1.
100000003886323100,peripheral,0.019572953736654797,16,0.5471863879003559,"Limited observed structure: 2 incoming, 1 outgoing links; depth 1."
100000000607731100,peripheral,0.2375444839857651,27,0.38498665480427047,"Limited observed structure: 1 incoming, 1 outgoing links; depth 1."
100000005961971100,terminal,0.4918446026097272,22,0.34773873072360617,Receives from 1 nodes (KZT 47.4k); no observed outgoing links; depth 1.
100000000440392100,terminal,0.552491103202847,16,0.4862989323843417,Receives from 1 nodes (KZT 105.7k); no observed outgoing links; depth 1.
100000004105288100,terminal,0.7439205219454331,3,0.776037959667853,Receives from 2 nodes (KZT 215.0k); no observed outgoing links; depth 1.
100000008169544100,distributor,0.6691874258600237,16,0.5765384045077105,Sends to 4 nodes (KZT 42.8k); receives from 1; outgoing p0.93.
100000004186824100,peripheral,0.14346085409252674,16,0.56423487544484,"Limited observed structure: 2 incoming, 1 outgoing links; depth 1."
100000008672200100,terminal,0.3739620403321471,22,0.18481613285883747,Receives from 1 nodes (KZT 8.5k); no observed outgoing links; depth 1.
100000002188829100,terminal,0.6300415183867142,3,0.7166740806642943,Receives from 1 nodes (KZT 400.0k); no observed outgoing links; depth 1.
100000008717341100,terminal,0.3982799525504152,22,0.21805308422301306,Receives from 1 nodes (KZT 14.6k); no observed outgoing links; depth 1.
100000002214301100,peripheral,0.2375444839857651,0,0.32449955516014234,"Limited observed structure: 1 incoming, 1 outgoing links; depth 1."
100000002565277100,terminal,0.6399762752075919,3,0.730567912218268,Receives from 1 nodes (KZT 483.3k); no observed outgoing links; depth 1.
100000005546031100,peripheral,0.06405693950177938,71,0.45862989323843417,"Limited observed structure: 3 incoming, 1 outgoing links; depth 1."
100000003449074100,terminal,0.38107947805456704,0,0.2723161328588375,Receives from 1 nodes (KZT 10.0k); no observed outgoing links; depth 1.
100000008748914100,distributor,0.9659697508896796,3,0.7905360320284698,Sends to 13 nodes (KZT 4.5m); receives from 2; outgoing p0.98.
100000004744306100,peripheral,0.13589857651245552,49,0.5859541814946619,"Limited observed structure: 1 incoming, 2 outgoing links; depth 1."
100000003158727100,consolidator,0.7505931198102016,2,0.7218008600237247,Receives from 3 nodes (KZT 367.9k); sends to 0; incoming p0.94.
100000001389255100,terminal,0.40821470937129306,22,0.23139086595492292,Receives from 1 nodes (KZT 16.1k); no observed outgoing links; depth 1.
100000008695495100,terminal,0.4288256227758007,22,0.2587522241992882,Receives from 1 nodes (KZT 21.0k); no observed outgoing links; depth 1.
100000004015047100,coordinator,0.9351645907473309,2,0.9526745996441282,Links 9 in/1 out; reached by 11 seeds; PageRank p0.99.
100000005183943100,terminal,0.6533214709371293,23,0.6290109727164888,Receives from 1 nodes (KZT 680.9k); no observed outgoing links; depth 1.
100000003004487100,consolidator,0.8129448398576513,36,0.7283919039145909,Receives from 4 nodes (KZT 183.7k); sends to 2; incoming p0.97.
100000003042994100,terminal,0.6115065243179122,16,0.5828365954922894,Receives from 1 nodes (KZT 286.1k); no observed outgoing links; depth 1.
100000001899164100,consolidator,0.9134786476868327,8,0.891970640569395,Receives from 4 nodes (KZT 291.7k); sends to 3; incoming p0.97.
100000003946524100,transit,0.7699029350253802,3,0.764228402795491,Pass-through 1.08; 2 incoming and 2 outgoing links; depth 1.
100000008717340100,terminal,0.4809460260972716,22,0.33246960260972713,Receives from 1 nodes (KZT 41.5k); no observed outgoing links; depth 1.
100000003831324100,terminal,0.7630486358244365,2,0.716940984578885,Receives from 2 nodes (KZT 300.0k); no observed outgoing links; depth 1.
100000008129393100,terminal,0.38107947805456704,83,0.2974051008303677,Receives from 1 nodes (KZT 10.0k); no observed outgoing links; depth 1.
100000004388209100,terminal,0.38893831553973907,22,0.2028840450771056,Receives from 1 nodes (KZT 11.8k); no observed outgoing links; depth 1.
100000000706545100,consolidator,0.9572953736654805,16,0.8695284697508898,Receives from 3 nodes (KZT 1.1m); sends to 1; incoming p0.94.
100000004497606100,terminal,0.4044335705812574,22,0.22623072360616844,Receives from 1 nodes (KZT 15.5k); no observed outgoing links; depth 1.
100000008470470100,terminal,0.46619217081850534,22,0.31025355871886123,Receives from 1 nodes (KZT 33.5k); no observed outgoing links; depth 1.
100000004318918100,terminal,0.5260972716488731,11,0.5235394424673785,Receives from 1 nodes (KZT 75.6k); no observed outgoing links; depth 1.
100000005228059100,terminal,0.4452846975088968,22,0.28102758007117434,Receives from 1 nodes (KZT 26.0k); no observed outgoing links; depth 1.
100000001609499100,consolidator,0.750741399762752,0,0.6764642645314354,Receives from 3 nodes (KZT 263.1k); sends to 2; incoming p0.94.
100000002824176100,terminal,0.5683570581257414,2,0.5140865954922895,Receives from 1 nodes (KZT 144.0k); no observed outgoing links; depth 1.
100000001363952100,peripheral,0.14346085409252674,1,0.4923042704626336,"Limited observed structure: 2 incoming, 1 outgoing links; depth 1."
100000001049200100,peripheral,0.0653914590747331,43,0.4227201957295374,"Limited observed structure: 2 incoming, 4 outgoing links; depth 1."
100000002662768100,terminal,0.5327698695136417,3,0.4165554567022538,Receives from 1 nodes (KZT 84.3k); no observed outgoing links; depth 1.
100000004737477100,transit,0.5672735274405748,0,0.5018606416466206,Pass-through 0.82; 2 incoming and 1 outgoing links; depth 1.
100000008680451100,terminal,0.43483096085409256,22,0.26841637010676156,Receives from 1 nodes (KZT 23.5k); no observed outgoing links; depth 1.
100000001952325100,terminal,0.5274317912218268,22,0.40200919335705815,Receives from 1 nodes (KZT 77.9k); no observed outgoing links; depth 1.
100000008751429100,consolidator,0.9194839857651246,9,0.7551379003558719,Receives from 3 nodes (KZT 386.2k); sends to 1; incoming p0.94.
100000001960517100,terminal,0.5917111506524318,2,0.5451697805456703,Receives from 1 nodes (KZT 200.0k); no observed outgoing links; depth 1.
100000008686234100,terminal,0.47716488730723605,0,0.4029211150652432,Receives from 1 nodes (KZT 39.8k); no observed outgoing links; depth 1.
100000004213658100,terminal,0.4442467378410439,22,0.2792556346381969,Receives from 1 nodes (KZT 25.3k); no observed outgoing links; depth 1.
100000001194266100,terminal,0.49762752075919336,3,0.51782325029656,Receives from 1 nodes (KZT 50.0k); no observed outgoing links; depth 1.
100000002243354100,terminal,0.4280842230130486,22,0.2578440094899169,Receives from 1 nodes (KZT 20.9k); no observed outgoing links; depth 1.
100000006069103100,transit,0.649029863483166,6,0.7751578217426776,Pass-through 1.18; 3 incoming and 3 outgoing links; depth 1.
100000002760175100,terminal,0.5862989323843416,11,0.6165258007117438,Receives from 1 nodes (KZT 187.4k); no observed outgoing links; depth 1.
100000003567087100,terminal,0.5154211150652431,22,0.3790109727164887,Receives from 1 nodes (KZT 62.1k); no observed outgoing links; depth 1.
100000008229700100,peripheral,0.2375444839857651,8,0.2461076512455516,"Limited observed structure: 1 incoming, 1 outgoing links; depth 1."
100000004076740100,distributor,0.8669187425860024,62,0.7942986358244365,Sends to 6 nodes (KZT 125.0k); receives from 3; outgoing p0.96.
100000003284932100,terminal,0.5207591933570581,3,0.5524985172004745,Receives from 1 nodes (KZT 69.9k); no observed outgoing links; depth 1.
100000008071620100,terminal,0.48976868327402134,0,0.4215302491103203,Receives from 1 nodes (KZT 47.0k); no observed outgoing links; depth 1.
100000003235780100,terminal,0.666073546856465,0,0.4845566429418742,Receives from 2 nodes (KZT 65.0k); no observed outgoing links; depth 1.
100000005363908100,transit,0.724273428232503,71,0.4895314353499407,Pass-through 1.00; 1 incoming and 1 outgoing links; depth 1.
100000001851289100,terminal,0.5541221826809015,16,0.4893534994068802,Receives from 1 nodes (KZT 109.5k); no observed outgoing links; depth 1.
100000002870937100,terminal,0.5323250296559905,2,0.34956257413997627,Receives from 1 nodes (KZT 83.7k); no observed outgoing links; depth 1.
100000002152857100,distributor,0.756005338078292,48,0.5669817615658364,Sends to 5 nodes (KZT 1.2m); receives from 1; outgoing p0.95.
100000002600345100,terminal,0.6522835112692763,16,0.49908066429418746,Receives from 2 nodes (KZT 52.4k); no observed outgoing links; depth 1.
100000002580377100,peripheral,0.2375444839857651,16,0.34142571174377223,"Limited observed structure: 1 incoming, 1 outgoing links; depth 1."
100000004094958100,transit,0.6815383854974604,71,0.5333627992213401,Pass-through 1.03; 1 incoming and 1 outgoing links; depth 1.
100000002609774100,peripheral,0.2375444839857651,18,0.30334741992882563,"Limited observed structure: 1 incoming, 1 outgoing links; depth 1."
100000002596035100,terminal,0.599644128113879,11,0.638211743772242,Receives from 1 nodes (KZT 231.6k); no observed outgoing links; depth 1.
100000004664515100,terminal,0.4744958481613286,0,0.39865065243179126,Receives from 1 nodes (KZT 37.7k); no observed outgoing links; depth 1.
100000000661912100,consolidator,0.9574436536180309,0,0.8669521055753262,Receives from 5 nodes (KZT 393.0k); sends to 2; incoming p0.98.
100000004144536100,terminal,0.7669780545670225,34,0.6573806346381968,Receives from 4 nodes (KZT 168.0k); no observed outgoing links; depth 1.
100000006177176100,terminal,0.37425860023724794,16,0.260179418742586,Receives from 1 nodes (KZT 8.9k); no observed outgoing links; depth 1.
100000002158488100,terminal,0.4633748517200475,22,0.30563463819691583,Receives from 1 nodes (KZT 31.7k); no observed outgoing links; depth 1.
100000000041368100,terminal,0.5772538552787664,3,0.6392200474495848,Receives from 1 nodes (KZT 160.0k); no observed outgoing links; depth 1.
100000008722328100,terminal,0.4359430604982206,22,0.2699177046263345,Receives from 1 nodes (KZT 23.7k); no observed outgoing links; depth 1.
100000008735384100,terminal,0.476423487544484,22,0.32662366548042704,Receives from 1 nodes (KZT 39.2k); no observed outgoing links; depth 1.
100000004480280100,peripheral,0.13589857651245552,3,0.5857095195729537,"Limited observed structure: 1 incoming, 2 outgoing links; depth 1."
100000004286573100,terminal,0.4098457888493476,8,0.22465895610913403,Receives from 1 nodes (KZT 16.6k); no observed outgoing links; depth 1.
100000001746925100,peripheral,0.2375444839857651,3,0.49965524911032033,"Limited observed structure: 1 incoming, 1 outgoing links; depth 1."
100000001660397100,transit,0.9088063036675796,0,0.6142011310770373,Pass-through 1.01; 2 incoming and 3 outgoing links; depth 1.
100000002591469100,terminal,0.6009786476868327,2,0.453403024911032,Receives from 1 nodes (KZT 235.7k); no observed outgoing links; depth 1.
100000002731501100,distributor,0.8926453143534993,34,0.7265198695136418,Sends to 7 nodes (KZT 834.0k); receives from 3; outgoing p0.96.
100000000089154100,distributor,0.6265569395017794,0,0.5170040035587189,Sends to 15 nodes (KZT 425.5k); receives from 1; outgoing p0.98.
100000008732098100,terminal,0.40561981020166077,22,0.22823991696322657,Receives from 1 nodes (KZT 15.7k); no observed outgoing links; depth 1.
100000005456919100,peripheral,0.030249110320284656,9,0.5292593416370107,"Limited observed structure: 2 incoming, 1 outgoing links; depth 1."
100000000507799100,peripheral,0.2375444839857651,19,0.2553047153024911,"Limited observed structure: 1 incoming, 1 outgoing links; depth 1."
100000008716439100,terminal,0.39071767497034404,22,0.20561981020166073,Receives from 1 nodes (KZT 12.3k); no observed outgoing links; depth 1.
100000002981527100,terminal,0.5807384341637011,5,0.4521018683274022,Receives from 1 nodes (KZT 168.0k); no observed outgoing links; depth 1.
100000002844652100,terminal,0.5146797153024911,2,0.32244217081850535,Receives from 1 nodes (KZT 61.4k); no observed outgoing links; depth 1.
100000002605548100,terminal,0.7069988137603795,11,0.6777950771055753,Receives from 2 nodes (KZT 116.7k); no observed outgoing links; depth 1.
100000002750956100,terminal,0.492141162514828,0,0.4239916963226572,Receives from 1 nodes (KZT 47.4k); no observed outgoing links; depth 1.
100000002982252100,terminal,0.427491103202847,22,0.25678380782918153,Receives from 1 nodes (KZT 20.3k); no observed outgoing links; depth 1.
100000000961900100,terminal,0.620329181494662,0,0.46546930604982206,Receives from 2 nodes (KZT 36.0k); no observed outgoing links; depth 1.
100000007175718100,terminal,0.42304270462633453,55,0.31667037366548045,Receives from 1 nodes (KZT 20.0k); no observed outgoing links; depth 1.
100000002306369100,distributor,0.7054418742586002,3,0.6030731020166072,Sends to 6 nodes (KZT 260.9k); receives from 1; outgoing p0.96.
100000000667713100,distributor,0.7350978647686833,16,0.6594417259786477,Sends to 6 nodes (KZT 79.2k); receives from 2; outgoing p0.96.
100000001072022100,consolidator,0.890717674970344,3,0.8647279062870701,Receives from 3 nodes (KZT 1.7m); sends to 0; incoming p0.94.
100000008116374100,terminal,0.462485172004745,16,0.35830367734282326,Receives from 1 nodes (KZT 31.3k); no observed outgoing links; depth 1.
100000000703894100,peripheral,0.2375444839857651,27,0.46771574733096083,"Limited observed structure: 1 incoming, 1 outgoing links; depth 1."
100000008066326100,terminal,0.4190391459074733,0,0.3235987544483986,Receives from 1 nodes (KZT 19.3k); no observed outgoing links; depth 1.
100000004662806100,peripheral,0.13589857651245552,8,0.5319283807829182,"Limited observed structure: 2 incoming, 2 outgoing links; depth 1."
100000005778283100,consolidator,0.8536476868327402,2,0.8209630782918149,Receives from 3 nodes (KZT 615.8k); sends to 0; incoming p0.94.
100000004408683100,terminal,0.7052194543297746,16,0.6364916963226572,Receives from 2 nodes (KZT 112.9k); no observed outgoing links; depth 1.
100000002704875100,terminal,0.7788404507710558,1,0.6448991696322657,Receives from 3 nodes (KZT 244.9k); no observed outgoing links; depth 1.
100000008349675100,peripheral,0.2375444839857651,2,0.2736098754448399,"Limited observed structure: 1 incoming, 1 outgoing links; depth 1."
100000006889963100,consolidator,0.8872330960854092,10,0.8814279359430606,Receives from 4 nodes (KZT 1.4m); sends to 1; incoming p0.97.
100000008771819100,terminal,0.47583036773428233,22,0.32589709371293,Receives from 1 nodes (KZT 38.9k); no observed outgoing links; depth 1.
100000008586731100,terminal,0.3896797153024911,8,0.1999555160142349,Receives from 1 nodes (KZT 12.0k); no observed outgoing links; depth 1.
100000005844459100,terminal,0.7520759193357058,0,0.654967378410439,Receives from 2 nodes (KZT 243.4k); no observed outgoing links; depth 1.
100000008172352100,distributor,0.8171708185053381,41,0.7977980427046265,Sends to 7 nodes (KZT 289.5k); receives from 3; outgoing p0.96.
100000001162560100,distributor,0.837485172004745,5,0.6404322360616845,Sends to 12 nodes (KZT 2.9m); receives from 1; outgoing p0.98.
100000008779584100,terminal,0.4626334519572954,22,0.3045596085409253,Receives from 1 nodes (KZT 31.4k); no observed outgoing links; depth 1.
100000007631637100,terminal,0.40361803084223014,22,0.22470344009489918,Receives from 1 nodes (KZT 15.3k); no observed outgoing links; depth 1.
100000007347733100,terminal,0.433570581257414,83,0.37505189798339267,Receives from 1 nodes (KZT 23.0k); no observed outgoing links; depth 1.
100000001463701100,terminal,0.7995255041518385,11,0.8221456109134045,Receives from 2 nodes (KZT 621.0k); no observed outgoing links; depth 1.
100000008664469100,terminal,0.44165183867141167,3,0.43977239027283516,Receives from 1 nodes (KZT 25.0k); no observed outgoing links; depth 1.
100000003923946100,distributor,0.8491992882562278,2,0.6926490213523132,Sends to 4 nodes (KZT 675.0k); receives from 1; outgoing p0.93.
100000006562026100,terminal,0.6740806642941873,83,0.614094009489917,Receives from 2 nodes (KZT 75.0k); no observed outgoing links; depth 1.
100000008776298100,terminal,0.48265124555160144,22,0.33547597864768686,Receives from 1 nodes (KZT 42.8k); no observed outgoing links; depth 1.
100000006446271100,terminal,0.6771204033214708,3,0.6512863285883749,Receives from 2 nodes (KZT 80.0k); no observed outgoing links; depth 1.
100000004588479100,terminal,0.5837781731909846,16,0.5371367141162515,Receives from 1 nodes (KZT 177.6k); no observed outgoing links; depth 1.
100000002324543100,terminal,0.4601126927639383,5,0.2731687425860024,Receives from 1 nodes (KZT 30.2k); no observed outgoing links; depth 1.
100000007129492100,peripheral,0.14346085409252674,11,0.49708629893238443,"Limited observed structure: 2 incoming, 1 outgoing links; depth 1."
100000003877908100,terminal,0.4783511269276394,3,0.4910401838671412,Receives from 1 nodes (KZT 40.0k); no observed outgoing links; depth 1.
100000002748180100,distributor,0.6392348754448399,24,0.4485653914590748,Sends to 8 nodes (KZT 679.7k); receives from 1; outgoing p0.97.
100000000945428100,terminal,0.5378113879003559,0,0.4927268683274022,Receives from 1 nodes (KZT 89.6k); no observed outgoing links; depth 1.
100000003115284100,coordinator,0.9559052491103203,11,0.9700150133451958,Links 8 in/2 out; reached by 11 seeds; PageRank p0.97.
100000005394708100,peripheral,0.2375444839857651,49,0.4103758896797153,"Limited observed structure: 1 incoming, 1 outgoing links; depth 1."
100000008747113100,terminal,0.7381376037959667,10,0.6910290628707,Receives from 2 nodes (KZT 197.8k); no observed outgoing links; depth 1.
100000004491881100,terminal,0.41110616844602604,22,0.23523873072360618,Receives from 1 nodes (KZT 17.1k); no observed outgoing links; depth 1.
100000006008169100,terminal,0.5215747330960855,8,0.38023798932384345,Receives from 1 nodes (KZT 70.0k); no observed outgoing links; depth 1.
100000002681449100,peripheral,0.13589857651245552,42,0.4499888790035588,"Limited observed structure: 2 incoming, 2 outgoing links; depth 1."
100000002645609100,consolidator,0.8265865954922894,0,0.7144535883748517,Receives from 4 nodes (KZT 546.8k); sends to 0; incoming p0.97.
100000006369769100,terminal,0.4783511269276394,22,0.328929418742586,Receives from 1 nodes (KZT 40.0k); no observed outgoing links; depth 1.
100000002173161100,consolidator,0.8739620403321471,16,0.8381857947805458,Receives from 3 nodes (KZT 1.4m); sends to 0; incoming p0.94.
100000008686313100,distributor,0.8969454329774614,0,0.813104240806643,Sends to 7 nodes (KZT 333.8k); receives from 6; outgoing p0.96.
100000004692798100,peripheral,0.015569395017793641,8,0.5087967081850534,"Limited observed structure: 2 incoming, 1 outgoing links; depth 1."
100000002939838100,consolidator,0.8404507710557533,16,0.818442319098458,Receives from 3 nodes (KZT 571.2k); sends to 0; incoming p0.94.
100000003119550100,terminal,0.4288256227758007,22,0.2587522241992882,Receives from 1 nodes (KZT 21.0k); no observed outgoing links; depth 1.
100000004315838100,peripheral,0.14346085409252674,3,0.4622553380782919,"Limited observed structure: 2 incoming, 1 outgoing links; depth 1."
100000002671806100,terminal,0.3916073546856465,8,0.20237247924080665,Receives from 1 nodes (KZT 12.4k); no observed outgoing links; depth 1.
100000008716222100,terminal,0.41599940688018977,22,0.24201141755634636,Receives from 1 nodes (KZT 18.0k); no observed outgoing links; depth 1.
100000005496254100,terminal,0.39234875444839856,0,0.2856761565836299,Receives from 1 nodes (KZT 12.7k); no observed outgoing links; depth 1.
100000004622227100,peripheral,0.08896797153024916,0,0.31827179715302495,"Limited observed structure: 1 incoming, 3 outgoing links; depth 1."
100000000274067100,distributor,0.8718861209964412,2,0.7103091637010677,Sends to 3 nodes (KZT 3.0m); receives from 2; outgoing p0.91.
100000008782056100,terminal,0.4543297746144721,22,0.29405397390272836,Receives from 1 nodes (KZT 29.1k); no observed outgoing links; depth 1.
100000006788200100,consolidator,0.7862544483985765,2,0.7064056939501779,Receives from 4 nodes (KZT 272.2k); sends to 3; incoming p0.97.
100000001164648100,terminal,0.5437425860023725,46,0.3720121589561091,Receives from 2 nodes (KZT 13.7k); no observed outgoing links; depth 1.
100000005133757100,terminal,0.666073546856465,1,0.6084223013048636,Receives from 2 nodes (KZT 65.0k); no observed outgoing links; depth 1.
100000006445501100,terminal,0.5403321470937129,11,0.5434237841043891,Receives from 1 nodes (KZT 91.0k); no observed outgoing links; depth 1.
100000004390333100,distributor,0.7185646500593119,0,0.6314538849347568,Sends to 9 nodes (KZT 506.5k); receives from 2; outgoing p0.97.
100000001641789100,terminal,0.41473902728351125,2,0.5679418742586002,Receives from 1 nodes (KZT 17.8k); no observed outgoing links; depth 1.
100000000968253100,terminal,0.4010231316725979,22,0.22171930604982207,Receives from 1 nodes (KZT 15.0k); no observed outgoing links; depth 1.
100000001527186100,terminal,0.6531731909845789,3,0.7520166073546857,Receives from 1 nodes (KZT 678.0k); no observed outgoing links; depth 1.
100000005852946100,terminal,0.43668446026097274,3,0.43288107947805465,Receives from 1 nodes (KZT 23.7k); no observed outgoing links; depth 1.
100000001530983100,distributor,0.8625444839857651,16,0.7752335409252669,Sends to 11 nodes (KZT 1.8m); receives from 4; outgoing p0.98.
100000008221543100,terminal,0.7950771055753263,28,0.7086447212336893,Receives from 2 nodes (KZT 542.0k); no observed outgoing links; depth 1.
100000001937767100,coordinator,0.819895462633452,40,0.9002696841637011,Links 1 in/4 out; reached by 11 seeds; PageRank p0.94.
100000002462183100,terminal,0.553232502965599,55,0.4917778766310795,Receives from 1 nodes (KZT 107.5k); no observed outgoing links; depth 1.
100000001805543100,terminal,0.5115658362989324,16,0.42471085409252674,Receives from 1 nodes (KZT 59.0k); no observed outgoing links; depth 1.
100000002606567100,peripheral,0.2375444839857651,0,0.3469862099644128,"Limited observed structure: 1 incoming, 1 outgoing links; depth 1."
100000007281639100,terminal,0.7446619217081851,16,0.6383229537366549,Receives from 2 nodes (KZT 216.8k); no observed outgoing links; depth 1.
100000002991079100,peripheral,0.14346085409252674,16,0.5332295373665481,"Limited observed structure: 2 incoming, 1 outgoing links; depth 1."
100000002847207100,terminal,0.4885824436536181,3,0.5066874258600238,Receives from 1 nodes (KZT 46.2k); no observed outgoing links; depth 1.
100000000011452100,peripheral,0.06405693950177938,0,0.5235765124555161,"Limited observed structure: 3 incoming, 1 outgoing links; depth 1."
100000003148220100,peripheral,0.0529359430604982,52,0.42453291814946625,"Limited observed structure: 1 incoming, 2 outgoing links; depth 1."
100000002479804100,peripheral,0.13589857651245552,3,0.31344528469750893,"Limited observed structure: 1 incoming, 2 outgoing links; depth 1."
100000008745489100,terminal,0.5087485172004745,22,0.36966933570581256,Receives from 1 nodes (KZT 55.5k); no observed outgoing links; depth 1.
100000002289937100,terminal,0.42304270462633453,22,0.25233540925266906,Receives from 1 nodes (KZT 20.0k); no observed outgoing links; depth 1.
100000004679953100,peripheral,0.06405693950177938,1,0.5268238434163701,"Limited observed structure: 3 incoming, 3 outgoing links; depth 1."
100000003066385100,terminal,0.571767497034401,0,0.4073991696322657,Receives from 2 nodes (KZT 20.0k); no observed outgoing links; depth 1.
100000008744849100,terminal,0.4844306049822064,22,0.33887900355871886,Receives from 1 nodes (KZT 44.4k); no observed outgoing links; depth 1.
100000005093521100,terminal,0.4030990510083037,3,0.38642867734282327,Receives from 1 nodes (KZT 15.2k); no observed outgoing links; depth 1.
100000006518161100,consolidator,0.935349940688019,16,0.8525096381969158,Receives from 3 nodes (KZT 594.2k); sends to 2; incoming p0.94.
100000001126374100,peripheral,0.030916370106761515,0,0.4765235765124556,"Limited observed structure: 4 incoming, 2 outgoing links; depth 1."
100000004509286100,terminal,0.4783511269276394,3,0.4910401838671412,Receives from 1 nodes (KZT 40.0k); no observed outgoing links; depth 1.
100000005056870100,terminal,0.42304270462633453,55,0.31667037366548045,Receives from 1 nodes (KZT 20.0k); no observed outgoing links; depth 1.
100000008708368100,terminal,0.4359430604982206,22,0.2699177046263345,Receives from 1 nodes (KZT 23.7k); no observed outgoing links; depth 1.
100000005895525100,terminal,0.5601275207591934,55,0.5013085705812574,Receives from 1 nodes (KZT 120.0k); no observed outgoing links; depth 1.
100000008716773100,terminal,0.40561981020166077,22,0.22823991696322657,Receives from 1 nodes (KZT 15.7k); no observed outgoing links; depth 1.
100000002778085100,terminal,0.5186832740213524,16,0.4367660142348755,Receives from 1 nodes (KZT 66.2k); no observed outgoing links; depth 1.
100000007055802100,consolidator,0.97679418742586,0,0.8764605575326216,Receives from 6 nodes (KZT 2.0m); sends to 1; incoming p0.99.
100000003071930100,consolidator,0.8048635824436537,5,0.7803084223013049,Receives from 3 nodes (KZT 477.6k); sends to 1; incoming p0.94.
100000002941114100,peripheral,0.01868327402135228,11,0.6259675266903916,"Limited observed structure: 2 incoming, 1 outgoing links; depth 1."
100000003888271100,peripheral,0.13589857651245552,23,0.25121218861209965,"Limited observed structure: 1 incoming, 2 outgoing links; depth 1."
100000007507343100,terminal,0.6254448398576512,58,0.6079848754448399,Receives from 1 nodes (KZT 370.0k); no observed outgoing links; depth 1.
100000008002020100,peripheral,0.2375444839857651,8,0.34313834519572955,"Limited observed structure: 1 incoming, 1 outgoing links; depth 1."
100000001872484100,distributor,0.9497330960854092,39,0.7678047153024911,Sends to 3 nodes (KZT 514.6k); receives from 1; outgoing p0.91.
100000008769636100,terminal,0.43371886120996445,22,0.26630338078291815,Receives from 1 nodes (KZT 23.1k); no observed outgoing links; depth 1.
100000004135268100,distributor,0.9549228944246737,58,0.7939464709371293,Sends to 3 nodes (KZT 1.0m); receives from 2; outgoing p0.91.
100000005316708100,peripheral,0.13589857651245552,2,0.37120774021352315,"Limited observed structure: 1 incoming, 2 outgoing links; depth 1."
100000008671929100,terminal,0.525355871886121,3,0.5605204626334519,Receives from 1 nodes (KZT 75.0k); no observed outgoing links; depth 1.
100000005287097100,distributor,0.7658659549228943,16,0.6770870403321471,Sends to 9 nodes (KZT 697.3k); receives from 2; outgoing p0.97.
100000007283257100,terminal,0.5883007117437723,73,0.5240324733096086,Receives from 1 nodes (KZT 192.0k); no observed outgoing links; depth 1.
100000004847758100,distributor,0.7666814946619217,3,0.6825733985765126,Sends to 15 nodes (KZT 488.8k); receives from 4; outgoing p0.98.
100000008737422100,terminal,0.5268386714116252,22,0.4009489916963227,Receives from 1 nodes (KZT 76.9k); no observed outgoing links; depth 1.
100000008555918100,peripheral,0.13589857651245552,3,0.5526356761565837,"Limited observed structure: 1 incoming, 2 outgoing links; depth 1."
100000008094734100,terminal,0.787514827995255,0,0.7307755041518387,Receives from 4 nodes (KZT 236.2k); no observed outgoing links; depth 1.
100000006952718100,terminal,0.5232799525504152,16,0.443564650059312,Receives from 1 nodes (KZT 71.5k); no observed outgoing links; depth 1.
100000005339662100,peripheral,0.022686832740213547,4,0.6256561387900356,"Limited observed structure: 4 incoming, 4 outgoing links; depth 1."
100000001716579100,terminal,0.3954626334519573,22,0.2141014234875445,Receives from 1 nodes (KZT 13.9k); no observed outgoing links; depth 1.
100000002774456100,terminal,0.5002965599051009,11,0.48303677342823254,Receives from 1 nodes (KZT 50.4k); no observed outgoing links; depth 1.
100000004394765100,consolidator,0.8367437722419929,16,0.7561054270462634,Receives from 3 nodes (KZT 603.8k); sends to 2; incoming p0.94.
100000004004621100,terminal,0.7009934756820878,12,0.6319765717674972,Receives from 3 nodes (KZT 75.4k); no observed outgoing links; depth 1.
100000000907277100,terminal,0.4134786476868328,22,0.23825622775800714,Receives from 1 nodes (KZT 17.5k); no observed outgoing links; depth 1.
100000003835149100,peripheral,0.005782918149466187,21,0.4832072953736655,"Limited observed structure: 1 incoming, 2 outgoing links; depth 1."
100000004254434100,terminal,0.4844306049822064,22,0.33887900355871886,Receives from 1 nodes (KZT 44.4k); no observed outgoing links; depth 1.
100000003635170100,distributor,0.9215599051008304,53,0.905167556346382,Sends to 4 nodes (KZT 253.5k); receives from 3; outgoing p0.93.
100000006687202100,terminal,0.49762752075919336,0,0.43149095492289447,Receives from 1 nodes (KZT 50.0k); no observed outgoing links; depth 1.
100000006030946100,terminal,0.5241696322657177,22,0.3964561091340451,Receives from 1 nodes (KZT 73.3k); no observed outgoing links; depth 1.
100000002615479100,terminal,0.5969009489916963,5,0.4757376927639383,Receives from 1 nodes (KZT 220.0k); no observed outgoing links; depth 1.
100000002952631100,terminal,0.4928825622775801,16,0.40037811387900357,Receives from 1 nodes (KZT 48.0k); no observed outgoing links; depth 1.
100000002890167100,terminal,0.5591637010676157,16,0.4960854092526691,Receives from 1 nodes (KZT 118.2k); no observed outgoing links; depth 1.
100000008687671100,terminal,0.47405100830367736,22,0.32193801897983393,Receives from 1 nodes (KZT 37.5k); no observed outgoing links; depth 1.
100000000810551100,peripheral,0.2375444839857651,3,0.5385453736654805,"Limited observed structure: 1 incoming, 1 outgoing links; depth 1."
100000008724279100,terminal,0.38879003558718866,16,0.2744217081850534,Receives from 1 nodes (KZT 11.8k); no observed outgoing links; depth 1.
100000002592567100,peripheral,0.13589857651245552,16,0.30227980427046264,"Limited observed structure: 1 incoming, 2 outgoing links; depth 1."
100000002670860100,terminal,0.7849199288256227,24,0.5992326512455516,Receives from 2 nodes (KZT 450.0k); no observed outgoing links; depth 1.
100000002844897100,terminal,0.38686239620403323,5,0.19077698695136416,Receives from 1 nodes (KZT 10.8k); no observed outgoing links; depth 1.
100000007938486100,terminal,0.4770166073546857,22,0.3273502372479241,Receives from 1 nodes (KZT 39.5k); no observed outgoing links; depth 1.
100000008438656100,peripheral,0.14346085409252674,3,0.5018238434163701,"Limited observed structure: 2 incoming, 1 outgoing links; depth 1."
100000008304139100,distributor,0.819988137603796,3,0.7301638493475682,Sends to 24 nodes (KZT 1.7m); receives from 4; outgoing p0.99.
100000002597003100,peripheral,0.2375444839857651,0,0.3167370996441281,"Limited observed structure: 1 incoming, 1 outgoing links; depth 1."
100000002830055100,terminal,0.3962781731909846,22,0.2149614472123369,Receives from 1 nodes (KZT 14.0k); no observed outgoing links; depth 1.
100000004299488100,consolidator,0.9782769869513642,0,0.8834037663107949,Receives from 6 nodes (KZT 1.7m); sends to 2; incoming p0.99.
100000002809568100,terminal,0.38107947805456704,0,0.2723161328588375,Receives from 1 nodes (KZT 10.0k); no observed outgoing links; depth 1.
100000004784224100,peripheral,0.2375444839857651,21,0.3771241103202847,"Limited observed structure: 1 incoming, 1 outgoing links; depth 1."
100000003123296100,terminal,0.5354389086595492,8,0.40169780545670225,Receives from 1 nodes (KZT 86.2k); no observed outgoing links; depth 1.
100000004130144100,terminal,0.5917111506524318,2,0.43935349940688023,Receives from 1 nodes (KZT 200.0k); no observed outgoing links; depth 1.
100000001253557100,terminal,0.7846233689205219,42,0.7551972123368921,Receives from 5 nodes (KZT 210.2k); no observed outgoing links; depth 1.
100000008767925100,terminal,0.41110616844602604,22,0.23523873072360618,Receives from 1 nodes (KZT 17.1k); no observed outgoing links; depth 1.
100000007181706100,terminal,0.7322064056939501,3,0.7062277580071176,Receives from 2 nodes (KZT 176.3k); no observed outgoing links; depth 1.
100000003366154100,distributor,0.739991103202847,3,0.7285920818505338,Sends to 3 nodes (KZT 289.2k); receives from 1; outgoing p0.91.
100000007641183100,terminal,0.451438315539739,16,0.34357577105575327,Receives from 1 nodes (KZT 28.0k); no observed outgoing links; depth 1.
100000008663007100,terminal,0.3962781731909846,22,0.2149614472123369,Receives from 1 nodes (KZT 14.0k); no observed outgoing links; depth 1.
100000007334196100,terminal,0.5726571767497034,11,0.5942541518386715,Receives from 1 nodes (KZT 150.0k); no observed outgoing links; depth 1.
100000003873332100,distributor,0.6294483985765124,43,0.5319061387900356,Sends to 4 nodes (KZT 286.0k); receives from 1; outgoing p0.93.
100000001550388100,terminal,0.49762752075919336,0,0.43149095492289447,Receives from 1 nodes (KZT 50.0k); no observed outgoing links; depth 1.
100000008718089100,terminal,0.4044335705812574,22,0.22623072360616844,Receives from 1 nodes (KZT 15.5k); no observed outgoing links; depth 1.
100000008728457100,terminal,0.48658066429418745,11,0.46648502372479245,Receives from 1 nodes (KZT 45.0k); no observed outgoing links; depth 1.
100000004206046100,terminal,0.38819691577698695,16,0.2732502965599051,Receives from 1 nodes (KZT 11.1k); no observed outgoing links; depth 1.
100000006579678100,distributor,0.938241399762752,16,0.8495736951364176,Sends to 6 nodes (KZT 1.7m); receives from 2; outgoing p0.96.
100000002988894100,distributor,0.7833629893238433,3,0.7726312277580072,Sends to 3 nodes (KZT 77.5k); receives from 1; outgoing p0.91.
100000008749406100,terminal,0.41110616844602604,22,0.23523873072360618,Receives from 1 nodes (KZT 17.1k); no observed outgoing links; depth 1.
100000005584222100,peripheral,0.06049822064056942,0,0.6004893238434164,"Limited observed structure: 2 incoming, 2 outgoing links; depth 1."
100000003239859100,terminal,0.41763048635824435,8,0.2351126927639383,Receives from 1 nodes (KZT 18.6k); no observed outgoing links; depth 1.
100000003980083100,terminal,0.4575919335705813,61,0.4388419335705813,Receives from 1 nodes (KZT 30.0k); no observed outgoing links; depth 1.
100000004351795100,distributor,0.8150948991696323,0,0.7257710557532623,Sends to 14 nodes (KZT 1.7m); receives from 3; outgoing p0.98.
100000002666248100,terminal,0.5225385527876631,3,0.5543446026097272,Receives from 1 nodes (KZT 70.0k); no observed outgoing links; depth 1.
100000005877725100,terminal,0.5215747330960855,22,0.3913589857651246,Receives from 1 nodes (KZT 70.0k); no observed outgoing links; depth 1.
100000001697501100,distributor,0.9438018979833926,22,0.7707591933570582,Sends to 38 nodes (KZT 1.5m); receives from 3; outgoing p1.00.
100000006972210100,consolidator,0.8045670225385528,5,0.7590265421115066,Receives from 3 nodes (KZT 488.8k); sends to 0; incoming p0.94.
100000008749618100,terminal,0.4916963226571767,22,0.3473902728351127,Receives from 1 nodes (KZT 47.3k); no observed outgoing links; depth 1.
100000008671026100,terminal,0.43483096085409256,22,0.26841637010676156,Receives from 1 nodes (KZT 23.5k); no observed outgoing links; depth 1.
100000001696818100,terminal,0.5054863582443654,3,0.37134489916963226,Receives from 1 nodes (KZT 53.5k); no observed outgoing links; depth 1.
100000008679986100,terminal,0.41837188612099646,22,0.2456405693950178,Receives from 1 nodes (KZT 19.0k); no observed outgoing links; depth 1.
100000003616818100,peripheral,0.06405693950177938,34,0.4889902135231317,"Limited observed structure: 3 incoming, 3 outgoing links; depth 1."
100000004156082100,distributor,0.9704181494661922,4,0.8802713523131673,Sends to 26 nodes (KZT 2.3m); receives from 5; outgoing p0.99.
100000008667058100,terminal,0.4134786476868328,22,0.23825622775800714,Receives from 1 nodes (KZT 17.5k); no observed outgoing links; depth 1.
100000008628231100,peripheral,0.1054270462633452,74,0.5389234875444839,"Limited observed structure: 1 incoming, 2 outgoing links; depth 1."
100000008749063100,terminal,0.41837188612099646,22,0.2456405693950178,Receives from 1 nodes (KZT 19.0k); no observed outgoing links; depth 1.
100000004494983100,terminal,0.46938018979833923,22,0.3145203143534994,Receives from 1 nodes (KZT 35.0k); no observed outgoing links; depth 1.
100000007648946100,peripheral,0.2375444839857651,12,0.33884564056939503,"Limited observed structure: 1 incoming, 1 outgoing links; depth 1."
100000003037660100,terminal,0.5043742586002372,3,0.5263382265717675,Receives from 1 nodes (KZT 53.0k); no observed outgoing links; depth 1.
100000002679516100,terminal,0.7262010676156584,8,0.6966637010676158,Receives from 3 nodes (KZT 102.3k); no observed outgoing links; depth 1.
100000005588444100,terminal,0.3911625148279953,2,0.191429418742586,Receives from 1 nodes (KZT 12.3k); no observed outgoing links; depth 1.
100000001307612100,terminal,0.47553380782918153,22,0.324644128113879,Receives from 1 nodes (KZT 38.5k); no observed outgoing links; depth 1.
100000003001564100,peripheral,0.2375444839857651,16,0.3903136120996441,"Limited observed structure: 1 incoming, 1 outgoing links; depth 1."
100000002762076100,peripheral,0.14346085409252674,2,0.400511565836299,"Limited observed structure: 2 incoming, 1 outgoing links; depth 1."
100000005514161100,consolidator,0.9145166073546855,2,0.8981242586002371,Receives from 4 nodes (KZT 401.5k); sends to 1; incoming p0.97.
100000008746673100,terminal,0.5048932384341637,22,0.3643905693950178,Receives from 1 nodes (KZT 53.0k); no observed outgoing links; depth 1.
100000003265158100,consolidator,0.7998220640569395,8,0.7983652135231317,Receives from 3 nodes (KZT 146.1k); sends to 2; incoming p0.94.
100000001567366100,terminal,0.6588078291814946,16,0.6602980427046263,Receives from 1 nodes (KZT 824.1k); no observed outgoing links; depth 1.
100000008777088100,terminal,0.41599940688018977,22,0.24201141755634636,Receives from 1 nodes (KZT 18.0k); no observed outgoing links; depth 1.
100000002589019100,terminal,0.46841637010676157,8,0.30391459074733096,Receives from 1 nodes (KZT 34.7k); no observed outgoing links; depth 1.
100000008666075100,terminal,0.44839857651245557,22,0.28434163701067616,Receives from 1 nodes (KZT 26.2k); no observed outgoing links; depth 1.
100000008137435100,distributor,0.8058274021352313,29,0.7178047153024911,Sends to 6 nodes (KZT 1.4m); receives from 2; outgoing p0.96.
100000004403675100,distributor,0.9023576512455516,49,0.8274577402135233,Sends to 5 nodes (KZT 264.7k); receives from 4; outgoing p0.95.
100000004677680100,peripheral,0.04314946619217086,11,0.6450066725978648,"Limited observed structure: 2 incoming, 1 outgoing links; depth 1."
100000005958064100,peripheral,0.13589857651245552,40,0.34798709964412816,"Limited observed structure: 1 incoming, 2 outgoing links; depth 1."
100000002881669100,terminal,0.41763048635824435,8,0.2351126927639383,Receives from 1 nodes (KZT 18.6k); no observed outgoing links; depth 1.
100000002938501100,peripheral,0.2375444839857651,16,0.2583518683274021,"Limited observed structure: 1 incoming, 1 outgoing links; depth 1."
100000006734554100,peripheral,0.2375444839857651,27,0.3427157473309609,"Limited observed structure: 1 incoming, 1 outgoing links; depth 1."
100000008003034100,peripheral,0.0653914590747331,12,0.33215080071174385,"Limited observed structure: 1 incoming, 4 outgoing links; depth 1."
100000003970394100,terminal,0.5340302491103203,8,0.399721975088968,Receives from 1 nodes (KZT 85.0k); no observed outgoing links; depth 1.
100000003205210100,terminal,0.5655397390272835,3,0.6218119810201661,Receives from 1 nodes (KZT 137.6k); no observed outgoing links; depth 1.
100000004559194100,terminal,0.6107651245551602,16,0.5816503558718862,Receives from 1 nodes (KZT 282.1k); no observed outgoing links; depth 1.
100000008173359100,terminal,0.36773428232502964,16,0.251964709371293,Receives from 1 nodes (KZT 6.1k); no observed outgoing links; depth 1.
100000007953156100,peripheral,0.2375444839857651,40,0.5335298042704626,"Limited observed structure: 1 incoming, 1 outgoing links; depth 2."
100000002224132100,consolidator,0.9936239620403322,21,0.8501631079478055,Receives from 5 nodes (KZT 4.0m); sends to 4; incoming p0.98.
100000008547844100,distributor,0.858244365361803,42,0.8261936536180309,Sends to 19 nodes (KZT 2.0m); receives from 3; outgoing p0.99.
100000002635780100,terminal,0.5781435349940688,2,0.7118846381969158,Receives from 1 nodes (KZT 163.0k); no observed outgoing links; depth 2.
100000001279875100,terminal,0.49466192170818507,24,0.3781583629893238,Receives from 1 nodes (KZT 49.2k); no observed outgoing links; depth 2.
100000001961048100,terminal,0.5716192170818505,33,0.5263567615658362,Receives from 1 nodes (KZT 150.0k); no observed outgoing links; depth 2.
100000000993112100,terminal,0.5673932384341637,41,0.659730871886121,Receives from 1 nodes (KZT 141.0k); no observed outgoing links; depth 2.
100000005547096100,peripheral,0.05693950177935947,71,0.48818950177935944,"Limited observed structure: 1 incoming, 2 outgoing links; depth 2."
100000000331309100,distributor,0.9793890865954923,10,0.886773428232503,Sends to 99 nodes (KZT 23.0m); receives from 5; outgoing p1.00.
100000006684930100,terminal,0.38107947805456704,12,0.4301008303677343,Receives from 1 nodes (KZT 10.0k); no observed outgoing links; depth 2.
100000004479404100,peripheral,0.037811387900355875,51,0.6254114768683275,"Limited observed structure: 2 incoming, 1 outgoing links; depth 2."
100000004134060100,terminal,0.5369217081850534,35,0.5910142348754448,Receives from 1 nodes (KZT 88.2k); no observed outgoing links; depth 2.
100000001083990100,terminal,0.49555160142348753,8,0.6075622775800712,Receives from 1 nodes (KZT 49.9k); no observed outgoing links; depth 2.
100000004573782100,terminal,0.4010231316725979,2,0.3110209074733096,Receives from 1 nodes (KZT 15.0k); no observed outgoing links; depth 2.
100000005660203100,peripheral,0.05204626334519569,16,0.5991770462633452,"Limited observed structure: 1 incoming, 2 outgoing links; depth 2."
100000008771627100,terminal,0.4093268090154211,22,0.2517978944246738,Receives from 1 nodes (KZT 16.5k); no observed outgoing links; depth 2.
100000000031787100,transit,0.7581553973902729,2,0.6010602016607355,Pass-through 1.00; 1 incoming and 2 outgoing links; depth 2.
100000001346560100,coordinator,0.8717193060498221,3,0.7822203069395018,Links 2 in/1 out; reached by 11 seeds; PageRank p0.88.
100000001703168100,peripheral,0.2375444839857651,3,0.41469083629893244,"Limited observed structure: 1 incoming, 1 outgoing links; depth 2."
100000004904960100,terminal,0.6128410438908659,0,0.7017422894424674,Receives from 2 nodes (KZT 32.0k); no observed outgoing links; depth 2.
100000004467157100,peripheral,0.2375444839857651,62,0.45450400355871884,"Limited observed structure: 1 incoming, 1 outgoing links; depth 2."
100000008346837100,distributor,0.9286773428232503,12,0.8408437129300118,Sends to 25 nodes (KZT 1.3m); receives from 9; outgoing p0.99.
100000006385877100,peripheral,0.011120996441281172,5,0.4465413701067616,"Limited observed structure: 1 incoming, 1 outgoing links; depth 2."
100000002459093100,peripheral,0.12344306049822062,48,0.4639902135231317,"Limited observed structure: 1 incoming, 1 outgoing links; depth 2."
100000005053653100,peripheral,0.14346085409252674,12,0.45956405693950186,"Limited observed structure: 2 incoming, 1 outgoing links; depth 2."
100000001557930100,terminal,0.46826809015421117,2,0.30901542111506525,Receives from 1 nodes (KZT 34.6k); no observed outgoing links; depth 2.
100000002820010100,terminal,0.4575919335705813,2,0.29393534994068804,Receives from 1 nodes (KZT 30.0k); no observed outgoing links; depth 2.
100000000769919100,terminal,0.6049822064056939,37,0.5959297153024911,Receives from 1 nodes (KZT 250.0k); no observed outgoing links; depth 2.
100000003188607100,peripheral,0.2375444839857651,2,0.320095640569395,"Limited observed structure: 1 incoming, 1 outgoing links; depth 2."
100000002836052100,terminal,0.4010231316725979,3,0.4739879893238434,Receives from 1 nodes (KZT 15.0k); no observed outgoing links; depth 2.
100000001102676100,transit,0.724273428232503,3,0.6470492289442468,Pass-through 1.00; 1 incoming and 1 outgoing links; depth 2.
100000003390036100,coordinator,0.9199288256227758,11,0.911032028469751,Links 2 in/2 out; reached by 11 seeds; PageRank p0.97.
100000008335401100,terminal,0.5716192170818505,18,0.7044483985765124,Receives from 1 nodes (KZT 150.0k); no observed outgoing links; depth 2.
100000006994985100,peripheral,0.2241992882562278,2,0.5105983096085409,"Limited observed structure: 1 incoming, 1 outgoing links; depth 2."
100000008356606100,terminal,0.729982206405694,12,0.7096975088967973,Receives from 2 nodes (KZT 168.5k); no observed outgoing links; depth 2.
100000007930878100,terminal,0.36017200474495853,23,0.34936239620403325,Receives from 1 nodes (KZT 5.0k); no observed outgoing links; depth 2.
100000008389800100,distributor,0.875,16,0.793193950177936,Sends to 7 nodes (KZT 401.6k); receives from 3; outgoing p0.96.
100000005474472100,terminal,0.5481168446026098,21,0.5273539442467379,Receives from 1 nodes (KZT 100.0k); no observed outgoing links; depth 2.
100000004486525100,consolidator,0.9372775800711745,0,0.8453625444839857,Receives from 8 nodes (KZT 360.9k); sends to 2; incoming p0.99.
100000003031890100,terminal,0.5951957295373665,34,0.5315613879003559,Receives from 1 nodes (KZT 215.0k); no observed outgoing links; depth 2.
100000008624978100,terminal,0.553899762752076,35,0.6124518090154212,Receives from 1 nodes (KZT 109.0k); no observed outgoing links; depth 2.
100000000790311100,terminal,0.4887307236061685,4,0.4446693357058126,Receives from 1 nodes (KZT 46.3k); no observed outgoing links; depth 2.
100000008546855100,peripheral,0.012233096085409234,43,0.55225756227758,"Limited observed structure: 6 incoming, 2 outgoing links; depth 2."
100000002863356100,peripheral,0.2375444839857651,22,0.3410920818505338,"Limited observed structure: 1 incoming, 1 outgoing links; depth 2."
100000000332284100,consolidator,0.9116251482799526,10,0.8247256820877819,Receives from 10 nodes (KZT 107.4k); sends to 3; incoming p1.00.
100000002605308100,consolidator,0.9524021352313167,40,0.9317282028469751,Receives from 3 nodes (KZT 2.6m); sends to 0; incoming p0.94.
100000005931985100,terminal,0.5263938315539739,24,0.42325771055753264,Receives from 1 nodes (KZT 76.0k); no observed outgoing links; depth 2.
100000001166289100,peripheral,0.013345195729537407,22,0.5381561387900355,"Limited observed structure: 2 incoming, 1 outgoing links; depth 2."
100000008477350100,distributor,0.9790925266903915,0,0.8885008896797153,Sends to 39 nodes (KZT 3.4m); receives from 11; outgoing p1.00.
100000003824464100,terminal,0.5917111506524318,29,0.5748517200474497,Receives from 1 nodes (KZT 200.0k); no observed outgoing links; depth 2.
100000002738256100,transit,0.44908479086011077,58,0.5514282261847786,Pass-through 1.17; 1 incoming and 1 outgoing links; depth 2.
100000001857829100,distributor,0.9530693950177936,1,0.8645796263345196,Sends to 16 nodes (KZT 2.4m); receives from 6; outgoing p0.98.
100000008672762100,terminal,0.39331257413997633,22,0.22878855278766314,Receives from 1 nodes (KZT 13.0k); no observed outgoing links; depth 2.
100000001737722100,terminal,0.5143831553973902,3,0.5628484578884934,Receives from 1 nodes (KZT 60.5k); no observed outgoing links; depth 2.
100000005572303100,peripheral,0.2375444839857651,16,0.46413478647686834,"Limited observed structure: 1 incoming, 1 outgoing links; depth 2."
100000008733049100,terminal,0.38107947805456704,4,0.28616177342823257,Receives from 1 nodes (KZT 10.0k); no observed outgoing links; depth 2.
100000000850297100,transit,0.724273428232503,11,0.40617956702253855,Pass-through 1.00; 1 incoming and 1 outgoing links; depth 2.
100000005140601100,peripheral,0.0048932384341636714,1,0.5979648576512456,"Limited observed structure: 3 incoming, 2 outgoing links; depth 2."
100000004410489100,terminal,0.5065243179122183,3,0.4903766310794781,Receives from 1 nodes (KZT 54.0k); no observed outgoing links; depth 2.
100000006852430100,terminal,0.47286476868327404,11,0.6305827402135231,Receives from 1 nodes (KZT 37.0k); no observed outgoing links; depth 2.
100000003166755100,terminal,0.4383155397390273,3,0.34231909845788855,Receives from 1 nodes (KZT 24.0k); no observed outgoing links; depth 2.
100000008258083100,peripheral,0.0048932384341636714,33,0.6328514234875445,"Limited observed structure: 2 incoming, 2 outgoing links; depth 2."
100000003054328100,peripheral,0.13589857651245552,24,0.43168371886121,"Limited observed structure: 1 incoming, 2 outgoing links; depth 2."
100000008473207100,terminal,0.5932680901542112,3,0.741599940688019,Receives from 1 nodes (KZT 202.0k); no observed outgoing links; depth 2.
100000008104567100,peripheral,0.06405693950177938,18,0.5350088967971531,"Limited observed structure: 3 incoming, 3 outgoing links; depth 2."
100000002721825100,terminal,0.3876037959667853,0,0.46391607354685643,Receives from 1 nodes (KZT 11.0k); no observed outgoing links; depth 2.
100000003509750100,transit,0.8702052905220334,2,0.7152159133778393,Pass-through 0.95; 3 incoming and 3 outgoing links; depth 2.
100000007322059100,peripheral,0.09341637010676151,41,0.5865991992882563,"Limited observed structure: 2 incoming, 1 outgoing links; depth 2."
100000004441291100,terminal,0.42304270462633453,3,0.5878781138790037,Receives from 1 nodes (KZT 20.0k); no observed outgoing links; depth 2.
100000006122699100,terminal,0.6367141162514828,8,0.5850459667852907,Receives from 2 nodes (KZT 45.9k); no observed outgoing links; depth 2.
100000008254069100,peripheral,0.052713523131672546,49,0.5234541814946619,"Limited observed structure: 1 incoming, 5 outgoing links; depth 2."
100000003336565100,terminal,0.4096975088967971,22,0.2524466192170819,Receives from 1 nodes (KZT 16.6k); no observed outgoing links; depth 2.
100000002492277100,terminal,0.565688018979834,3,0.5274317912218269,Receives from 1 nodes (KZT 138.5k); no observed outgoing links; depth 2.
100000001339466100,terminal,0.4575919335705813,3,0.5026542111506525,Receives from 1 nodes (KZT 30.0k); no observed outgoing links; depth 2.
100000005022964100,terminal,0.42304270462633453,3,0.5184830960854093,Receives from 1 nodes (KZT 20.0k); no observed outgoing links; depth 2.
100000003112436100,terminal,0.5481168446026098,16,0.5009304567022539,Receives from 1 nodes (KZT 100.0k); no observed outgoing links; depth 2.
100000000489417100,transit,0.7521726208459021,12,0.725676607168771,Pass-through 1.09; 3 incoming and 1 outgoing links; depth 2.
100000002217161100,distributor,0.9512158956109135,38,0.8621700771055755,Sends to 7 nodes (KZT 995.1k); receives from 2; outgoing p0.96.
100000002469065100,terminal,0.5917111506524318,16,0.5691244068801897,Receives from 1 nodes (KZT 200.0k); no observed outgoing links; depth 2.
100000007337374100,terminal,0.42304270462633453,22,0.2721307829181495,Receives from 1 nodes (KZT 20.0k); no observed outgoing links; depth 2.
100000003249054100,peripheral,0.008451957295373624,3,0.5024021352313167,"Limited observed structure: 7 incoming, 1 outgoing links; depth 2."
100000003024542100,terminal,0.3735172004744958,3,0.4664887307236062,Receives from 1 nodes (KZT 8.5k); no observed outgoing links; depth 2.
100000002718366100,consolidator,0.9576660735468564,5,0.9101015717674971,Receives from 6 nodes (KZT 2.5m); sends to 0; incoming p0.99.
100000005059998100,terminal,0.41599940688018977,0,0.3663886417556346,Receives from 1 nodes (KZT 18.0k); no observed outgoing links; depth 2.
100000004071070100,peripheral,0.037811387900355875,0,0.5203625444839858,"Limited observed structure: 2 incoming, 1 outgoing links; depth 2."
100000001584286100,terminal,0.8033807829181493,24,0.7509119217081851,Receives from 2 nodes (KZT 738.7k); no observed outgoing links; depth 2.
100000008701256100,terminal,0.5108244365361804,0,0.4741251482799526,Receives from 1 nodes (KZT 58.2k); no observed outgoing links; depth 2.
100000001490461100,peripheral,0.2375444839857651,18,0.48871218861209964,"Limited observed structure: 1 incoming, 1 outgoing links; depth 2."
100000008531186100,terminal,0.561758600237248,3,0.6469120699881377,Receives from 1 nodes (KZT 125.0k); no observed outgoing links; depth 2.
100000004765639100,peripheral,0.13589857651245552,0,0.3999666370106762,"Limited observed structure: 1 incoming, 2 outgoing links; depth 2."
100000002983879100,terminal,0.7415480427046264,3,0.7303603202846977,Receives from 2 nodes (KZT 200.1k); no observed outgoing links; depth 2.
100000008734364100,terminal,0.4475830367734282,22,0.30533437129300117,Receives from 1 nodes (KZT 26.2k); no observed outgoing links; depth 2.
100000003192220100,terminal,0.5130486358244365,6,0.5637603795966786,Receives from 1 nodes (KZT 60.0k); no observed outgoing links; depth 2.
100000008060273100,terminal,0.38107947805456704,3,0.43724051008303677,Receives from 1 nodes (KZT 10.0k); no observed outgoing links; depth 2.
100000008205937100,terminal,0.46938018979833923,12,0.5608726275207592,Receives from 1 nodes (KZT 35.0k); no observed outgoing links; depth 2.
100000005507142100,peripheral,0.06405693950177938,26,0.481761565836299,"Limited observed structure: 3 incoming, 3 outgoing links; depth 2."
100000005539910100,peripheral,0.13589857651245552,3,0.6070173487544483,"Limited observed structure: 1 incoming, 2 outgoing links; depth 2."
100000002459163100,terminal,0.42689798339264534,39,0.37705367734282325,Receives from 1 nodes (KZT 20.2k); no observed outgoing links; depth 2.
100000004666651100,terminal,0.6330071174377224,74,0.7416592526690392,Receives from 1 nodes (KZT 429.2k); no observed outgoing links; depth 2.
100000003927792100,terminal,0.39383155397390274,4,0.3080664294187426,Receives from 1 nodes (KZT 13.1k); no observed outgoing links; depth 2.
100000000607941100,peripheral,0.12811387900355875,16,0.5622664590747332,"Limited observed structure: 2 incoming, 1 outgoing links; depth 2."
100000004158362100,terminal,0.3896797153024911,0,0.3185498220640569,Receives from 1 nodes (KZT 12.0k); no observed outgoing links; depth 2.
100000005664922100,distributor,0.9056939501779359,21,0.7495662811387901,Sends to 3 nodes (KZT 537.0k); receives from 2; outgoing p0.91.
100000007594394100,consolidator,0.8955367734282325,43,0.8683125741399763,Receives from 6 nodes (KZT 395.4k); sends to 1; incoming p0.99.
100000000979567100,terminal,0.38107947805456704,22,0.37603054567022537,Receives from 1 nodes (KZT 10.0k); no observed outgoing links; depth 2.
100000002831727100,peripheral,0.2375444839857651,43,0.38070507117437724,"Limited observed structure: 1 incoming, 1 outgoing links; depth 2."
100000003062895100,terminal,0.7673487544483986,42,0.7698620996441281,Receives from 2 nodes (KZT 328.4k); no observed outgoing links; depth 2.
100000008376089100,terminal,0.5648724792408066,33,0.515951215895611,Receives from 1 nodes (KZT 135.0k); no observed outgoing links; depth 2.
100000003219438100,terminal,0.4641162514827995,62,0.513382265717675,Receives from 1 nodes (KZT 32.0k); no observed outgoing links; depth 2.
100000000967918100,terminal,0.42978944246737844,0,0.48898650652431797,Receives from 1 nodes (KZT 21.2k); no observed outgoing links; depth 2.
100000003254723100,terminal,0.6088374851720048,3,0.7333481613285884,Receives from 1 nodes (KZT 269.9k); no observed outgoing links; depth 2.
100000003823811100,peripheral,0.08896797153024916,49,0.470251334519573,"Limited observed structure: 1 incoming, 3 outgoing links; depth 2."
100000008587459100,peripheral,0.08496441281138789,0,0.4963967971530249,"Limited observed structure: 2 incoming, 2 outgoing links; depth 2."
100000008603331100,distributor,0.8251037959667853,42,0.7394610023724792,Sends to 6 nodes (KZT 741.8k); receives from 2; outgoing p0.96.
100000008758168100,distributor,0.8119068801897983,35,0.7989731613285884,Sends to 5 nodes (KZT 1.5m); receives from 2; outgoing p0.95.
100000003724440100,terminal,0.6463523131672598,3,0.5304048042704627,Receives from 2 nodes (KZT 50.0k); no observed outgoing links; depth 2.
100000000291906100,transit,0.6154111176333906,7,0.7615040249599492,Pass-through 1.17; 2 incoming and 2 outgoing links; depth 2.
100000005077484100,peripheral,0.13589857651245552,27,0.4669372775800712,"Limited observed structure: 1 incoming, 2 outgoing links; depth 2."
100000004192107100,terminal,0.44165183867141167,3,0.4592118920521946,Receives from 1 nodes (KZT 25.0k); no observed outgoing links; depth 2.
100000002193259100,peripheral,0.057829181494661874,8,0.624366103202847,"Limited observed structure: 2 incoming, 3 outgoing links; depth 2."
100000005481280100,peripheral,0.08896797153024916,4,0.382039590747331,"Limited observed structure: 1 incoming, 3 outgoing links; depth 2."
100000004527381100,peripheral,0.17927046263345192,4,0.5438945729537367,"Limited observed structure: 1 incoming, 1 outgoing links; depth 2."
100000001578517100,terminal,0.4575919335705813,16,0.3691021648873073,Receives from 1 nodes (KZT 30.0k); no observed outgoing links; depth 2.
100000003741418100,peripheral,0.0040035587188611554,10,0.5680827402135231,"Limited observed structure: 9 incoming, 3 outgoing links; depth 2."
100000008737514100,terminal,0.5340302491103203,4,0.510086743772242,Receives from 1 nodes (KZT 85.0k); no observed outgoing links; depth 2.
100000002870463100,peripheral,0.014679715302491125,2,0.5878113879003559,"Limited observed structure: 3 incoming, 1 outgoing links; depth 2."
100000008545727100,distributor,0.8423042704626335,18,0.8046374555160142,Sends to 6 nodes (KZT 1.9m); receives from 1; outgoing p0.96.
100000000425407100,terminal,0.42304270462633453,3,0.4015124555160142,Receives from 1 nodes (KZT 20.0k); no observed outgoing links; depth 2.
100000001418900100,terminal,0.4795373665480427,22,0.35095640569395015,Receives from 1 nodes (KZT 40.1k); no observed outgoing links; depth 2.
100000001677929100,consolidator,0.9220047449584815,2,0.7636306346381969,Receives from 3 nodes (KZT 126.8k); sends to 2; incoming p0.94.
100000002539625100,terminal,0.5427046263345195,42,0.6215969750889679,Receives from 1 nodes (KZT 94.7k); no observed outgoing links; depth 2.
100000001965374100,distributor,0.9571470937129302,21,0.7952142645314355,Sends to 3 nodes (KZT 3.1m); receives from 2; outgoing p0.91.
100000001287955100,distributor,0.6686684460260972,24,0.48985394424673784,Sends to 4 nodes (KZT 310.0k); receives from 1; outgoing p0.93.
100000005402643100,peripheral,0.2375444839857651,5,0.3761899466192171,"Limited observed structure: 1 incoming, 1 outgoing links; depth 2."
100000008752616100,distributor,0.8013048635824437,5,0.7859022835112693,Sends to 7 nodes (KZT 1.3m); receives from 2; outgoing p0.96.
100000000733373100,terminal,0.3865658362989324,16,0.37173042704626336,Receives from 1 nodes (KZT 10.7k); no observed outgoing links; depth 2.
100000008531133100,distributor,0.8045670225385528,16,0.7164553677342824,Sends to 3 nodes (KZT 158.3k); receives from 1; outgoing p0.91.
100000005933757100,distributor,0.9790183867141163,40,0.887192319098458,Sends to 34 nodes (KZT 3.0m); receives from 4; outgoing p0.99.
100000006490557100,terminal,0.36017200474495853,2,0.16419780545670226,Receives from 1 nodes (KZT 5.0k); no observed outgoing links; depth 2.
100000008497298100,terminal,0.6498368920521945,5,0.5568764827995255,Receives from 1 nodes (KZT 600.0k); no observed outgoing links; depth 2.
100000005168487100,peripheral,0.019128113879003594,11,0.5985876334519573,"Limited observed structure: 1 incoming, 1 outgoing links; depth 2."
100000005799271100,terminal,0.48658066429418745,11,0.6115028173190985,Receives from 1 nodes (KZT 45.0k); no observed outgoing links; depth 2.
100000000912487100,terminal,0.38107947805456704,3,0.38635083036773427,Receives from 1 nodes (KZT 10.0k); no observed outgoing links; depth 2.
100000007982908100,terminal,0.4618920521945433,22,0.32505931198102017,Receives from 1 nodes (KZT 31.1k); no observed outgoing links; depth 2.
100000005413948100,peripheral,0.01690391459074736,42,0.5790814056939502,"Limited observed structure: 2 incoming, 1 outgoing links; depth 2."
100000000724540100,peripheral,0.2375444839857651,35,0.5329070284697508,"Limited observed structure: 1 incoming, 1 outgoing links; depth 2."
100000005730108100,terminal,0.3724051008303677,0,0.410627965599051,Receives from 1 nodes (KZT 8.0k); no observed outgoing links; depth 2.
100000002566204100,terminal,0.5289145907473309,11,0.44130338078291814,Receives from 1 nodes (KZT 80.8k); no observed outgoing links; depth 2.
100000000625169100,terminal,0.38107947805456704,22,0.20849273428232504,Receives from 1 nodes (KZT 10.0k); no observed outgoing links; depth 2.
100000001114385100,terminal,0.45492289442467376,3,0.36410883748517203,Receives from 1 nodes (KZT 29.5k); no observed outgoing links; depth 2.
100000002964966100,terminal,0.5917111506524318,3,0.670392200474496,Receives from 1 nodes (KZT 200.0k); no observed outgoing links; depth 2.
100000008771814100,terminal,0.43638790035587194,22,0.2911476868327402,Receives from 1 nodes (KZT 23.7k); no observed outgoing links; depth 2.
100000001241318100,terminal,0.5043742586002372,0,0.5621700771055753,Receives from 1 nodes (KZT 53.0k); no observed outgoing links; depth 2.
100000001250022100,terminal,0.49762752075919336,2,0.35065243179122185,Receives from 1 nodes (KZT 50.0k); no observed outgoing links; depth 2.
100000006534886100,peripheral,0.04137010676156583,16,0.5651801601423487,"Limited observed structure: 1 incoming, 1 outgoing links; depth 2."
100000008655035100,terminal,0.4575919335705813,2,0.47821026097271657,Receives from 1 nodes (KZT 30.0k); no observed outgoing links; depth 2.
100000005932987100,terminal,0.44165183867141167,62,0.4875037069988138,Receives from 1 nodes (KZT 25.0k); no observed outgoing links; depth 2.
100000008636603100,distributor,0.7533362989323843,8,0.6778580960854093,Sends to 6 nodes (KZT 159.4k); receives from 2; outgoing p0.96.
100000008710843100,distributor,0.7343564650059312,35,0.7001149169632266,Sends to 13 nodes (KZT 2.0m); receives from 2; outgoing p0.98.
100000000917179100,terminal,0.5422597864768683,40,0.5751334519572954,Receives from 1 nodes (KZT 94.5k); no observed outgoing links; depth 2.
100000004209339100,peripheral,0.06850533807829184,53,0.6439279359430605,"Limited observed structure: 1 incoming, 2 outgoing links; depth 2."
100000008765627100,terminal,0.5130486358244365,2,0.37187870699881376,Receives from 1 nodes (KZT 60.0k); no observed outgoing links; depth 2.
100000002443664100,consolidator,0.805011862396204,24,0.7728388196915776,Receives from 3 nodes (KZT 556.9k); sends to 0; incoming p0.94.
100000008144528100,consolidator,0.9562574139976275,16,0.8387640865954923,Receives from 5 nodes (KZT 1.1m); sends to 0; incoming p0.98.
100000003988112100,peripheral,0.22108540925266906,49,0.549521797153025,"Limited observed structure: 1 incoming, 1 outgoing links; depth 2."
100000008008463100,terminal,0.5068208778173191,2,0.3622479240806643,Receives from 1 nodes (KZT 54.2k); no observed outgoing links; depth 2.
100000006679055100,terminal,0.44165183867141167,3,0.48020833333333335,Receives from 1 nodes (KZT 25.0k); no observed outgoing links; depth 2.
100000007382543100,distributor,0.9340895610913406,15,0.8549747924080665,Sends to 5 nodes (KZT 427.0k); receives from 3; outgoing p0.95.
100000007749092100,peripheral,0.020017793594306,16,0.5204292704626334,"Limited observed structure: 1 incoming, 1 outgoing links; depth 2."
100000004221668100,consolidator,0.977535587188612,48,0.8081405693950179,Receives from 4 nodes (KZT 1.1m); sends to 3; incoming p0.97.
100000008174521100,terminal,0.5305456702253856,16,0.5691800118623962,Receives from 1 nodes (KZT 82.1k); no observed outgoing links; depth 2.
100000002692750100,peripheral,0.012900355871886093,2,0.582473309608541,"Limited observed structure: 3 incoming, 1 outgoing links; depth 2."
100000002173070100,terminal,0.4575919335705813,16,0.3691021648873073,Receives from 1 nodes (KZT 30.0k); no observed outgoing links; depth 2.
100000005911352100,peripheral,0.08896797153024916,19,0.5040591637010676,"Limited observed structure: 2 incoming, 3 outgoing links; depth 2."
100000003068941100,peripheral,0.06405693950177938,0,0.46783807829181495,"Limited observed structure: 3 incoming, 1 outgoing links; depth 2."
100000001420847100,terminal,0.42304270462633453,43,0.39661921708185055,Receives from 1 nodes (KZT 20.0k); no observed outgoing links; depth 2.
100000005602999100,peripheral,0.13589857651245552,53,0.41767126334519583,"Limited observed structure: 1 incoming, 2 outgoing links; depth 2."
100000000723383100,peripheral,0.13589857651245552,32,0.48332962633451965,"Limited observed structure: 1 incoming, 2 outgoing links; depth 2."
100000006977207100,distributor,0.865732502965599,1,0.66738953143535,Sends to 15 nodes (KZT 4.2m); receives from 1; outgoing p0.98.
100000001273783100,terminal,0.43401542111506525,11,0.3035883748517201,Receives from 1 nodes (KZT 23.2k); no observed outgoing links; depth 2.
100000000201868100,transit,0.724273428232503,6,0.7486728944246738,Pass-through 1.00; 1 incoming and 1 outgoing links; depth 2.
100000007777377100,peripheral,0.13589857651245552,16,0.5384675266903914,"Limited observed structure: 1 incoming, 2 outgoing links; depth 2."
100000004192865100,terminal,0.5191281138790036,27,0.5073843416370107,Receives from 1 nodes (KZT 66.7k); no observed outgoing links; depth 2.
100000006901046100,peripheral,0.0022241992882562345,16,0.5215413701067616,"Limited observed structure: 1 incoming, 1 outgoing links; depth 2."
100000000437046100,distributor,0.9737544483985765,0,0.882517793594306,Sends to 42 nodes (KZT 7.6m); receives from 9; outgoing p1.00.
100000008765494100,terminal,0.4375741399762752,22,0.2930456702253855,Receives from 1 nodes (KZT 24.0k); no observed outgoing links; depth 2.
100000008713270100,distributor,0.6163256227758006,2,0.44546263345195725,Sends to 3 nodes (KZT 190.0k); receives from 1; outgoing p0.91.
100000003603979100,terminal,0.5794039145907474,34,0.5635120106761566,Receives from 1 nodes (KZT 165.0k); no observed outgoing links; depth 2.
100000000943371100,terminal,0.40391459074733094,12,0.4706405693950178,Receives from 1 nodes (KZT 15.5k); no observed outgoing links; depth 2.
100000008672480100,terminal,0.39331257413997633,22,0.22878855278766314,Receives from 1 nodes (KZT 13.0k); no observed outgoing links; depth 2.
100000008691168100,terminal,0.4375741399762752,22,0.2930456702253855,Receives from 1 nodes (KZT 24.0k); no observed outgoing links; depth 2.
100000003237045100,peripheral,0.14101423487544484,16,0.5482095195729537,"Limited observed structure: 1 incoming, 1 outgoing links; depth 2."
100000008736394100,terminal,0.4073991696322657,22,0.24865806642941873,Receives from 1 nodes (KZT 16.0k); no observed outgoing links; depth 2.
100000004160650100,distributor,0.8641014234875445,34,0.6916703736654806,Sends to 10 nodes (KZT 1.5m); receives from 2; outgoing p0.97.
100000000629812100,terminal,0.5797004744958482,31,0.52988953143535,Receives from 2 nodes (KZT 22.0k); no observed outgoing links; depth 2.
100000000955444100,terminal,0.36936536180308427,23,0.3239249703440095,Receives from 1 nodes (KZT 6.9k); no observed outgoing links; depth 2.
100000008731444100,distributor,0.8486061684460261,0,0.7622627520759193,Sends to 9 nodes (KZT 879.8k); receives from 3; outgoing p0.97.
100000008413748100,distributor,0.875,28,0.7813056049822065,Sends to 18 nodes (KZT 1.4m); receives from 2; outgoing p0.99.
100000006787636100,terminal,0.42304270462633453,6,0.45322508896797153,Receives from 1 nodes (KZT 20.0k); no observed outgoing links; depth 2.
100000005942793100,terminal,0.694246737841044,0,0.5850385527876631,Receives from 4 nodes (KZT 55.0k); no observed outgoing links; depth 2.
100000008730846100,consolidator,0.8941281138790035,11,0.8651690391459075,Receives from 7 nodes (KZT 155.0k); sends to 3; incoming p0.99.
100000002570206100,terminal,0.7290925266903914,28,0.6186387900355872,Receives from 2 nodes (KZT 167.0k); no observed outgoing links; depth 2.
100000000785800100,transit,0.724273428232503,39,0.4988063463819692,Pass-through 1.00; 1 incoming and 1 outgoing links; depth 2.
100000007382152100,terminal,0.36580664294187426,0,0.25266162514827994,Receives from 1 nodes (KZT 5.9k); no observed outgoing links; depth 2.
100000000910216100,peripheral,0.2375444839857651,3,0.48851201067615657,"Limited observed structure: 1 incoming, 1 outgoing links; depth 2."
100000003131016100,peripheral,0.022241992882562234,0,0.591336743772242,"Limited observed structure: 1 incoming, 1 outgoing links; depth 2."
100000003221384100,terminal,0.6441281138790036,4,0.6665035587188612,Receives from 1 nodes (KZT 511.2k); no observed outgoing links; depth 2.
100000002156381100,peripheral,0.04448398576512458,53,0.6040814056939502,"Limited observed structure: 2 incoming, 1 outgoing links; depth 2."
100000002779485100,terminal,0.5403321470937129,1,0.6026319691577698,Receives from 1 nodes (KZT 91.0k); no observed outgoing links; depth 2.
100000008774237100,peripheral,0.2375444839857651,34,0.35875222419928826,"Limited observed structure: 1 incoming, 1 outgoing links; depth 2."
100000002628146100,terminal,0.46040925266903915,41,0.5176379003558719,Receives from 1 nodes (KZT 30.5k); no observed outgoing links; depth 2.
100000002852402100,terminal,0.5080071174377224,4,0.5064279359430605,Receives from 1 nodes (KZT 55.0k); no observed outgoing links; depth 2.
100000006989106100,terminal,0.5163107947805456,2,0.4843045670225386,Receives from 1 nodes (KZT 64.0k); no observed outgoing links; depth 2.
100000002958343100,peripheral,0.008896797153024938,2,0.5147241992882562,"Limited observed structure: 1 incoming, 2 outgoing links; depth 2."
100000008461532100,distributor,0.9574436536180309,14,0.8657065539739028,Sends to 8 nodes (KZT 2.5m); receives from 2; outgoing p0.97.
100000004400305100,distributor,0.8932384341637011,0,0.8013790035587188,Sends to 82 nodes (KZT 5.8m); receives from 7; outgoing p1.00.
100000000297649100,peripheral,0.07028469750889677,8,0.5960075622775801,"Limited observed structure: 1 incoming, 1 outgoing links; depth 2."
100000003191430100,terminal,0.5843712930011863,16,0.6299451364175563,Receives from 1 nodes (KZT 180.0k); no observed outgoing links; depth 2.
100000003275398100,peripheral,0.2108540925266904,34,0.4801490213523132,"Limited observed structure: 1 incoming, 1 outgoing links; depth 2."
100000005203590100,terminal,0.5386269276393831,2,0.413304418742586,Receives from 1 nodes (KZT 90.0k); no observed outgoing links; depth 2.
100000008672603100,terminal,0.42978944246737844,3,0.44256746737841046,Receives from 1 nodes (KZT 21.2k); no observed outgoing links; depth 2.
100000000718427100,terminal,0.3666221826809015,22,0.18091266310794782,Receives from 1 nodes (KZT 6.0k); no observed outgoing links; depth 2.
100000003104347100,peripheral,0.15591637010676151,29,0.5385008896797153,"Limited observed structure: 1 incoming, 1 outgoing links; depth 2."
100000002974256100,terminal,0.3709964412811388,8,0.369461743772242,Receives from 1 nodes (KZT 7.2k); no observed outgoing links; depth 2.
100000007173936100,terminal,0.38107947805456704,33,0.2677565243179122,Receives from 1 nodes (KZT 10.0k); no observed outgoing links; depth 2.
100000002744581100,terminal,0.3896797153024911,2,0.3236209964412812,Receives from 1 nodes (KZT 12.0k); no observed outgoing links; depth 2.
100000000596954100,peripheral,0.13589857651245552,3,0.6216303380782918,"Limited observed structure: 1 incoming, 2 outgoing links; depth 2."
100000004950490100,terminal,0.38107947805456704,2,0.32031435349940685,Receives from 1 nodes (KZT 10.0k); no observed outgoing links; depth 2.
100000008772058100,terminal,0.49762752075919336,22,0.3783437129300119,Receives from 1 nodes (KZT 50.0k); no observed outgoing links; depth 2.
100000000971908100,terminal,0.5372924080664294,2,0.41161402728351126,Receives from 1 nodes (KZT 89.0k); no observed outgoing links; depth 2.
100000008687492100,terminal,0.4010231316725979,22,0.24084741992882566,Receives from 1 nodes (KZT 15.0k); no observed outgoing links; depth 2.
100000003159641100,consolidator,0.7208629893238435,45,0.6354314946619217,Receives from 4 nodes (KZT 64.0k); sends to 1; incoming p0.97.
100000005326681100,terminal,0.4623368920521946,4,0.4035513048635825,Receives from 1 nodes (KZT 31.2k); no observed outgoing links; depth 2.
100000006888238100,peripheral,0.11387900355871883,52,0.4185164590747331,"Limited observed structure: 1 incoming, 1 outgoing links; depth 2."
100000001290243100,terminal,0.38107947805456704,16,0.39231168446026093,Receives from 1 nodes (KZT 10.0k); no observed outgoing links; depth 2.
100000008289539100,terminal,0.3990213523131672,4,0.3170373665480427,Receives from 1 nodes (KZT 14.9k); no observed outgoing links; depth 2.
100000000821507100,terminal,0.6300415183867142,33,0.6163849347568209,Receives from 1 nodes (KZT 400.0k); no observed outgoing links; depth 2.
100000003086040100,terminal,0.3864175563463819,0,0.47236061684460257,Receives from 1 nodes (KZT 10.5k); no observed outgoing links; depth 2.
100000002969048100,terminal,0.5535290628706999,2,0.4334223013048636,Receives from 1 nodes (KZT 108.5k); no observed outgoing links; depth 2.
100000002826669100,terminal,0.5768831553973902,0,0.6132376927639384,Receives from 1 nodes (KZT 159.9k); no observed outgoing links; depth 2.
100000002293421100,transit,0.662977750773949,0,0.7065362526401064,Pass-through 1.15; 2 incoming and 2 outgoing links; depth 2.
100000004732589100,terminal,0.5980130486358245,11,0.534623368920522,Receives from 1 nodes (KZT 227.5k); no observed outgoing links; depth 2.
100000003003821100,terminal,0.4783511269276394,3,0.6078662514827996,Receives from 1 nodes (KZT 40.0k); no observed outgoing links; depth 2.
100000005237935150,terminal,0.4679715302491103,24,0.33701067615658364,Receives from 1 nodes (KZT 34.5k); no observed outgoing links; depth 2.
100000004463277100,terminal,0.46938018979833923,27,0.47844380189798336,Receives from 1 nodes (KZT 35.0k); no observed outgoing links; depth 2.
100000006523053100,terminal,0.36017200474495853,3,0.5298784104389087,Receives from 1 nodes (KZT 5.0k); no observed outgoing links; depth 2.
100000001954903100,terminal,0.4509193357058126,11,0.3237396204033215,Receives from 1 nodes (KZT 27.1k); no observed outgoing links; depth 2.
100000005328215100,terminal,0.44995551601423484,11,0.322586743772242,Receives from 1 nodes (KZT 27.0k); no observed outgoing links; depth 2.
100000004424023100,peripheral,0.05071174377224197,2,0.6202958185053381,"Limited observed structure: 1 incoming, 1 outgoing links; depth 2."
100000002299948100,terminal,0.3688463819691578,41,0.3698583926453144,Receives from 1 nodes (KZT 6.8k); no observed outgoing links; depth 2.
100000005105153100,terminal,0.4575919335705813,0,0.49871737841043895,Receives from 1 nodes (KZT 30.0k); no observed outgoing links; depth 2.
100000001985793100,terminal,0.6321915776986952,48,0.5562240510083037,Receives from 1 nodes (KZT 420.0k); no observed outgoing links; depth 2.
100000003134934100,consolidator,0.8362247924080665,0,0.8004930308422301,Receives from 4 nodes (KZT 379.4k); sends to 0; incoming p0.97.
100000006240939100,distributor,0.8013790035587188,48,0.6134008007117437,Sends to 5 nodes (KZT 778.0k); receives from 1; outgoing p0.95.
100000008656043100,terminal,0.4475830367734282,22,0.30533437129300117,Receives from 1 nodes (KZT 26.2k); no observed outgoing links; depth 2.
100000002605184100,terminal,0.5665776986951364,4,0.5874629300118624,Receives from 1 nodes (KZT 140.0k); no observed outgoing links; depth 2.
100000003157333100,terminal,0.4575919335705813,2,0.29393534994068804,Receives from 1 nodes (KZT 30.0k); no observed outgoing links; depth 2.
100000007898453100,peripheral,0.13589857651245552,3,0.5952958185053381,"Limited observed structure: 1 incoming, 2 outgoing links; depth 2."
100000002710570100,terminal,0.5975682087781732,36,0.6481687425860024,Receives from 1 nodes (KZT 225.0k); no observed outgoing links; depth 2.
100000004979498100,peripheral,0.032918149466192204,58,0.519539590747331,"Limited observed structure: 1 incoming, 1 outgoing links; depth 2."
100000001541418100,terminal,0.6936536180308422,5,0.5619365361803085,Receives from 2 nodes (KZT 96.9k); no observed outgoing links; depth 2.
100000007797290100,peripheral,0.2375444839857651,0,0.448654359430605,"Limited observed structure: 1 incoming, 1 outgoing links; depth 2."
100000008683818100,terminal,0.4128113879003559,22,0.25776245551601423,Receives from 1 nodes (KZT 17.4k); no observed outgoing links; depth 2.
100000006567935100,terminal,0.5917111506524318,33,0.5552231613285885,Receives from 1 nodes (KZT 200.0k); no observed outgoing links; depth 2.
100000002132479100,peripheral,0.11521352313167255,40,0.5615769572953737,"Limited observed structure: 1 incoming, 1 outgoing links; depth 2."
100000002170580100,terminal,0.5716192170818505,11,0.4979537366548043,Receives from 1 nodes (KZT 150.0k); no observed outgoing links; depth 2.
100000001232297100,peripheral,0.13589857651245552,12,0.4343972419928826,"Limited observed structure: 1 incoming, 2 outgoing links; depth 2."
100000002028158100,terminal,0.46856465005931197,4,0.4141829774614472,Receives from 1 nodes (KZT 34.8k); no observed outgoing links; depth 2.
100000005519998100,transit,0.894046641377602,62,0.8112340802732263,Pass-through 1.03; 3 incoming and 3 outgoing links; depth 2.
100000002335358100,terminal,0.5665776986951364,16,0.6363953143534994,Receives from 1 nodes (KZT 140.0k); no observed outgoing links; depth 2.
100000007289427100,terminal,0.3911625148279953,3,0.3516829774614472,Receives from 1 nodes (KZT 12.3k); no observed outgoing links; depth 2.
100000004592467100,terminal,0.3701067615658363,3,0.17608985765124555,Receives from 1 nodes (KZT 7.0k); no observed outgoing links; depth 2.
100000004993576100,terminal,0.5805160142348754,4,0.5766236654804271,Receives from 1 nodes (KZT 167.0k); no observed outgoing links; depth 2.
100000001648936100,terminal,0.5409252669039146,2,0.4165925266903915,Receives from 1 nodes (KZT 92.7k); no observed outgoing links; depth 2.
100000008512552100,distributor,0.8805604982206404,28,0.7978314056939502,Sends to 6 nodes (KZT 1.3m); receives from 4; outgoing p0.96.
100000007629096100,consolidator,0.9759045077105576,0,0.880152728351127,Receives from 4 nodes (KZT 1.1m); sends to 1; incoming p0.97.
100000001601320100,transit,0.7695499447785007,2,0.6431103509633085,Pass-through 1.06; 2 incoming and 1 outgoing links; depth 2.
100000005782781100,distributor,0.8968712930011863,2,0.8122961150652432,Sends to 10 nodes (KZT 1.3m); receives from 6; outgoing p0.97.
100000002723538100,distributor,0.8048635824436535,1,0.7196767497034401,Sends to 12 nodes (KZT 560.5k); receives from 3; outgoing p0.98.
100000002340562100,terminal,0.4724199288256228,2,0.454114768683274,Receives from 1 nodes (KZT 36.6k); no observed outgoing links; depth 2.
100000005939154100,terminal,0.43097568208778175,16,0.3681086892052195,Receives from 1 nodes (KZT 22.0k); no observed outgoing links; depth 2.
100000004386258100,peripheral,0.06405693950177938,8,0.6112989323843416,"Limited observed structure: 3 incoming, 3 outgoing links; depth 2."
100000008406609100,terminal,0.4673042704626334,49,0.5720974199288256,Receives from 1 nodes (KZT 34.0k); no observed outgoing links; depth 2.
100000007242833100,peripheral,0.2161921708185054,8,0.6216303380782919,"Limited observed structure: 1 incoming, 1 outgoing links; depth 2."
100000004698193100,distributor,0.8666963226571767,2,0.7165962336892052,Sends to 3 nodes (KZT 38.0k); receives from 2; outgoing p0.91.
100000002733905100,consolidator,0.9478054567022539,22,0.785427787663108,Receives from 3 nodes (KZT 100.0k); sends to 2; incoming p0.94.
100000006912294100,peripheral,0.13589857651245552,5,0.3888456405693951,"Limited observed structure: 1 incoming, 2 outgoing links; depth 2."
100000003036198100,terminal,0.4010231316725979,3,0.2929381672597865,Receives from 1 nodes (KZT 15.0k); no observed outgoing links; depth 2.
100000004687099100,terminal,0.4575919335705813,2,0.3880189798339265,Receives from 1 nodes (KZT 30.0k); no observed outgoing links; depth 2.
100000005242320100,distributor,0.9206702253855279,24,0.7719491399762752,Sends to 21 nodes (KZT 8.9m); receives from 2; outgoing p0.99.
100000008762832100,peripheral,0.2375444839857651,3,0.4077735765124555,"Limited observed structure: 1 incoming, 1 outgoing links; depth 2."
100000002489253100,terminal,0.5011120996441282,16,0.4605315836298932,Receives from 1 nodes (KZT 51.0k); no observed outgoing links; depth 2.
100000004756901100,terminal,0.5744365361803084,16,0.5413182087781732,Receives from 1 nodes (KZT 153.2k); no observed outgoing links; depth 2.
100000008749989100,terminal,0.4073991696322657,22,0.24865806642941873,Receives from 1 nodes (KZT 16.0k); no observed outgoing links; depth 2.
100000001380986100,terminal,0.5226868327402135,5,0.35582740213523134,Receives from 1 nodes (KZT 70.2k); no observed outgoing links; depth 2.
100000003089018100,terminal,0.5988285883748518,5,0.47415109727164884,Receives from 1 nodes (KZT 230.0k); no observed outgoing links; depth 2.
100000008742266100,terminal,0.4288256227758007,22,0.27949288256227756,Receives from 1 nodes (KZT 21.0k); no observed outgoing links; depth 2.
100000003044431100,terminal,0.661773428232503,3,0.5316132858837486,Receives from 2 nodes (KZT 60.0k); no observed outgoing links; depth 2.
100000003321423100,terminal,0.5481168446026098,53,0.6842712040332148,Receives from 1 nodes (KZT 100.0k); no observed outgoing links; depth 2.
100000002540623100,terminal,0.5481168446026098,11,0.4642978944246738,Receives from 1 nodes (KZT 100.0k); no observed outgoing links; depth 2.
100000004225615100,terminal,0.5386269276393831,5,0.3804974792408066,Receives from 1 nodes (KZT 90.0k); no observed outgoing links; depth 2.
100000004820260100,distributor,0.9086595492289442,4,0.8129633748517201,Sends to 3 nodes (KZT 215.3k); receives from 1; outgoing p0.91.
100000000795129100,terminal,0.6192170818505338,4,0.6324288256227759,Receives from 1 nodes (KZT 332.0k); no observed outgoing links; depth 2.
100000008213966100,consolidator,0.9369810201660735,15,0.851594009489917,Receives from 3 nodes (KZT 187.0k); sends to 1; incoming p0.94.
100000008478414100,terminal,0.38107947805456704,22,0.20849273428232504,Receives from 1 nodes (KZT 10.0k); no observed outgoing links; depth 2.
100000001330595100,peripheral,0.06405693950177938,34,0.5033807829181495,"Limited observed structure: 3 incoming, 1 outgoing links; depth 2."
100000000076451100,peripheral,0.028469750889679735,4,0.5803158362989324,"Limited observed structure: 3 incoming, 4 outgoing links; depth 2."
100000005664632100,terminal,0.590005931198102,74,0.6824214116251482,Receives from 1 nodes (KZT 198.6k); no observed outgoing links; depth 2.
100000002457464100,terminal,0.5189798339264532,3,0.5713152431791222,Receives from 1 nodes (KZT 66.6k); no observed outgoing links; depth 2.
100000002757240100,terminal,0.5017793594306049,3,0.563567615658363,Receives from 1 nodes (KZT 51.2k); no observed outgoing links; depth 2.
100000003718221100,distributor,0.9309015421115064,29,0.849707147093713,Sends to 4 nodes (KZT 423.5k); receives from 2; outgoing p0.93.
100000008629581100,terminal,0.5069691577698695,3,0.5519869513641756,Receives from 1 nodes (KZT 54.2k); no observed outgoing links; depth 2.
100000004806903100,terminal,0.41599940688018977,3,0.5739954033214709,Receives from 1 nodes (KZT 18.0k); no observed outgoing links; depth 2.
100000000913911100,peripheral,0.06717081850533813,3,0.5793927935943061,"Limited observed structure: 2 incoming, 1 outgoing links; depth 2."
100000004905207100,terminal,0.6271500593119811,40,0.7401505041518387,Receives from 1 nodes (KZT 380.0k); no observed outgoing links; depth 2.
100000003831201100,terminal,0.4799080664294187,0,0.5455997924080664,Receives from 1 nodes (KZT 40.5k); no observed outgoing links; depth 2.
100000003073398100,terminal,0.5412218268090154,2,0.4172894424673784,Receives from 1 nodes (KZT 93.0k); no observed outgoing links; depth 2.
100000008418934100,terminal,0.6241844602609727,5,0.5172783214709371,Receives from 1 nodes (KZT 360.0k); no observed outgoing links; depth 2.
100000002741024100,distributor,0.9647835112692764,0,0.8836002372479241,Sends to 6 nodes (KZT 435.0k); receives from 5; outgoing p0.96.
100000008106997100,peripheral,0.14346085409252674,0,0.4270685053380784,"Limited observed structure: 2 incoming, 1 outgoing links; depth 2."
100000007998965100,consolidator,0.8404507710557533,11,0.8104018386714117,Receives from 5 nodes (KZT 278.0k); sends to 1; incoming p0.98.
100000001822623100,terminal,0.5931198102016607,29,0.5762158956109135,Receives from 1 nodes (KZT 201.3k); no observed outgoing links; depth 2.
100000006424479100,coordinator,0.7953180604982206,12,0.8710047820284698,Links 1 in/2 out; reached by 10 seeds; PageRank p0.95.
100000008696692100,terminal,0.41837188612099646,22,0.2656027580071174,Receives from 1 nodes (KZT 19.0k); no observed outgoing links; depth 2.
100000002748532100,consolidator,0.8223606168446027,35,0.8135416666666667,Receives from 3 nodes (KZT 355.6k); sends to 2; incoming p0.94.
100000004456564100,terminal,0.38107947805456704,40,0.48985394424673784,Receives from 1 nodes (KZT 10.0k); no observed outgoing links; depth 2.
100000001530740100,terminal,0.4010231316725979,16,0.4727646797153025,Receives from 1 nodes (KZT 15.0k); no observed outgoing links; depth 2.
100000001386612100,terminal,0.5155693950177936,49,0.5548932384341637,Receives from 1 nodes (KZT 62.3k); no observed outgoing links; depth 2.
100000003360542100,coordinator,0.9212633451957295,11,0.9200845195729537,Links 2 in/2 out; reached by 11 seeds; PageRank p0.97.
100000008352542100,terminal,0.5001482799525504,3,0.5869142941874259,Receives from 1 nodes (KZT 50.2k); no observed outgoing links; depth 2.
100000001138376100,terminal,0.4034697508896798,4,0.32226423487544487,Receives from 1 nodes (KZT 15.3k); no observed outgoing links; depth 2.
100000003246024100,peripheral,0.2375444839857651,0,0.45441503558718865,"Limited observed structure: 1 incoming, 1 outgoing links; depth 2."
100000002680477100,terminal,0.44165183867141167,24,0.3007376927639383,Receives from 1 nodes (KZT 25.0k); no observed outgoing links; depth 2.
100000005882013100,peripheral,0.14346085409252674,12,0.6344750889679717,"Limited observed structure: 2 incoming, 1 outgoing links; depth 2."
100000005665181100,distributor,0.8026393831553974,10,0.7276727461447212,Sends to 11 nodes (KZT 181.9k); receives from 4; outgoing p0.98.
100000008141170100,terminal,0.3876037959667853,16,0.48526838671411626,Receives from 1 nodes (KZT 11.0k); no observed outgoing links; depth 2.
100000001382002100,transit,0.6788188827779574,0,0.6829053434702901,Pass-through 1.03; 1 incoming and 1 outgoing links; depth 2.
100000002481735100,terminal,0.431791221826809,16,0.4631079478054567,Receives from 1 nodes (KZT 22.4k); no observed outgoing links; depth 2.
100000000806727100,peripheral,0.2375444839857651,3,0.5565057829181494,"Limited observed structure: 1 incoming, 1 outgoing links; depth 2."
100000003039473100,terminal,0.43305160142348753,16,0.42336521352313167,Receives from 1 nodes (KZT 23.0k); no observed outgoing links; depth 2.
100000005205745100,terminal,0.3666221826809015,2,0.36723383748517197,Receives from 1 nodes (KZT 6.0k); no observed outgoing links; depth 2.
100000004356593100,peripheral,0.2375444839857651,3,0.3882673487544484,"Limited observed structure: 1 incoming, 1 outgoing links; depth 2."
100000008688881100,terminal,0.48398576512455516,22,0.36052046263345194,Receives from 1 nodes (KZT 44.2k); no observed outgoing links; depth 2.
100000008111003100,consolidator,0.8326660735468564,0,0.7436313760379597,Receives from 6 nodes (KZT 222.7k); sends to 1; incoming p0.99.
100000003016773100,terminal,0.4893238434163701,42,0.5506450177935943,Receives from 1 nodes (KZT 46.6k); no observed outgoing links; depth 2.
100000004674799100,terminal,0.5665776986951364,0,0.6461817912218268,Receives from 1 nodes (KZT 140.0k); no observed outgoing links; depth 2.
100000005834479100,peripheral,0.13589857651245552,1,0.26131005338078295,"Limited observed structure: 1 incoming, 2 outgoing links; depth 2."
100000003278020100,terminal,0.5874110320284698,0,0.5722531138790036,Receives from 1 nodes (KZT 190.0k); no observed outgoing links; depth 2.
100000000831684100,peripheral,0.016459074733096046,8,0.4332851423487545,"Limited observed structure: 1 incoming, 1 outgoing links; depth 2."
100000000307908100,terminal,0.36017200474495853,9,0.24037663107947807,Receives from 1 nodes (KZT 5.0k); no observed outgoing links; depth 2.
100000001782980100,peripheral,0.10720640569395012,27,0.457395462633452,"Limited observed structure: 1 incoming, 1 outgoing links; depth 2."
100000002454724100,terminal,0.561758600237248,33,0.5100793297746146,Receives from 1 nodes (KZT 125.0k); no observed outgoing links; depth 2.
100000005904580100,terminal,0.6723013048635824,8,0.6345344009489917,Receives from 2 nodes (KZT 72.0k); no observed outgoing links; depth 2.
100000008474308100,peripheral,0.2375444839857651,8,0.4615324733096086,"Limited observed structure: 1 incoming, 1 outgoing links; depth 2."
100000000795033100,terminal,0.4171115065243179,0,0.4907769869513642,Receives from 1 nodes (KZT 18.2k); no observed outgoing links; depth 2.
100000000861294100,terminal,0.5716192170818505,2,0.4640346975088968,Receives from 1 nodes (KZT 150.0k); no observed outgoing links; depth 2.
100000006557763100,terminal,0.38107947805456704,3,0.4960483392645314,Receives from 1 nodes (KZT 10.0k); no observed outgoing links; depth 2.
100000005608515100,terminal,0.5163107947805456,2,0.3558570581257414,Receives from 1 nodes (KZT 64.0k); no observed outgoing links; depth 2.
100000003922499100,terminal,0.49762752075919336,8,0.4801008303677343,Receives from 1 nodes (KZT 50.0k); no observed outgoing links; depth 2.
100000008603629100,distributor,0.9859134045077106,1,0.894787959667853,Sends to 61 nodes (KZT 5.0m); receives from 19; outgoing p1.00.
100000004825069100,terminal,0.4575919335705813,22,0.3200696915776987,Receives from 1 nodes (KZT 30.0k); no observed outgoing links; depth 2.
100000004331458100,terminal,0.7537069988137604,71,0.667652728351127,Receives from 2 nodes (KZT 250.0k); no observed outgoing links; depth 2.
100000002911170100,terminal,0.6143238434163701,33,0.5936832740213523,Receives from 1 nodes (KZT 300.0k); no observed outgoing links; depth 2.
100000008011159100,distributor,0.8609875444839857,66,0.783029359430605,Sends to 5 nodes (KZT 153.0k); receives from 3; outgoing p0.95.
100000003854444100,distributor,0.9034697508896796,43,0.7871330071174377,Sends to 14 nodes (KZT 2.3m); receives from 1; outgoing p0.98.
100000008547948100,distributor,0.9045818505338078,5,0.8731872775800712,Sends to 26 nodes (KZT 5.2m); receives from 6; outgoing p0.99.
100000005175148100,peripheral,0.08451957295373669,4,0.5513233985765125,"Limited observed structure: 2 incoming, 1 outgoing links; depth 2."
100000002087788100,terminal,0.5501186239620404,10,0.6262974495848161,Receives from 1 nodes (KZT 100.5k); no observed outgoing links; depth 2.
100000004150593100,distributor,0.7821767497034401,16,0.6695989027283512,Sends to 11 nodes (KZT 871.2k); receives from 1; outgoing p0.98.
100000001597505100,peripheral,0.2375444839857651,41,0.48639902135231317,"Limited observed structure: 1 incoming, 1 outgoing links; depth 2."
100000007629121100,terminal,0.45388493475682085,3,0.5779507710557533,Receives from 1 nodes (KZT 29.0k); no observed outgoing links; depth 2.
100000005614315100,terminal,0.6368623962040333,16,0.6918001186239621,Receives from 1 nodes (KZT 455.0k); no observed outgoing links; depth 2.
100000008324800100,consolidator,0.95002965599051,85,0.8625296559905102,Receives from 3 nodes (KZT 526.5k); sends to 1; incoming p0.94.
100000005030592100,terminal,0.38107947805456704,4,0.28616177342823257,Receives from 1 nodes (KZT 10.0k); no observed outgoing links; depth 2.
100000001633685100,terminal,0.661773428232503,0,0.5278210260972717,Receives from 3 nodes (KZT 45.0k); no observed outgoing links; depth 2.
100000001848426100,terminal,0.5441874258600238,2,0.421255931198102,Receives from 1 nodes (KZT 95.5k); no observed outgoing links; depth 2.
100000004580202100,peripheral,0.08896797153024916,29,0.4253669928825623,"Limited observed structure: 1 incoming, 3 outgoing links; depth 2."
100000008717375100,terminal,0.4550711743772242,3,0.48029359430604984,Receives from 1 nodes (KZT 29.5k); no observed outgoing links; depth 2.
100000007861311100,terminal,0.48658066429418745,2,0.42656064650059317,Receives from 1 nodes (KZT 45.0k); no observed outgoing links; depth 2.
100000005578559100,distributor,0.8699584816132858,18,0.7767089264531435,Sends to 21 nodes (KZT 893.2k); receives from 2; outgoing p0.99.
100000008764436100,terminal,0.39397983392645314,22,0.2299673784104389,Receives from 1 nodes (KZT 13.1k); no observed outgoing links; depth 2.
100000000190228100,peripheral,0.1254448398576512,5,0.5428047153024911,"Limited observed structure: 1 incoming, 1 outgoing links; depth 2."
100000003971049100,terminal,0.5090450771055753,0,0.4372479240806644,Receives from 1 nodes (KZT 55.9k); no observed outgoing links; depth 2.
100000008743913100,distributor,0.8437870699881377,35,0.8278840450771057,Sends to 13 nodes (KZT 1.9m); receives from 3; outgoing p0.98.
100000004400361100,terminal,0.38107947805456704,16,0.2706479833926453,Receives from 1 nodes (KZT 10.0k); no observed outgoing links; depth 2.
100000002175422100,distributor,0.9504003558718862,36,0.8660364768683274,Sends to 6 nodes (KZT 1.6m); receives from 3; outgoing p0.96.
100000004544958100,peripheral,0.03514234875444844,11,0.6207517793594306,"Limited observed structure: 1 incoming, 2 outgoing links; depth 2."
100000008466579100,distributor,0.8623962040332147,42,0.8269535883748517,Sends to 17 nodes (KZT 1.9m); receives from 2; outgoing p0.99.
100000001184915100,terminal,0.5929715302491103,4,0.5935498220640569,Receives from 1 nodes (KZT 201.0k); no observed outgoing links; depth 2.
100000004435304100,terminal,0.4475830367734282,22,0.30533437129300117,Receives from 1 nodes (KZT 26.2k); no observed outgoing links; depth 2.
100000008762728100,terminal,0.41073546856465004,16,0.41407176749703445,Receives from 1 nodes (KZT 17.0k); no observed outgoing links; depth 2.
100000004285800100,peripheral,0.2375444839857651,0,0.5039479537366548,"Limited observed structure: 1 incoming, 1 outgoing links; depth 2."
100000008557672100,terminal,0.49451364175563467,22,0.3748072360616845,Receives from 1 nodes (KZT 49.1k); no observed outgoing links; depth 2.
100000005142589100,terminal,0.49762752075919336,0,0.4748072360616845,Receives from 1 nodes (KZT 50.0k); no observed outgoing links; depth 2.
100000003747133100,consolidator,0.838523131672598,57,0.7507228647686834,Receives from 5 nodes (KZT 237.1k); sends to 2; incoming p0.98.
100000003289405100,terminal,0.6235172004744959,3,0.5326141755634639,Receives from 1 nodes (KZT 355.0k); no observed outgoing links; depth 2.
100000002691858100,terminal,0.5021500593119811,41,0.571689650059312,Receives from 1 nodes (KZT 51.5k); no observed outgoing links; depth 2.
100000007534354100,distributor,0.6801601423487544,11,0.5103981316725978,Sends to 3 nodes (KZT 147.8k); receives from 1; outgoing p0.91.
100000000765628100,terminal,0.36017200474495853,16,0.3683125741399763,Receives from 1 nodes (KZT 5.0k); no observed outgoing links; depth 2.
100000004962193100,consolidator,0.9384638196915778,0,0.8191688908659551,Receives from 8 nodes (KZT 900.5k); sends to 0; incoming p0.99.
100000005032294100,terminal,0.38107947805456704,40,0.48985394424673784,Receives from 1 nodes (KZT 10.0k); no observed outgoing links; depth 2.
100000001251686100,terminal,0.41599940688018977,3,0.44250074139976275,Receives from 1 nodes (KZT 18.0k); no observed outgoing links; depth 2.
100000002398779100,consolidator,0.9704181494661922,0,0.9292482206405693,Receives from 13 nodes (KZT 1.1m); sends to 1; incoming p1.00.
100000008512827100,distributor,0.8452698695136417,24,0.8304122182680902,Sends to 10 nodes (KZT 1.9m); receives from 3; outgoing p0.97.
100000003943483100,terminal,0.38107947805456704,8,0.4592155990510083,Receives from 1 nodes (KZT 10.0k); no observed outgoing links; depth 2.
100000005031696100,peripheral,0.13589857651245552,47,0.6206961743772242,"Limited observed structure: 1 incoming, 2 outgoing links; depth 2."
100000002703376100,terminal,0.4891755634638197,0,0.4119068801897984,Receives from 1 nodes (KZT 46.5k); no observed outgoing links; depth 2.
100000003617552100,terminal,0.44165183867141167,27,0.43941651838671414,Receives from 1 nodes (KZT 25.0k); no observed outgoing links; depth 2.
100000007617808100,terminal,0.6361951364175563,16,0.635627965599051,Receives from 1 nodes (KZT 450.0k); no observed outgoing links; depth 2.
100000002613776100,terminal,0.4575919335705813,3,0.42253855278766317,Receives from 1 nodes (KZT 30.0k); no observed outgoing links; depth 2.
100000002578405100,distributor,0.952846975088968,22,0.7732317615658364,Sends to 116 nodes (KZT 3.1m); receives from 2; outgoing p1.00.
100000006161893100,terminal,0.3962781731909846,16,0.4717341340450771,Receives from 1 nodes (KZT 14.0k); no observed outgoing links; depth 2.
100000002633701100,terminal,0.6082443653618032,5,0.4886046856465006,Receives from 1 nodes (KZT 266.9k); no observed outgoing links; depth 2.
100000002432143100,terminal,0.529655990510083,3,0.6043890865954923,Receives from 1 nodes (KZT 81.3k); no observed outgoing links; depth 2.
100000000490383100,distributor,0.8939798339264531,16,0.8118401542111506,Sends to 8 nodes (KZT 461.4k); receives from 3; outgoing p0.97.
100000005809252100,terminal,0.44165183867141167,10,0.5248702550415184,Receives from 1 nodes (KZT 25.0k); no observed outgoing links; depth 2.
100000006612238100,peripheral,0.2375444839857651,22,0.4347753558718861,"Limited observed structure: 1 incoming, 1 outgoing links; depth 2."
100000002593038100,terminal,0.4526986951364176,8,0.6027209371293001,Receives from 1 nodes (KZT 28.5k); no observed outgoing links; depth 2.
100000002947299100,terminal,0.5340302491103203,3,0.6094417259786477,Receives from 1 nodes (KZT 85.0k); no observed outgoing links; depth 2.
100000004336312100,transit,0.605876687200033,62,0.7113334956434246,Pass-through 0.80; 3 incoming and 2 outgoing links; depth 2.
100000001308856100,terminal,0.44995551601423484,22,0.30868549822064056,Receives from 1 nodes (KZT 27.0k); no observed outgoing links; depth 2.
100000008238989100,terminal,0.5917111506524318,29,0.5748517200474497,Receives from 1 nodes (KZT 200.0k); no observed outgoing links; depth 2.
100000005561741100,terminal,0.44165183867141167,18,0.5256932087781733,Receives from 1 nodes (KZT 25.0k); no observed outgoing links; depth 2.
100000006248077100,terminal,0.49762752075919336,16,0.42576364175563464,Receives from 1 nodes (KZT 50.0k); no observed outgoing links; depth 2.
100000000646541100,terminal,0.6192912218268091,0,0.5755634638196916,Receives from 3 nodes (KZT 25.3k); no observed outgoing links; depth 2.
100000006595426100,terminal,0.5333629893238434,0,0.5337633451957295,Receives from 1 nodes (KZT 84.8k); no observed outgoing links; depth 2.
100000002956898100,terminal,0.7612692763938315,4,0.6819098457888494,Receives from 2 nodes (KZT 290.2k); no observed outgoing links; depth 2.
100000001262647100,terminal,0.435349940688019,4,0.40908214709371293,Receives from 1 nodes (KZT 23.6k); no observed outgoing links; depth 2.
100000005849100100,terminal,0.4659697508896797,3,0.6055716192170819,Receives from 1 nodes (KZT 33.3k); no observed outgoing links; depth 2.
100000000533217100,terminal,0.5056346381969158,0,0.5879300118623962,Receives from 1 nodes (KZT 53.6k); no observed outgoing links; depth 2.
100000002812641100,peripheral,0.012010676156583577,5,0.5093527580071174,"Limited observed structure: 1 incoming, 1 outgoing links; depth 2."
100000008647905100,peripheral,0.13589857651245552,43,0.5130671708185053,"Limited observed structure: 1 incoming, 2 outgoing links; depth 2."
100000002842337100,terminal,0.49762752075919336,2,0.4400652431791222,Receives from 1 nodes (KZT 50.0k); no observed outgoing links; depth 2.
100000002445750100,peripheral,0.17615658362989328,0,0.5209185943060499,"Limited observed structure: 1 incoming, 1 outgoing links; depth 2."
100000005619339100,transit,0.5767400948991694,16,0.4663936536180308,Pass-through 1.09; 1 incoming and 1 outgoing links; depth 2.
100000006844768100,peripheral,0.029804270462633453,0,0.592326512455516,"Limited observed structure: 1 incoming, 2 outgoing links; depth 2."
100000002488629100,terminal,0.5239472123368921,2,0.38992808422301306,Receives from 1 nodes (KZT 73.0k); no observed outgoing links; depth 2.
100000002796853100,peripheral,0.010231316725978656,59,0.48524243772241993,"Limited observed structure: 1 incoming, 1 outgoing links; depth 2."
100000006755850100,terminal,0.6346381969157769,10,0.7872182680901543,Receives from 1 nodes (KZT 443.5k); no observed outgoing links; depth 2.
100000008733194100,distributor,0.8511269276393832,12,0.7727350237247924,Sends to 8 nodes (KZT 159.7k); receives from 4; outgoing p0.97.
100000001904863100,terminal,0.6429418742586003,40,0.7605797746144721,Receives from 1 nodes (KZT 500.0k); no observed outgoing links; depth 2.
100000001641951100,terminal,0.44165183867141167,3,0.5324325326215896,Receives from 1 nodes (KZT 25.0k); no observed outgoing links; depth 2.
100000004816564100,peripheral,0.22642348754448394,4,0.5464746441281139,"Limited observed structure: 1 incoming, 1 outgoing links; depth 2."
100000002205022100,distributor,0.874258600237248,31,0.8608355575326216,Sends to 3 nodes (KZT 518.0k); receives from 1; outgoing p0.91.
100000002267998100,distributor,0.9469157769869513,29,0.867945581257414,Sends to 3 nodes (KZT 1.1m); receives from 2; outgoing p0.91.
100000002199091100,terminal,0.5173487544483986,22,0.4056717081850534,Receives from 1 nodes (KZT 65.0k); no observed outgoing links; depth 2.
100000008571443100,terminal,0.666073546856465,12,0.5600682087781732,Receives from 2 nodes (KZT 65.0k); no observed outgoing links; depth 2.
100000002742067100,terminal,0.392497034400949,4,0.3052639383155397,Receives from 1 nodes (KZT 12.7k); no observed outgoing links; depth 2.
100000003292979100,terminal,0.49377224199288255,3,0.5807161921708185,Receives from 1 nodes (KZT 49.0k); no observed outgoing links; depth 2.
100000002558173100,terminal,0.37559311981020166,41,0.39071767497034404,Receives from 1 nodes (KZT 9.3k); no observed outgoing links; depth 2.
100000004687282100,terminal,0.42304270462633453,16,0.4384341637010677,Receives from 1 nodes (KZT 20.0k); no observed outgoing links; depth 2.
100000003034546100,terminal,0.6404211150652431,5,0.5411995848161328,Receives from 1 nodes (KZT 486.7k); no observed outgoing links; depth 2.
100000003798151100,terminal,0.6219602609727165,16,0.6792445136417556,Receives from 1 nodes (KZT 350.0k); no observed outgoing links; depth 2.
100000008710791100,distributor,0.8580219454329775,5,0.8386936536180309,Sends to 23 nodes (KZT 5.5m); receives from 3; outgoing p0.99.
100000008688476100,terminal,0.4375741399762752,22,0.2930456702253855,Receives from 1 nodes (KZT 24.0k); no observed outgoing links; depth 2.
100000003242289100,distributor,0.9041370106761567,28,0.8120106761565837,Sends to 23 nodes (KZT 2.4m); receives from 3; outgoing p0.99.
100000006564102100,terminal,0.6000889679715303,3,0.6985097864768683,Receives from 1 nodes (KZT 233.2k); no observed outgoing links; depth 2.
100000001526235100,distributor,0.9254151838671412,13,0.8434311981020167,Sends to 8 nodes (KZT 432.8k); receives from 3; outgoing p0.97.
100000004398811100,distributor,0.8297746144721234,3,0.6476238137603796,Sends to 3 nodes (KZT 1.0m); receives from 1; outgoing p0.91.
100000002957787100,distributor,0.9426897983392646,0,0.853110172004745,Sends to 34 nodes (KZT 1.3m); receives from 4; outgoing p0.99.
100000002621915100,terminal,0.36017200474495853,16,0.4413775207591934,Receives from 1 nodes (KZT 5.0k); no observed outgoing links; depth 2.
100000008283183100,terminal,0.45388493475682085,22,0.314805753262159,Receives from 1 nodes (KZT 29.0k); no observed outgoing links; depth 2.
100000003843844100,peripheral,0.2375444839857651,12,0.4330627224199288,"Limited observed structure: 1 incoming, 1 outgoing links; depth 3."
100000000954884100,terminal,0.4673042704626334,38,0.4513678825622776,Receives from 1 nodes (KZT 34.0k); no observed outgoing links; depth 3.
100000005893892100,terminal,0.5511565836298933,10,0.4333407473309609,Receives from 1 nodes (KZT 102.8k); no observed outgoing links; depth 3.
100000001819396100,terminal,0.5799228944246738,14,0.5678899762752077,Receives from 1 nodes (KZT 166.1k); no observed outgoing links; depth 3.
100000008472324100,terminal,0.5938612099644128,10,0.4974421708185054,Receives from 1 nodes (KZT 205.2k); no observed outgoing links; depth 3.
100000002646745100,terminal,0.3911625148279953,22,0.20043742586002372,Receives from 1 nodes (KZT 12.3k); no observed outgoing links; depth 3.
100000008405209100,terminal,0.50711743772242,28,0.4353870106761566,Receives from 1 nodes (KZT 54.4k); no observed outgoing links; depth 3.
100000004417753100,terminal,0.7372479240806643,3,0.6668297746144721,Receives from 2 nodes (KZT 192.1k); no observed outgoing links; depth 3.
100000003457710100,peripheral,0.04181494661921703,10,0.4494995551601424,"Limited observed structure: 1 incoming, 1 outgoing links; depth 3."
100000007333038100,peripheral,0.13589857651245552,24,0.3080738434163701,"Limited observed structure: 1 incoming, 2 outgoing links; depth 3."
100000006444163100,terminal,0.36728944246737844,0,0.3788107947805457,Receives from 1 nodes (KZT 6.0k); no observed outgoing links; depth 3.
100000008706947100,terminal,0.4119958481613286,22,0.22492956702253858,Receives from 1 nodes (KZT 17.2k); no observed outgoing links; depth 3.
100000008761219100,peripheral,0.13589857651245552,60,0.531483540925267,"Limited observed structure: 2 incoming, 2 outgoing links; depth 3."
100000005022552100,peripheral,0.2375444839857651,16,0.5360653914590747,"Limited observed structure: 1 incoming, 1 outgoing links; depth 3."
100000008735832100,terminal,0.41414590747330965,22,0.22786921708185054,Receives from 1 nodes (KZT 17.6k); no observed outgoing links; depth 3.
100000005661528100,terminal,0.44165183867141167,1,0.3598346678529063,Receives from 1 nodes (KZT 25.0k); no observed outgoing links; depth 3.
100000002529880100,terminal,0.7186387900355872,42,0.647075177935943,Receives from 2 nodes (KZT 147.0k); no observed outgoing links; depth 3.
100000001969496100,terminal,0.4320877817319098,40,0.35815539739027286,Receives from 1 nodes (KZT 22.7k); no observed outgoing links; depth 3.
100000003215448100,peripheral,0.13589857651245552,1,0.4576401245551602,"Limited observed structure: 1 incoming, 2 outgoing links; depth 3."
100000006894637100,terminal,0.5038552787663108,0,0.40603499406880195,Receives from 1 nodes (KZT 52.8k); no observed outgoing links; depth 3.
100000002936322100,terminal,0.805753262158956,1,0.7158288849347568,Receives from 2 nodes (KZT 787.1k); no observed outgoing links; depth 3.
100000005061890100,terminal,0.5386269276393831,3,0.595622034400949,Receives from 1 nodes (KZT 90.0k); no observed outgoing links; depth 3.
100000004017410100,distributor,0.953514234875445,62,0.8673153914590749,Sends to 5 nodes (KZT 1.3m); receives from 2; outgoing p0.95.
100000002983426100,terminal,0.5370699881376039,18,0.5227906287069988,Receives from 1 nodes (KZT 88.9k); no observed outgoing links; depth 3.
100000005530114100,peripheral,0.14346085409252674,28,0.5520462633451958,"Limited observed structure: 2 incoming, 1 outgoing links; depth 3."
100000001169666100,peripheral,0.2375444839857651,18,0.583818950177936,"Limited observed structure: 1 incoming, 1 outgoing links; depth 3."
100000001784279100,terminal,0.47108540925266906,0,0.36250000000000004,Receives from 1 nodes (KZT 35.7k); no observed outgoing links; depth 3.
100000008744364100,terminal,0.43638790035587194,22,0.2586743772241993,Receives from 1 nodes (KZT 23.7k); no observed outgoing links; depth 3.
100000008714412100,terminal,0.5814056939501779,18,0.6220195729537367,Receives from 1 nodes (KZT 169.0k); no observed outgoing links; depth 3.
100000007754369100,terminal,0.530693950177936,0,0.4475311387900356,Receives from 1 nodes (KZT 82.4k); no observed outgoing links; depth 3.
100000003122817100,terminal,0.6347864768683275,14,0.6483318505338078,Receives from 1 nodes (KZT 444.7k); no observed outgoing links; depth 3.
100000003711830100,terminal,0.49762752075919336,1,0.43482725385527876,Receives from 1 nodes (KZT 50.0k); no observed outgoing links; depth 3.
100000001110358100,terminal,0.6128410438908659,0,0.4510972716488731,Receives from 2 nodes (KZT 32.0k); no observed outgoing links; depth 3.
100000006530134100,terminal,0.717526690391459,10,0.566770462633452,Receives from 2 nodes (KZT 144.7k); no observed outgoing links; depth 3.
100000001639766100,terminal,0.42304270462633453,2,0.43638790035587194,Receives from 1 nodes (KZT 20.0k); no observed outgoing links; depth 3.
100000003242795100,terminal,0.5554567022538554,10,0.4386639976275208,Receives from 1 nodes (KZT 111.0k); no observed outgoing links; depth 3.
100000004970752100,terminal,0.38107947805456704,0,0.48695136417556345,Receives from 1 nodes (KZT 10.0k); no observed outgoing links; depth 3.
100000004564736100,terminal,0.4010231316725979,29,0.4425155693950178,Receives from 1 nodes (KZT 15.0k); no observed outgoing links; depth 3.
100000005873152100,transit,0.724273428232503,11,0.6669113285883749,Pass-through 1.00; 1 incoming and 1 outgoing links; depth 3.
100000001637376100,peripheral,0.19661921708185048,10,0.4132006227758007,"Limited observed structure: 1 incoming, 1 outgoing links; depth 3."
100000006710485100,terminal,0.42304270462633453,22,0.24015791814946622,Receives from 1 nodes (KZT 20.0k); no observed outgoing links; depth 3.
100000003582677100,peripheral,0.0653914590747331,3,0.3881116548042705,"Limited observed structure: 2 incoming, 4 outgoing links; depth 3."
100000008713685100,terminal,0.49495848161328587,22,0.3390421115065243,Receives from 1 nodes (KZT 49.7k); no observed outgoing links; depth 3.
100000008070101100,terminal,0.5481168446026098,5,0.5199028766310796,Receives from 1 nodes (KZT 100.0k); no observed outgoing links; depth 3.
100000004475818100,peripheral,0.08896797153024916,10,0.4131116548042705,"Limited observed structure: 1 incoming, 3 outgoing links; depth 3."
100000007197866100,peripheral,0.2375444839857651,1,0.3337077402135231,"Limited observed structure: 1 incoming, 1 outgoing links; depth 3."
100000006965162100,terminal,0.38107947805456704,15,0.37368401542111507,Receives from 1 nodes (KZT 10.0k); no observed outgoing links; depth 3.
100000005995391100,terminal,0.4119958481613286,22,0.22492956702253858,Receives from 1 nodes (KZT 17.2k); no observed outgoing links; depth 3.
100000003834495100,consolidator,0.9049525504151839,0,0.8196100237247925,Receives from 3 nodes (KZT 602.4k); sends to 1; incoming p0.94.
100000001223977100,peripheral,0.2375444839857651,47,0.4663589857651245,"Limited observed structure: 1 incoming, 1 outgoing links; depth 3."
100000001046057100,terminal,0.5321767497034401,42,0.5182977461447212,Receives from 1 nodes (KZT 83.4k); no observed outgoing links; depth 3.
100000002989353100,peripheral,0.08896797153024916,24,0.44143683274021356,"Limited observed structure: 1 incoming, 2 outgoing links; depth 3."
100000006714366100,peripheral,0.2375444839857651,12,0.2928714412811388,"Limited observed structure: 1 incoming, 1 outgoing links; depth 3."
100000001063678100,peripheral,0.13589857651245552,29,0.4723420818505339,"Limited observed structure: 1 incoming, 2 outgoing links; depth 3."
100000004889043100,terminal,0.7577105575326216,0,0.5987025504151839,Receives from 2 nodes (KZT 272.0k); no observed outgoing links; depth 3.
100000002984403100,peripheral,0.2375444839857651,13,0.440780693950178,"Limited observed structure: 1 incoming, 1 outgoing links; depth 3."
100000003951827100,peripheral,0.13589857651245552,0,0.26500222419928826,"Limited observed structure: 1 incoming, 2 outgoing links; depth 3."
100000000933075100,peripheral,0.07072953736654808,8,0.5942838078291814,"Limited observed structure: 1 incoming, 2 outgoing links; depth 3."
100000008502995100,terminal,0.44165183867141167,0,0.5377706109134046,Receives from 1 nodes (KZT 25.0k); no observed outgoing links; depth 3.
100000008086440100,distributor,0.7841785290628707,0,0.6829440984578885,Sends to 5 nodes (KZT 161.3k); receives from 1; outgoing p0.95.
100000008465789100,distributor,0.7061832740213524,42,0.6487878113879003,Sends to 16 nodes (KZT 1.9m); receives from 1; outgoing p0.98.
100000002550141100,terminal,0.5502669039145908,1,0.5152135231316726,Receives from 1 nodes (KZT 100.6k); no observed outgoing links; depth 3.
100000008739887100,peripheral,0.12989323843416367,1,0.5471307829181495,"Limited observed structure: 2 incoming, 2 outgoing links; depth 3."
100000008532050100,terminal,0.6370106761565836,10,0.5709297153024911,Receives from 1 nodes (KZT 455.2k); no observed outgoing links; depth 3.
100000008422226100,terminal,0.5361803084223012,0,0.43540183867141163,Receives from 1 nodes (KZT 87.5k); no observed outgoing links; depth 3.
100000002369874100,consolidator,0.8165776986951364,5,0.7773873072360616,Receives from 4 nodes (KZT 600.0k); sends to 0; incoming p0.97.
100000003321895100,peripheral,0.12010676156583633,54,0.4981983985765125,"Limited observed structure: 1 incoming, 2 outgoing links; depth 3."
100000001875239100,consolidator,0.8069395017793594,5,0.7737433274021353,Receives from 3 nodes (KZT 712.0k); sends to 0; incoming p0.94.
100000002216999100,terminal,0.4359430604982206,22,0.2581850533807829,Receives from 1 nodes (KZT 23.7k); no observed outgoing links; depth 3.
100000002653948100,terminal,0.5345492289442467,10,0.41177342823250296,Receives from 1 nodes (KZT 85.2k); no observed outgoing links; depth 3.
100000008632060100,distributor,0.6165480427046263,0,0.5111543594306049,Sends to 9 nodes (KZT 339.2k); receives from 1; outgoing p0.97.
100000008746449100,distributor,0.650726571767497,5,0.5974236358244366,Sends to 10 nodes (KZT 1.0m); receives from 1; outgoing p0.97.
100000003031761100,terminal,0.6380486358244365,1,0.5269498813760379,Receives from 1 nodes (KZT 460.4k); no observed outgoing links; depth 3.
100000008388049100,terminal,0.6419039145907474,24,0.5430160142348754,Receives from 1 nodes (KZT 496.4k); no observed outgoing links; depth 3.
100000002677201100,peripheral,0.2375444839857651,42,0.5493216192170819,"Limited observed structure: 1 incoming, 1 outgoing links; depth 3."
100000002901457100,distributor,0.8099051008303677,0,0.7139197805456702,Sends to 3 nodes (KZT 119.0k); receives from 1; outgoing p0.91.
100000001160401100,terminal,0.4914739027283512,0,0.45934534400948995,Receives from 1 nodes (KZT 47.2k); no observed outgoing links; depth 3.
100000002842321100,terminal,0.5772538552787664,10,0.4723161328588375,Receives from 1 nodes (KZT 160.0k); no observed outgoing links; depth 3.
100000002547110100,consolidator,0.9299377224199289,42,0.8693171708185055,Receives from 6 nodes (KZT 1.5m); sends to 0; incoming p0.99.
100000001600934100,peripheral,0.008007117437722422,1,0.5566392348754449,"Limited observed structure: 1 incoming, 1 outgoing links; depth 3."
100000002818726100,terminal,0.3870106761565837,12,0.3004893238434164,Receives from 1 nodes (KZT 10.9k); no observed outgoing links; depth 3.
100000008712827100,terminal,0.5263938315539739,22,0.38533511269276394,Receives from 1 nodes (KZT 76.0k); no observed outgoing links; depth 3.
100000008259451100,terminal,0.5080071174377224,40,0.4640569395017794,Receives from 1 nodes (KZT 55.0k); no observed outgoing links; depth 3.
100000003060517100,terminal,0.6172894424673784,28,0.6204478054567022,Receives from 1 nodes (KZT 316.0k); no observed outgoing links; depth 3.
100000002621434100,terminal,0.5291370106761566,5,0.4966303380782918,Receives from 1 nodes (KZT 81.0k); no observed outgoing links; depth 3.
100000001860090100,terminal,0.36017200474495853,2,0.3272316132858838,Receives from 1 nodes (KZT 5.0k); no observed outgoing links; depth 3.
100000004689658100,peripheral,0.14946619217081847,1,0.545407028469751,"Limited observed structure: 1 incoming, 1 outgoing links; depth 3."
100000003486970100,terminal,0.5716192170818505,10,0.46496886120996445,Receives from 1 nodes (KZT 150.0k); no observed outgoing links; depth 3.
100000004659919100,coordinator,0.7622330960854092,47,0.7997108540925267,Links 1 in/1 out; reached by 10 seeds; PageRank p0.92.
100000006111439100,transit,0.6789377157880594,10,0.6139515107975486,Pass-through 1.17; 3 incoming and 4 outgoing links; depth 3.
100000002521039100,terminal,0.6215895610913404,0,0.5704997034400949,Receives from 1 nodes (KZT 349.4k); no observed outgoing links; depth 3.
100000008493007100,transit,0.724273428232503,22,0.3951364175563464,Pass-through 1.00; 1 incoming and 1 outgoing links; depth 3.
100000007793871100,terminal,0.4452846975088968,11,0.597864768683274,Receives from 1 nodes (KZT 26.0k); no observed outgoing links; depth 3.
100000001650895100,peripheral,0.2375444839857651,18,0.5503225088967971,"Limited observed structure: 1 incoming, 1 outgoing links; depth 3."
100000002567887100,terminal,0.500741399762752,10,0.3722494068801898,Receives from 1 nodes (KZT 50.9k); no observed outgoing links; depth 3.
100000008055972100,terminal,0.45203143534994067,22,0.27886639976275207,Receives from 1 nodes (KZT 28.3k); no observed outgoing links; depth 3.
100000008684452100,terminal,0.5023724792408066,22,0.3475682087781732,Receives from 1 nodes (KZT 51.8k); no observed outgoing links; depth 3.
100000000764836100,peripheral,0.13589857651245552,1,0.5107095195729537,"Limited observed structure: 1 incoming, 2 outgoing links; depth 3."
100000003072676100,terminal,0.46293001186239624,28,0.39193357058125744,Receives from 1 nodes (KZT 31.5k); no observed outgoing links; depth 3.
100000008757369100,peripheral,0.2375444839857651,0,0.35192393238434166,"Limited observed structure: 1 incoming, 1 outgoing links; depth 3."
100000007618425100,terminal,0.4767200474495848,28,0.4139976275207592,Receives from 1 nodes (KZT 39.3k); no observed outgoing links; depth 3.
100000004671609100,terminal,0.5481168446026098,24,0.5682569691577699,Receives from 1 nodes (KZT 100.0k); no observed outgoing links; depth 3.
100000004676985100,transit,0.45779275040650597,0,0.3903712303062528,Pass-through 0.84; 1 incoming and 1 outgoing links; depth 3.
100000002531406100,transit,0.660170864129939,1,0.5751072178118442,Pass-through 0.96; 1 incoming and 1 outgoing links; depth 3.
100000002877262100,terminal,0.5481168446026098,42,0.5529322360616845,Receives from 1 nodes (KZT 100.0k); no observed outgoing links; depth 3.
100000007591246100,peripheral,0.2375444839857651,12,0.4387789145907473,"Limited observed structure: 1 incoming, 1 outgoing links; depth 3."
100000008712184100,terminal,0.41599940688018977,22,0.23066800118623962,Receives from 1 nodes (KZT 18.0k); no observed outgoing links; depth 3.
100000002975437100,peripheral,0.12633451957295372,36,0.5699399466192171,"Limited observed structure: 1 incoming, 1 outgoing links; depth 3."
100000005008589100,terminal,0.4827995255041519,0,0.4478573546856465,Receives from 1 nodes (KZT 42.8k); no observed outgoing links; depth 3.
100000000782285100,terminal,0.3678825622775801,0,0.3808718861209965,Receives from 1 nodes (KZT 6.2k); no observed outgoing links; depth 3.
100000005198498100,terminal,0.4532918149466192,22,0.2804937722419929,Receives from 1 nodes (KZT 28.8k); no observed outgoing links; depth 3.
100000008517538100,distributor,0.7975978647686833,5,0.7667482206405695,Sends to 17 nodes (KZT 1.4m); receives from 3; outgoing p0.99.
100000005756535100,terminal,0.42304270462633453,22,0.42059608540925275,Receives from 1 nodes (KZT 20.0k); no observed outgoing links; depth 3.
100000004917367100,terminal,0.7088523131672598,10,0.5390458185053382,Receives from 2 nodes (KZT 120.0k); no observed outgoing links; depth 3.
100000001222263100,peripheral,0.06227758007117434,10,0.48777802491103206,"Limited observed structure: 1 incoming, 1 outgoing links; depth 3."
100000001149815100,terminal,0.3896797153024911,22,0.19839857651245554,Receives from 1 nodes (KZT 12.0k); no observed outgoing links; depth 3.
100000006020215100,transit,0.5470442862791617,12,0.48829576907868727,Pass-through 1.13; 1 incoming and 2 outgoing links; depth 3.
100000000673868100,distributor,0.9615213523131674,33,0.851901690391459,Sends to 5 nodes (KZT 383.0k); receives from 1; outgoing p0.95.
100000008749900100,terminal,0.41147686832740216,22,0.22404359430604984,Receives from 1 nodes (KZT 17.1k); no observed outgoing links; depth 3.
100000002862113100,terminal,0.49199288256227763,40,0.4415480427046264,Receives from 1 nodes (KZT 47.4k); no observed outgoing links; depth 3.
100000001066017100,distributor,0.6862396204033215,0,0.6140087485172006,Sends to 4 nodes (KZT 82.5k); receives from 2; outgoing p0.93.
100000008436257100,terminal,0.6181049822064056,28,0.46491325622775803,Receives from 2 nodes (KZT 35.0k); no observed outgoing links; depth 3.
100000003016438100,peripheral,0.13567615658362986,42,0.5631338967971531,"Limited observed structure: 1 incoming, 1 outgoing links; depth 3."
100000002534091100,terminal,0.43156880189798336,1,0.3814019869513642,Receives from 1 nodes (KZT 22.2k); no observed outgoing links; depth 3.
100000006882208100,terminal,0.41599940688018977,16,0.5107391755634638,Receives from 1 nodes (KZT 18.0k); no observed outgoing links; depth 3.
100000005362848100,terminal,0.45388493475682085,18,0.4005931198102017,Receives from 1 nodes (KZT 29.0k); no observed outgoing links; depth 3.
100000001073568100,peripheral,0.07784697508896798,40,0.5671485765124555,"Limited observed structure: 1 incoming, 2 outgoing links; depth 3."
100000008687733100,terminal,0.39857651245551606,22,0.2095195729537367,Receives from 1 nodes (KZT 14.7k); no observed outgoing links; depth 3.
100000007229557100,consolidator,0.8500889679715303,35,0.815980871886121,Receives from 3 nodes (KZT 878.0k); sends to 0; incoming p0.94.
100000001052789100,terminal,0.5231316725978647,43,0.4642348754448399,Receives from 1 nodes (KZT 71.0k); no observed outgoing links; depth 3.
100000006967370100,peripheral,0.2375444839857651,28,0.37489991103202847,"Limited observed structure: 1 incoming, 1 outgoing links; depth 3."
100000001837130100,terminal,0.5830367734282326,0,0.5272760972716488,Receives from 1 nodes (KZT 172.9k); no observed outgoing links; depth 3.
100000005820746100,peripheral,0.02802491103202842,21,0.5250556049822065,"Limited observed structure: 1 incoming, 1 outgoing links; depth 3."
100000002883402100,consolidator,0.7015124555160143,5,0.6845529359430607,Receives from 3 nodes (KZT 300.0k); sends to 0; incoming p0.94.
100000008582730100,transit,0.724273428232503,43,0.5996404211150653,Pass-through 1.00; 1 incoming and 1 outgoing links; depth 3.
100000003116106100,terminal,0.641459074733096,10,0.5790480427046263,Receives from 1 nodes (KZT 494.1k); no observed outgoing links; depth 3.
100000001818442100,terminal,0.4819098457888494,18,0.44254151838671413,Receives from 1 nodes (KZT 42.2k); no observed outgoing links; depth 3.
100000008690762100,terminal,0.4488434163701068,22,0.27404359430604985,Receives from 1 nodes (KZT 26.8k); no observed outgoing links; depth 3.
100000008712991100,terminal,0.5185349940688019,22,0.37231613285883747,Receives from 1 nodes (KZT 66.1k); no observed outgoing links; depth 3.
100000003292191100,terminal,0.5559756820877818,35,0.5583889383155398,Receives from 1 nodes (KZT 112.0k); no observed outgoing links; depth 3.
100000005367284100,peripheral,0.13589857651245552,0,0.3352201957295374,"Limited observed structure: 1 incoming, 2 outgoing links; depth 3."
100000003216073100,peripheral,0.2375444839857651,1,0.2857095195729537,"Limited observed structure: 1 incoming, 1 outgoing links; depth 3."
100000006169033100,distributor,0.8564650059311981,66,0.7559423190984579,Sends to 3 nodes (KZT 1.1m); receives from 1; outgoing p0.91.
100000004407753100,peripheral,0.059163701067615704,15,0.577057384341637,"Limited observed structure: 1 incoming, 1 outgoing links; depth 3."
100000004420041100,distributor,0.74644128113879,8,0.6375333629893238,Sends to 7 nodes (KZT 651.8k); receives from 1; outgoing p0.96.
100000004715209100,distributor,0.6066874258600237,50,0.5055642052194543,Sends to 5 nodes (KZT 350.4k); receives from 1; outgoing p0.95.
100000004580254100,terminal,0.5997924080664294,28,0.4986135824436536,Receives from 2 nodes (KZT 27.9k); no observed outgoing links; depth 3.
100000001056414100,terminal,0.6049822064056939,24,0.48116103202846977,Receives from 1 nodes (KZT 250.0k); no observed outgoing links; depth 3.
100000008686494100,terminal,0.40599051008303677,22,0.21710038552787664,Receives from 1 nodes (KZT 15.7k); no observed outgoing links; depth 3.
100000002822472100,terminal,0.7566725978647687,24,0.6908585409252669,Receives from 2 nodes (KZT 266.7k); no observed outgoing links; depth 3.
100000001831496100,peripheral,0.17637900355871883,11,0.43765569395017795,"Limited observed structure: 1 incoming, 1 outgoing links; depth 3."
100000008732488100,peripheral,0.2375444839857651,1,0.480104537366548,"Limited observed structure: 1 incoming, 1 outgoing links; depth 3."
100000004007197100,terminal,0.3856761565836299,34,0.19766459074733095,Receives from 1 nodes (KZT 10.0k); no observed outgoing links; depth 3.
100000002815005100,terminal,0.6395314353499407,5,0.6695581257413998,Receives from 1 nodes (KZT 476.5k); no observed outgoing links; depth 3.
100000005756189100,peripheral,0.2375444839857651,10,0.3651801601423488,"Limited observed structure: 1 incoming, 1 outgoing links; depth 3."
100000004877085100,peripheral,0.08896797153024916,12,0.39445062277580073,"Limited observed structure: 1 incoming, 3 outgoing links; depth 3."
100000002713074100,peripheral,0.06405693950177938,28,0.5756783807829182,"Limited observed structure: 2 incoming, 1 outgoing links; depth 3."
100000002356167100,peripheral,0.13589857651245552,10,0.44096975088967977,"Limited observed structure: 1 incoming, 2 outgoing links; depth 3."
100000004140487100,distributor,0.6310053380782918,3,0.5264790925266905,Sends to 10 nodes (KZT 262.6k); receives from 1; outgoing p0.97.
100000003147719100,terminal,0.5481168446026098,5,0.5205478944246738,Receives from 1 nodes (KZT 100.0k); no observed outgoing links; depth 3.
100000008745884100,terminal,0.42304270462633453,22,0.24015791814946622,Receives from 1 nodes (KZT 20.0k); no observed outgoing links; depth 3.
100000002559089100,terminal,0.8029359430604982,24,0.7959964412811389,Receives from 2 nodes (KZT 715.0k); no observed outgoing links; depth 3.
100000004984689100,terminal,0.5047449584816133,1,0.443379300118624,Receives from 1 nodes (KZT 53.0k); no observed outgoing links; depth 3.
100000004340038100,peripheral,0.2375444839857651,12,0.3555938612099644,"Limited observed structure: 1 incoming, 1 outgoing links; depth 3."
100000005052998100,peripheral,0.2375444839857651,0,0.3033696619217082,"Limited observed structure: 1 incoming, 1 outgoing links; depth 3."
100000007597382100,terminal,0.40599051008303677,10,0.28314798339264535,Receives from 1 nodes (KZT 15.7k); no observed outgoing links; depth 3.
100000008697670100,terminal,0.4443950177935943,22,0.2675934163701068,Receives from 1 nodes (KZT 25.4k); no observed outgoing links; depth 3.
100000008460102100,distributor,0.7429567022538554,46,0.5490176453143535,Sends to 31 nodes (KZT 476.6k); receives from 1; outgoing p0.99.
100000004399686100,terminal,0.6577698695136417,21,0.6282325029655991,Receives from 1 nodes (KZT 806.0k); no observed outgoing links; depth 3.
100000008688155100,terminal,0.43512752075919336,22,0.2569913997627521,Receives from 1 nodes (KZT 23.6k); no observed outgoing links; depth 3.
100000004386331100,transit,0.5498220640569396,8,0.6500222419928825,Pass-through 0.88; 1 incoming and 2 outgoing links; depth 3.
100000007999728100,terminal,0.43416370106761565,40,0.3611432384341637,Receives from 1 nodes (KZT 23.2k); no observed outgoing links; depth 3.
100000001597424100,terminal,0.49303084223013044,40,0.4433199881376038,Receives from 1 nodes (KZT 48.1k); no observed outgoing links; depth 3.
100000003677936100,peripheral,0.2375444839857651,2,0.4486766014234876,"Limited observed structure: 1 incoming, 1 outgoing links; depth 3."
100000002943472100,terminal,0.5820729537366548,42,0.6052602313167259,Receives from 1 nodes (KZT 170.0k); no observed outgoing links; depth 3.
100000004892144100,peripheral,0.0040035587188611554,21,0.5855760676156584,"Limited observed structure: 2 incoming, 1 outgoing links; depth 3."
100000008077552100,terminal,0.5948991696322657,1,0.5819543297746146,Receives from 1 nodes (KZT 214.0k); no observed outgoing links; depth 3.
100000002914245100,terminal,0.5670225385527877,1,0.41230723606168446,Receives from 1 nodes (KZT 140.6k); no observed outgoing links; depth 3.
100000004906181100,distributor,0.6876482799525504,20,0.5746700771055753,Sends to 7 nodes (KZT 2.5m); receives from 1; outgoing p0.96.
100000008514970100,peripheral,0.1717081850533808,1,0.41758229537366554,"Limited observed structure: 1 incoming, 1 outgoing links; depth 3."
100000008258458100,peripheral,0.04359430604982206,70,0.42742437722419935,"Limited observed structure: 1 incoming, 2 outgoing links; depth 3."
100000003484058100,peripheral,0.2375444839857651,40,0.4783474199288257,"Limited observed structure: 1 incoming, 1 outgoing links; depth 3."
100000003574895100,peripheral,0.2375444839857651,0,0.3218305160142349,"Limited observed structure: 1 incoming, 1 outgoing links; depth 3."
100000000896111100,terminal,0.611803084223013,21,0.5434534400948992,Receives from 1 nodes (KZT 287.1k); no observed outgoing links; depth 3.
100000008715887100,terminal,0.41599940688018977,22,0.23066800118623962,Receives from 1 nodes (KZT 18.0k); no observed outgoing links; depth 3.
100000000560751100,terminal,0.44165183867141167,12,0.5215339561091341,Receives from 1 nodes (KZT 25.0k); no observed outgoing links; depth 3.
100000008708207100,terminal,0.7873665480427047,5,0.7704181494661922,Receives from 2 nodes (KZT 465.0k); no observed outgoing links; depth 3.
100000003152964100,peripheral,0.2375444839857651,1,0.48277357651245556,"Limited observed structure: 1 incoming, 1 outgoing links; depth 3."
100000004991812100,terminal,0.38107947805456704,29,0.41199584816132856,Receives from 1 nodes (KZT 10.0k); no observed outgoing links; depth 3.
100000000291908100,peripheral,0.08807829181494664,7,0.573810053380783,"Limited observed structure: 1 incoming, 1 outgoing links; depth 3."
100000003132484100,terminal,0.5386269276393831,5,0.5169521055753261,Receives from 1 nodes (KZT 90.0k); no observed outgoing links; depth 3.
100000004077081100,distributor,0.6702253855278766,3,0.5668334816132858,Sends to 4 nodes (KZT 615.0k); receives from 1; outgoing p0.93.
100000004770073100,transit,0.7228790472522255,0,0.3852460073646578,Pass-through 1.00; 1 incoming and 1 outgoing links; depth 3.
100000003163886100,terminal,0.6429418742586003,31,0.7928084223013049,Receives from 1 nodes (KZT 500.0k); no observed outgoing links; depth 3.
100000000795374100,terminal,0.49762752075919336,1,0.43482725385527876,Receives from 1 nodes (KZT 50.0k); no observed outgoing links; depth 3.
100000002391278100,peripheral,0.2375444839857651,48,0.42416592526690394,"Limited observed structure: 1 incoming, 1 outgoing links; depth 3."
100000004635886100,terminal,0.43305160142348753,16,0.3623109430604982,Receives from 1 nodes (KZT 23.0k); no observed outgoing links; depth 3.
100000000413678100,distributor,0.7382858837485172,1,0.6613841933570581,Sends to 3 nodes (KZT 528.2k); receives from 2; outgoing p0.91.
100000008659950100,terminal,0.6042408066429419,42,0.6425637603795967,Receives from 1 nodes (KZT 246.0k); no observed outgoing links; depth 3.
100000003964910100,terminal,0.8125,28,0.7523687722419928,Receives from 2 nodes (KZT 1.0m); no observed outgoing links; depth 3.
100000008764654100,terminal,0.4464709371293001,22,0.27069246737841046,Receives from 1 nodes (KZT 26.1k); no observed outgoing links; depth 3.
100000005830339100,consolidator,0.8483096085409253,3,0.7528247330960854,Receives from 5 nodes (KZT 476.3k); sends to 1; incoming p0.98.
100000002032323100,peripheral,0.05516014234875444,42,0.5468082740213523,"Limited observed structure: 1 incoming, 1 outgoing links; depth 3."
100000008668099100,terminal,0.40599051008303677,22,0.21710038552787664,Receives from 1 nodes (KZT 15.7k); no observed outgoing links; depth 3.
100000008634520100,terminal,0.5386269276393831,42,0.538304418742586,Receives from 1 nodes (KZT 90.0k); no observed outgoing links; depth 3.
100000002103448100,terminal,0.44995551601423484,22,0.2756005338078292,Receives from 1 nodes (KZT 27.0k); no observed outgoing links; depth 3.
100000005996909100,terminal,0.36476868327402134,4,0.37266459074733094,Receives from 1 nodes (KZT 5.5k); no observed outgoing links; depth 3.
100000007392365100,distributor,0.646426453143535,65,0.5356946915776987,Sends to 6 nodes (KZT 1.8m); receives from 1; outgoing p0.96.
100000008279405100,terminal,0.6005338078291815,1,0.5900800711743772,Receives from 1 nodes (KZT 234.7k); no observed outgoing links; depth 3.
100000008343874100,peripheral,0.13589857651245552,1,0.5119773131672598,"Limited observed structure: 2 incoming, 2 outgoing links; depth 3."
100000002548759100,terminal,0.7749110320284697,5,0.7139012455516015,Receives from 2 nodes (KZT 375.0k); no observed outgoing links; depth 3.
100000003069463100,peripheral,0.2375444839857651,14,0.31151023131672595,"Limited observed structure: 1 incoming, 1 outgoing links; depth 3."
100000008474391100,terminal,0.42304270462633453,29,0.4705738434163701,Receives from 1 nodes (KZT 20.0k); no observed outgoing links; depth 3.
100000003097324100,terminal,0.7617141162514827,35,0.7279285290628706,Receives from 2 nodes (KZT 294.0k); no observed outgoing links; depth 3.
100000001852140100,terminal,0.4575919335705813,52,0.4728721826809016,Receives from 1 nodes (KZT 30.0k); no observed outgoing links; depth 3.
100000003293377100,terminal,0.49762752075919336,10,0.36915776986951365,Receives from 1 nodes (KZT 50.0k); no observed outgoing links; depth 3.
100000006048193100,terminal,0.48116844602609726,0,0.4238953143534994,Receives from 1 nodes (KZT 41.6k); no observed outgoing links; depth 3.
100000002435265100,terminal,0.5642052194543298,0,0.47701660735468565,Receives from 1 nodes (KZT 132.6k); no observed outgoing links; depth 3.
100000004587414100,terminal,0.7946322657176749,10,0.6698991696322657,Receives from 2 nodes (KZT 533.6k); no observed outgoing links; depth 3.
100000001726614100,terminal,0.5658362989323843,0,0.5009786476868328,Receives from 1 nodes (KZT 138.7k); no observed outgoing links; depth 3.
100000003934614100,peripheral,0.14346085409252674,62,0.40878558718861213,"Limited observed structure: 2 incoming, 1 outgoing links; depth 3."
100000008772246100,terminal,0.4848013048635824,22,0.3255708778173191,Receives from 1 nodes (KZT 44.5k); no observed outgoing links; depth 3.
100000002603371100,terminal,0.37559311981020166,0,0.28911625148279957,Receives from 1 nodes (KZT 9.3k); no observed outgoing links; depth 3.
100000004445291100,terminal,0.4191874258600237,13,0.423591340450771,Receives from 1 nodes (KZT 19.5k); no observed outgoing links; depth 3.
100000008571243100,terminal,0.5646500593119811,18,0.5976571767497035,Receives from 1 nodes (KZT 134.0k); no observed outgoing links; depth 3.
100000001138283100,peripheral,0.13589857651245552,1,0.4335965302491103,"Limited observed structure: 1 incoming, 2 outgoing links; depth 3."
100000002593344100,terminal,0.7821767497034401,5,0.7655619810201661,Receives from 2 nodes (KZT 431.0k); no observed outgoing links; depth 3.
100000007390016100,peripheral,0.017793594306049876,85,0.5996997330960855,"Limited observed structure: 1 incoming, 1 outgoing links; depth 3."
100000001285440100,terminal,0.7519276393831554,35,0.7148279952550416,Receives from 2 nodes (KZT 243.0k); no observed outgoing links; depth 3.
100000006746688100,terminal,0.48035290628707,22,0.31761936536180313,Receives from 1 nodes (KZT 41.0k); no observed outgoing links; depth 3.
100000006471232100,terminal,0.48146500593119806,22,0.32001037959667855,Receives from 1 nodes (KZT 41.8k); no observed outgoing links; depth 3.
100000008662805100,terminal,0.4093268090154211,22,0.2215487841043891,Receives from 1 nodes (KZT 16.5k); no observed outgoing links; depth 3.
100000004292885100,terminal,0.5563463819691578,22,0.429811684460261,Receives from 1 nodes (KZT 112.7k); no observed outgoing links; depth 3.
100000008190442100,terminal,0.39331257413997633,22,0.2034882858837485,Receives from 1 nodes (KZT 13.0k); no observed outgoing links; depth 3.
100000007131370100,transit,0.724273428232503,4,0.6790999406880189,Pass-through 1.00; 1 incoming and 1 outgoing links; depth 3.
100000008717802100,terminal,0.4464709371293001,22,0.27069246737841046,Receives from 1 nodes (KZT 26.1k); no observed outgoing links; depth 3.
100000005357034100,terminal,0.3763345195729538,0,0.25838523131672597,Receives from 1 nodes (KZT 9.8k); no observed outgoing links; depth 3.
100000005532138100,terminal,0.4436536180308422,2,0.3796634045077106,Receives from 1 nodes (KZT 25.0k); no observed outgoing links; depth 3.
100000005264874100,peripheral,0.13589857651245552,26,0.42606761565836304,"Limited observed structure: 1 incoming, 2 outgoing links; depth 3."
100000008193258100,peripheral,0.2375444839857651,28,0.429904359430605,"Limited observed structure: 1 incoming, 1 outgoing links; depth 3."
100000003190207100,peripheral,0.18238434163701067,49,0.5259341637010677,"Limited observed structure: 1 incoming, 1 outgoing links; depth 3."
100000004321983100,peripheral,0.13589857651245552,48,0.3458741103202847,"Limited observed structure: 1 incoming, 2 outgoing links; depth 3."
100000002633108100,terminal,0.6178825622775801,40,0.6265124555160143,Receives from 1 nodes (KZT 320.0k); no observed outgoing links; depth 3.
100000005941908100,terminal,0.38107947805456704,40,0.5436239620403321,Receives from 1 nodes (KZT 10.0k); no observed outgoing links; depth 3.
100000001835625100,terminal,0.5256524317912218,10,0.3995403321470937,Receives from 1 nodes (KZT 75.1k); no observed outgoing links; depth 3.
100000008671081100,terminal,0.4734578884934757,22,0.3085335112692764,Receives from 1 nodes (KZT 37.2k); no observed outgoing links; depth 3.
100000002908521100,terminal,0.4848013048635824,22,0.3255708778173191,Receives from 1 nodes (KZT 44.5k); no observed outgoing links; depth 3.
100000000749118100,peripheral,0.2375444839857651,0,0.2886454626334519,"Limited observed structure: 1 incoming, 1 outgoing links; depth 3."
100000008652094100,terminal,0.46938018979833923,0,0.3483726275207592,Receives from 1 nodes (KZT 35.0k); no observed outgoing links; depth 3.
100000007647294100,terminal,0.6276690391459075,38,0.6847642348754449,Receives from 1 nodes (KZT 385.0k); no observed outgoing links; depth 3.
100000003270419100,terminal,0.5716192170818505,12,0.7358540925266903,Receives from 1 nodes (KZT 150.0k); no observed outgoing links; depth 3.
100000003050771100,terminal,0.5984578884934757,12,0.6081109134045077,Receives from 1 nodes (KZT 229.0k); no observed outgoing links; depth 3.
100000008427027100,terminal,0.6143238434163701,3,0.7511343416370108,Receives from 1 nodes (KZT 300.0k); no observed outgoing links; depth 3.
100000004291560100,terminal,0.4914739027283512,0,0.3728239916963227,Receives from 1 nodes (KZT 47.2k); no observed outgoing links; depth 3.
100000003594472100,terminal,0.42304270462633453,36,0.3651467971530249,Receives from 1 nodes (KZT 20.0k); no observed outgoing links; depth 3.
100000002575080100,transit,0.660170864129939,4,0.5984835523314171,Pass-through 0.96; 1 incoming and 1 outgoing links; depth 3.
100000008038077100,terminal,0.6423487544483986,10,0.5802491103202847,Receives from 1 nodes (KZT 499.9k); no observed outgoing links; depth 3.
100000003899325100,terminal,0.49985172004744954,1,0.44066577698695136,Receives from 1 nodes (KZT 50.1k); no observed outgoing links; depth 3.
100000001155773100,terminal,0.43016014234875444,22,0.2497108540925267,Receives from 1 nodes (KZT 21.5k); no observed outgoing links; depth 3.
100000000611474100,terminal,0.4641162514827995,29,0.5474125148279952,Receives from 1 nodes (KZT 32.0k); no observed outgoing links; depth 3.
100000006704530100,distributor,0.8437129300118623,14,0.7443468268090154,Sends to 3 nodes (KZT 428.0k); receives from 1; outgoing p0.91.
100000003996562100,terminal,0.37151542111506525,0,0.39152209371293,Receives from 1 nodes (KZT 7.7k); no observed outgoing links; depth 3.
100000002646887100,terminal,0.4389086595492289,42,0.38241399762752076,Receives from 1 nodes (KZT 24.4k); no observed outgoing links; depth 3.
100000002556775100,terminal,0.6143238434163701,10,0.5319061387900357,Receives from 1 nodes (KZT 300.0k); no observed outgoing links; depth 3.
100000002722108100,terminal,0.6573250296559905,24,0.5790332147093713,Receives from 1 nodes (KZT 800.0k); no observed outgoing links; depth 3.
100000002737980100,terminal,0.4653024911032029,16,0.4056272241992883,Receives from 1 nodes (KZT 32.9k); no observed outgoing links; depth 3.
100000002913340100,terminal,0.43512752075919336,22,0.2569913997627521,Receives from 1 nodes (KZT 23.6k); no observed outgoing links; depth 3.
100000003610172100,terminal,0.5215747330960855,10,0.3949621886120997,Receives from 1 nodes (KZT 70.0k); no observed outgoing links; depth 3.
100000001052945100,distributor,0.7574139976275207,44,0.6559349051008304,Sends to 3 nodes (KZT 1.6m); receives from 1; outgoing p0.91.
100000002369510100,terminal,0.47323546856465004,22,0.3081776393831554,Receives from 1 nodes (KZT 37.1k); no observed outgoing links; depth 3.
100000001954534100,peripheral,0.2375444839857651,0,0.48037144128113884,"Limited observed structure: 1 incoming, 1 outgoing links; depth 3."
100000008488166100,terminal,0.365361803084223,22,0.1707221233689205,Receives from 1 nodes (KZT 5.6k); no observed outgoing links; depth 3.
100000005100475100,terminal,0.4783511269276394,2,0.4078884934756821,Receives from 1 nodes (KZT 40.0k); no observed outgoing links; depth 3.
100000002708624100,terminal,0.44165183867141167,13,0.4514716785290629,Receives from 1 nodes (KZT 25.0k); no observed outgoing links; depth 3.
100000004591973100,peripheral,0.2375444839857651,8,0.5956628113879004,"Limited observed structure: 1 incoming, 1 outgoing links; depth 3."
100000000802149100,terminal,0.5516014234875445,0,0.4763122775800712,Receives from 1 nodes (KZT 104.1k); no observed outgoing links; depth 3.
100000003095610100,terminal,0.4356465005931198,18,0.37563760379596683,Receives from 1 nodes (KZT 23.7k); no observed outgoing links; depth 3.
100000004183610100,peripheral,0.07695729537366547,12,0.5224310498220641,"Limited observed structure: 1 incoming, 1 outgoing links; depth 3."
100000005198906100,peripheral,0.22775800711743777,10,0.4418927935943061,"Limited observed structure: 1 incoming, 1 outgoing links; depth 3."
100000008599354100,peripheral,0.2375444839857651,0,0.5159141459074733,"Limited observed structure: 1 incoming, 1 outgoing links; depth 3."
100000001303311100,consolidator,0.900355871886121,35,0.8557940391459076,Receives from 5 nodes (KZT 1.3m); sends to 0; incoming p0.98.
100000008776420100,terminal,0.5206109134045077,22,0.3765272835112693,Receives from 1 nodes (KZT 69.5k); no observed outgoing links; depth 3.
100000004737764100,terminal,0.6498368920521945,3,0.7119476571767497,Receives from 1 nodes (KZT 600.0k); no observed outgoing links; depth 3.
100000003154105100,distributor,0.8780397390272835,32,0.7729018386714116,Sends to 7 nodes (KZT 338.0k); receives from 1; outgoing p0.96.
100000008708025100,terminal,0.38107947805456704,15,0.37368401542111507,Receives from 1 nodes (KZT 10.0k); no observed outgoing links; depth 3.
100000008740793100,terminal,0.4288256227758007,22,0.24757562277580072,Receives from 1 nodes (KZT 21.0k); no observed outgoing links; depth 3.
100000008459449100,terminal,0.5057829181494662,0,0.45616103202846975,Receives from 1 nodes (KZT 53.7k); no observed outgoing links; depth 3.
100000008677518100,terminal,0.49362396204033215,22,0.33679567022538554,Receives from 1 nodes (KZT 48.7k); no observed outgoing links; depth 3.
100000002212494100,terminal,0.5772538552787664,36,0.583414887307236,Receives from 1 nodes (KZT 160.0k); no observed outgoing links; depth 3.
100000001825934100,peripheral,0.2375444839857651,26,0.46122108540925266,"Limited observed structure: 1 incoming, 1 outgoing links; depth 3."
100000003736419100,peripheral,0.2375444839857651,0,0.3483429715302491,"Limited observed structure: 1 incoming, 1 outgoing links; depth 3."
100000008430691100,peripheral,0.11032028469750887,84,0.4899243772241993,"Limited observed structure: 1 incoming, 2 outgoing links; depth 3."
100000003073635100,terminal,0.5628706998813761,1,0.5332666073546857,Receives from 1 nodes (KZT 129.2k); no observed outgoing links; depth 3.
100000001686328100,terminal,0.5665776986951364,5,0.6166444246737841,Receives from 1 nodes (KZT 140.0k); no observed outgoing links; depth 3.
100000008707810100,terminal,0.4475830367734282,22,0.2722494068801898,Receives from 1 nodes (KZT 26.2k); no observed outgoing links; depth 3.
100000001236706100,peripheral,0.06405693950177938,12,0.5823732206405694,"Limited observed structure: 3 incoming, 2 outgoing links; depth 3."
100000008536546100,terminal,0.7537069988137604,35,0.6969009489916964,Receives from 2 nodes (KZT 250.0k); no observed outgoing links; depth 3.
100000007140834100,terminal,0.38597271648873077,2,0.48944246737841046,Receives from 1 nodes (KZT 10.2k); no observed outgoing links; depth 3.
100000007022818100,terminal,0.4119958481613286,22,0.22492956702253858,Receives from 1 nodes (KZT 17.2k); no observed outgoing links; depth 3.
100000007484343100,terminal,0.5977164887307236,0,0.4073250296559905,Receives from 2 nodes (KZT 26.8k); no observed outgoing links; depth 3.
100000001379511100,terminal,0.5080071174377224,42,0.4781806049822064,Receives from 1 nodes (KZT 55.0k); no observed outgoing links; depth 3.
100000004569484100,distributor,0.7418446026097271,18,0.6682569691577698,Sends to 4 nodes (KZT 156.0k); receives from 2; outgoing p0.93.
100000002948492100,terminal,0.43549822064056937,40,0.3630560498220641,Receives from 1 nodes (KZT 23.7k); no observed outgoing links; depth 3.
100000002116705100,terminal,0.41414590747330965,22,0.22786921708185054,Receives from 1 nodes (KZT 17.6k); no observed outgoing links; depth 3.
100000002481974100,peripheral,0.13589857651245552,1,0.5389568505338078,"Limited observed structure: 2 incoming, 2 outgoing links; depth 3."
100000003920950100,terminal,0.6181791221826809,2,0.6319913997627521,Receives from 1 nodes (KZT 323.3k); no observed outgoing links; depth 3.
100000000733451100,peripheral,0.1654804270462633,12,0.6628669928825623,"Limited observed structure: 1 incoming, 1 outgoing links; depth 3."
100000005182219100,terminal,0.6567319098457888,10,0.5825993475682087,Receives from 2 nodes (KZT 55.0k); no observed outgoing links; depth 3.
100000008633099100,peripheral,0.2375444839857651,2,0.34969973309608543,"Limited observed structure: 1 incoming, 1 outgoing links; depth 3."
100000001380107100,terminal,0.3666221826809015,31,0.3784438018979834,Receives from 1 nodes (KZT 6.0k); no observed outgoing links; depth 3.
100000008755168100,terminal,0.41414590747330965,22,0.22786921708185054,Receives from 1 nodes (KZT 17.6k); no observed outgoing links; depth 3.
100000002628576100,peripheral,0.05827402135231319,10,0.5177491103202847,"Limited observed structure: 2 incoming, 2 outgoing links; depth 3."
100000001611488100,terminal,0.8053084223013048,10,0.7856242586002373,Receives from 2 nodes (KZT 779.3k); no observed outgoing links; depth 3.
100000005375968100,peripheral,0.13589857651245552,0,0.4325956405693951,"Limited observed structure: 1 incoming, 2 outgoing links; depth 3."
100000003581109100,terminal,0.48242882562277584,0,0.3623554270462634,Receives from 1 nodes (KZT 42.8k); no observed outgoing links; depth 3.
100000002933386100,peripheral,0.10008896797153022,3,0.518116103202847,"Limited observed structure: 1 incoming, 1 outgoing links; depth 3."
100000002284426100,terminal,0.5386269276393831,10,0.41668520166073547,Receives from 1 nodes (KZT 90.0k); no observed outgoing links; depth 3.
100000008579978100,peripheral,0.2375444839857651,10,0.3562166370106762,"Limited observed structure: 1 incoming, 1 outgoing links; depth 3."
100000001549194100,terminal,0.4890272835112693,40,0.43802639383155395,Receives from 1 nodes (KZT 46.5k); no observed outgoing links; depth 3.
100000001427082100,peripheral,0.052713523131672546,32,0.4989435053380783,"Limited observed structure: 1 incoming, 5 outgoing links; depth 3."
100000004657034100,terminal,0.5676156583629893,10,0.45934163701067615,Receives from 1 nodes (KZT 141.2k); no observed outgoing links; depth 3.
100000003796063100,distributor,0.9383896797153025,10,0.8243883451957295,Sends to 15 nodes (KZT 959.1k); receives from 1; outgoing p0.98.
100000005268319100,peripheral,0.052713523131672546,0,0.37768016014234873,"Limited observed structure: 1 incoming, 5 outgoing links; depth 3."
100000008744799100,terminal,0.3922004744958481,22,0.2015421115065243,Receives from 1 nodes (KZT 12.6k); no observed outgoing links; depth 3.
100000008677215100,terminal,0.37485172004744954,29,0.3594380189798339,Receives from 1 nodes (KZT 9.0k); no observed outgoing links; depth 3.
100000007593823100,distributor,0.6215154211150653,0,0.5459371293001187,Sends to 13 nodes (KZT 162.9k); receives from 3; outgoing p0.98.
100000001282143100,consolidator,0.8831553973902727,24,0.8480241696322657,Receives from 5 nodes (KZT 1.7m); sends to 0; incoming p0.98.
100000008029279100,terminal,0.4102164887307236,1,0.3144313463819692,Receives from 1 nodes (KZT 17.0k); no observed outgoing links; depth 3.
100000000594783100,peripheral,0.017793594306049876,21,0.5634341637010676,"Limited observed structure: 1 incoming, 2 outgoing links; depth 3."
100000002705460100,terminal,0.5436684460260973,16,0.609916221826809,Receives from 1 nodes (KZT 95.0k); no observed outgoing links; depth 3.
100000002952756100,terminal,0.4902876631079478,11,0.43438241399762756,Receives from 1 nodes (KZT 47.0k); no observed outgoing links; depth 3.
100000004634420100,terminal,0.4464709371293001,22,0.27069246737841046,Receives from 1 nodes (KZT 26.1k); no observed outgoing links; depth 3.
100000000583220100,peripheral,0.09608540925266906,25,0.4592193060498221,"Limited observed structure: 1 incoming, 1 outgoing links; depth 3."
100000003286537100,terminal,0.7229389086595491,5,0.63883081257414,Receives from 2 nodes (KZT 153.0k); no observed outgoing links; depth 3.
100000002958345100,terminal,0.616399762752076,24,0.5006524317912219,Receives from 1 nodes (KZT 307.0k); no observed outgoing links; depth 3.
100000005055454100,terminal,0.36832740213523135,27,0.3601868327402135,Receives from 1 nodes (KZT 6.5k); no observed outgoing links; depth 3.
100000008738526100,peripheral,0.2375444839857651,35,0.4332406583629893,"Limited observed structure: 1 incoming, 1 outgoing links; depth 3."
100000001298099100,terminal,0.41837188612099646,18,0.3510564946619217,Receives from 1 nodes (KZT 19.0k); no observed outgoing links; depth 3.
100000006491272100,terminal,0.4475830367734282,22,0.2722494068801898,Receives from 1 nodes (KZT 26.2k); no observed outgoing links; depth 3.
100000000552584100,peripheral,0.020462633451957313,21,0.5578180604982206,"Limited observed structure: 1 incoming, 1 outgoing links; depth 3."
100000005187208100,terminal,0.3972419928825623,10,0.3927046263345196,Receives from 1 nodes (KZT 14.2k); no observed outgoing links; depth 3.
100000003528285100,peripheral,0.030916370106761515,3,0.5671708185053381,"Limited observed structure: 4 incoming, 4 outgoing links; depth 3."
100000001484381100,terminal,0.6930604982206404,18,0.5929048042704627,Receives from 2 nodes (KZT 95.6k); no observed outgoing links; depth 3.
100000002508637100,peripheral,0.21352313167259784,1,0.4098865658362989,"Limited observed structure: 1 incoming, 1 outgoing links; depth 3."
100000003149149100,terminal,0.6037959667852907,10,0.5135602016607355,Receives from 1 nodes (KZT 245.0k); no observed outgoing links; depth 3.
100000001538095100,terminal,0.7589709371293001,24,0.728821915776987,Receives from 2 nodes (KZT 280.0k); no observed outgoing links; depth 3.
100000008695133100,terminal,0.4722716488730723,22,0.3069691577698695,Receives from 1 nodes (KZT 36.6k); no observed outgoing links; depth 3.
100000008749405100,terminal,0.47323546856465004,22,0.3081776393831554,Receives from 1 nodes (KZT 37.1k); no observed outgoing links; depth 3.
100000005815602100,peripheral,0.14857651245551606,16,0.555260231316726,"Limited observed structure: 1 incoming, 1 outgoing links; depth 3."
100000006641671100,transit,0.6457254933678419,1,0.6168472986088643,Pass-through 1.14; 2 incoming and 1 outgoing links; depth 3.
100000002945031100,terminal,0.4010231316725979,12,0.3254114768683274,Receives from 1 nodes (KZT 15.0k); no observed outgoing links; depth 3.
100000003497735100,terminal,0.561758600237248,43,0.5228684756820878,Receives from 1 nodes (KZT 125.0k); no observed outgoing links; depth 3.
100000004644615100,peripheral,0.13589857651245552,11,0.45950845195729545,"Limited observed structure: 1 incoming, 2 outgoing links; depth 3."
100000002755292100,terminal,0.5934163701067615,10,0.4968416370106762,Receives from 1 nodes (KZT 203.4k); no observed outgoing links; depth 3.
100000005142492100,peripheral,0.016014234875444844,2,0.515625,"Limited observed structure: 1 incoming, 1 outgoing links; depth 3."
100000002893020100,terminal,0.4174080664294187,18,0.34868030842230135,Receives from 1 nodes (KZT 18.3k); no observed outgoing links; depth 3.
100000004500444100,peripheral,0.14346085409252674,40,0.5631227758007118,"Limited observed structure: 2 incoming, 1 outgoing links; depth 3."
100000008454065100,terminal,0.4385379596678529,40,0.36641829774614476,Receives from 1 nodes (KZT 24.1k); no observed outgoing links; depth 3.
100000008416433100,terminal,0.42304270462633453,40,0.3451290035587189,Receives from 1 nodes (KZT 20.0k); no observed outgoing links; depth 3.
100000005265073100,peripheral,0.2375444839857651,49,0.401067615658363,"Limited observed structure: 1 incoming, 1 outgoing links; depth 3."
100000006734214100,consolidator,0.919632265717675,10,0.832443653618031,Receives from 5 nodes (KZT 610.0k); sends to 3; incoming p0.98.
100000002611334100,peripheral,0.2375444839857651,0,0.4319951067615659,"Limited observed structure: 1 incoming, 1 outgoing links; depth 3."
100000006225798100,consolidator,0.8278469750889679,28,0.7469639679715302,Receives from 3 nodes (KZT 722.0k); sends to 2; incoming p0.94.
100000002849158100,consolidator,0.8334816132858838,5,0.817422894424674,Receives from 3 nodes (KZT 723.0k); sends to 1; incoming p0.94.
100000008686214100,terminal,0.44165183867141167,1,0.3950882265717675,Receives from 1 nodes (KZT 25.0k); no observed outgoing links; depth 3.
100000004931931100,peripheral,0.2375444839857651,0,0.38203959074733096,"Limited observed structure: 1 incoming, 1 outgoing links; depth 3."
100000007510875100,terminal,0.36017200474495853,5,0.31733392645314357,Receives from 1 nodes (KZT 5.0k); no observed outgoing links; depth 3.
100000005233755100,peripheral,0.2375444839857651,28,0.34320507117437726,"Limited observed structure: 1 incoming, 1 outgoing links; depth 3."
100000008042075100,terminal,0.36017200474495853,21,0.2152431791221827,Receives from 1 nodes (KZT 5.0k); no observed outgoing links; depth 3.
100000001680944100,terminal,0.6282621589561092,35,0.6948769276393831,Receives from 1 nodes (KZT 393.0k); no observed outgoing links; depth 3.
100000008417029100,terminal,0.5481168446026098,5,0.5846048339264532,Receives from 1 nodes (KZT 100.0k); no observed outgoing links; depth 3.
100000004975919100,peripheral,0.13589857651245552,1,0.3205849644128114,"Limited observed structure: 1 incoming, 2 outgoing links; depth 3."
100000003087877100,terminal,0.5406287069988137,1,0.37007710557532625,Receives from 1 nodes (KZT 91.5k); no observed outgoing links; depth 3.
100000008295429100,terminal,0.6229240806642942,10,0.5465005931198103,Receives from 1 nodes (KZT 352.0k); no observed outgoing links; depth 3.
100000003254277100,transit,0.5818953794520151,0,0.4491993786708329,Pass-through 0.91; 1 incoming and 1 outgoing links; depth 3.
100000005314565100,terminal,0.5965302491103203,0,0.6079181494661923,Receives from 1 nodes (KZT 218.5k); no observed outgoing links; depth 3.
100000002951898100,terminal,0.4774614472123369,40,0.42241251482799524,Receives from 1 nodes (KZT 40.0k); no observed outgoing links; depth 3.
100000001009583100,terminal,0.62855871886121,10,0.5552935943060499,Receives from 1 nodes (KZT 393.7k); no observed outgoing links; depth 3.
100000004064431100,peripheral,0.2375444839857651,34,0.26593638790035584,"Limited observed structure: 1 incoming, 1 outgoing links; depth 3."
100000001927599100,terminal,0.7354685646500593,18,0.7067319098457888,Receives from 2 nodes (KZT 188.0k); no observed outgoing links; depth 3.
100000007737775100,terminal,0.3666221826809015,53,0.4084482502965599,Receives from 1 nodes (KZT 6.0k); no observed outgoing links; depth 3.
100000003157679100,consolidator,0.8369661921708186,5,0.7983207295373667,Receives from 4 nodes (KZT 541.0k); sends to 0; incoming p0.97.
100000001229743100,peripheral,0.2375444839857651,0,0.2830627224199288,"Limited observed structure: 1 incoming, 1 outgoing links; depth 3."
100000003795588100,terminal,0.6300415183867142,0,0.6058199881376038,Receives from 1 nodes (KZT 400.0k); no observed outgoing links; depth 3.
100000002301828100,terminal,0.4899169632265718,28,0.4134267497034402,Receives from 1 nodes (KZT 47.0k); no observed outgoing links; depth 3.
100000005409156100,terminal,0.7557829181494662,10,0.6891459074733096,Receives from 2 nodes (KZT 260.1k); no observed outgoing links; depth 3.
100000002513028100,distributor,0.7157473309608541,56,0.6223643238434163,Sends to 3 nodes (KZT 332.7k); receives from 1; outgoing p0.91.
100000003218308100,terminal,0.38834519572953735,0,0.26937277580071173,Receives from 1 nodes (KZT 11.2k); no observed outgoing links; depth 3.
100000008489604100,terminal,0.3876037959667853,22,0.19596678529062872,Receives from 1 nodes (KZT 11.0k); no observed outgoing links; depth 3.
100000004450649100,peripheral,0.13589857651245552,10,0.46653692170818506,"Limited observed structure: 2 incoming, 2 outgoing links; depth 3."
100000008767065100,terminal,0.38107947805456704,35,0.34320136417556346,Receives from 1 nodes (KZT 10.0k); no observed outgoing links; depth 3.
100000003035737100,peripheral,0.08985765124555156,10,0.5628447508896798,"Limited observed structure: 2 incoming, 1 outgoing links; depth 3."
100000002748761100,terminal,0.6571767497034401,24,0.5786847568208778,Receives from 1 nodes (KZT 796.8k); no observed outgoing links; depth 3.
100000008432942100,terminal,0.4850237247924081,0,0.3658956109134045,Receives from 1 nodes (KZT 44.5k); no observed outgoing links; depth 3.
100000004278574100,peripheral,0.2375444839857651,10,0.30520462633451956,"Limited observed structure: 1 incoming, 1 outgoing links; depth 3."
100000000926766100,peripheral,0.2375444839857651,13,0.4090858540925267,"Limited observed structure: 1 incoming, 1 outgoing links; depth 3."
100000008661550100,terminal,0.4323843416370107,22,0.2526023131672598,Receives from 1 nodes (KZT 22.8k); no observed outgoing links; depth 3.
100000000783406100,terminal,0.367511862396204,38,0.28964264531435346,Receives from 1 nodes (KZT 6.1k); no observed outgoing links; depth 3.
100000008730371100,terminal,0.7934460260972717,0,0.7746515421115067,Receives from 2 nodes (KZT 520.0k); no observed outgoing links; depth 3.
100000002878467100,terminal,0.7404359430604982,42,0.6817282028469752,Receives from 2 nodes (KZT 200.0k); no observed outgoing links; depth 3.
100000003171587100,peripheral,0.06361209964412806,10,0.527135231316726,"Limited observed structure: 2 incoming, 2 outgoing links; depth 3."
100000002696152100,peripheral,0.03558718861209964,53,0.5920151245551601,"Limited observed structure: 1 incoming, 2 outgoing links; depth 3."
100000002109656100,terminal,0.6429418742586003,24,0.5446767497034402,Receives from 1 nodes (KZT 500.0k); no observed outgoing links; depth 3.
100000001317336100,peripheral,0.03202846975088969,36,0.5263790035587189,"Limited observed structure: 1 incoming, 2 outgoing links; depth 3."
100000005222360100,peripheral,0.11699288256227758,40,0.48235097864768683,"Limited observed structure: 1 incoming, 1 outgoing links; depth 3."
100000001445848100,peripheral,0.08185053380782914,38,0.5986321174377224,"Limited observed structure: 1 incoming, 1 outgoing links; depth 3."
100000008720856100,peripheral,0.2375444839857651,10,0.4575733985765124,"Limited observed structure: 1 incoming, 1 outgoing links; depth 3."
100000002448088100,peripheral,0.06405693950177938,32,0.48351868327402137,"Limited observed structure: 3 incoming, 1 outgoing links; depth 3."
100000003109805100,terminal,0.47256820877817324,28,0.38889383155397395,Receives from 1 nodes (KZT 36.9k); no observed outgoing links; depth 3.
100000008223661100,distributor,0.7696470937129299,42,0.7477276097271649,Sends to 5 nodes (KZT 262.6k); receives from 2; outgoing p0.95.
100000004096559100,terminal,0.4884341637010676,2,0.5048709964412812,Receives from 1 nodes (KZT 46.2k); no observed outgoing links; depth 3.
100000002257794100,terminal,0.5749555160142349,34,0.5749666370106762,Receives from 1 nodes (KZT 154.0k); no observed outgoing links; depth 3.
100000003112578100,terminal,0.5505634638196916,24,0.39409104389086597,Receives from 1 nodes (KZT 101.1k); no observed outgoing links; depth 3.
100000007020162100,terminal,0.5355871886120996,40,0.5067393238434164,Receives from 1 nodes (KZT 86.4k); no observed outgoing links; depth 3.
100000001934935100,terminal,0.5594602609727165,0,0.46853499406880195,Receives from 1 nodes (KZT 118.9k); no observed outgoing links; depth 3.
100000002663511100,terminal,0.6086892052194544,0,0.5678751482799526,Receives from 1 nodes (KZT 268.9k); no observed outgoing links; depth 3.
100000003338583100,terminal,0.4304567022538553,34,0.26186239620403323,Receives from 1 nodes (KZT 21.8k); no observed outgoing links; depth 3.
100000002904919100,peripheral,0.2375444839857651,0,0.37403247330960854,"Limited observed structure: 1 incoming, 1 outgoing links; depth 3."
100000005127767100,terminal,0.3701067615658363,19,0.42808051601423486,Receives from 1 nodes (KZT 7.0k); no observed outgoing links; depth 3.
100000004066647100,terminal,0.5011120996441282,43,0.4308385231316726,Receives from 1 nodes (KZT 51.0k); no observed outgoing links; depth 3.
100000002394199100,peripheral,0.002669039145907437,2,0.4968082740213523,"Limited observed structure: 1 incoming, 1 outgoing links; depth 3."
100000003968044100,distributor,0.6783807829181495,1,0.5846419039145908,Sends to 3 nodes (KZT 311.0k); receives from 1; outgoing p0.91.
100000001808684100,peripheral,0.03959074733096091,2,0.4440502669039146,"Limited observed structure: 1 incoming, 1 outgoing links; depth 3."
100000008097580100,terminal,0.6128410438908659,1,0.6133526097271649,Receives from 2 nodes (KZT 32.0k); no observed outgoing links; depth 3.
100000008687617100,terminal,0.4830960854092527,22,0.3230649466192171,Receives from 1 nodes (KZT 43.4k); no observed outgoing links; depth 3.
100000005667841100,terminal,0.7347271648873072,42,0.6720937129300119,Receives from 2 nodes (KZT 186.0k); no observed outgoing links; depth 3.
100000001329153100,terminal,0.5728054567022539,0,0.49066577698695135,Receives from 1 nodes (KZT 150.7k); no observed outgoing links; depth 3.
100000007689942100,peripheral,0.0558274021352313,43,0.4835186832740214,"Limited observed structure: 1 incoming, 2 outgoing links; depth 3."
100000006476758100,terminal,0.3630634638196916,11,0.4973939798339265,Receives from 1 nodes (KZT 5.2k); no observed outgoing links; depth 3.
100000002184107100,terminal,0.367511862396204,38,0.28964264531435346,Receives from 1 nodes (KZT 6.1k); no observed outgoing links; depth 3.
100000008663723100,terminal,0.4052491103202847,22,0.21602535587188615,Receives from 1 nodes (KZT 15.6k); no observed outgoing links; depth 3.
100000000254336100,peripheral,0.14346085409252674,0,0.4149021352313168,"Limited observed structure: 2 incoming, 1 outgoing links; depth 3."
100000008750464100,terminal,0.3735172004744958,22,0.1813241399762752,Receives from 1 nodes (KZT 8.5k); no observed outgoing links; depth 3.
100000001530709100,terminal,0.5062277580071174,0,0.39025800711743774,Receives from 1 nodes (KZT 54.0k); no observed outgoing links; depth 3.
100000000656682100,transit,0.54688779175647,0,0.4776916988287972,Pass-through 1.13; 1 incoming and 2 outgoing links; depth 3.
100000008755754100,terminal,0.3701067615658363,24,0.2462633451957295,Receives from 1 nodes (KZT 7.0k); no observed outgoing links; depth 3.
100000002691583100,terminal,0.6113582443653618,14,0.6128484578884935,Receives from 1 nodes (KZT 285.2k); no observed outgoing links; depth 3.
100000005241556100,terminal,0.5481168446026098,35,0.6697026986951365,Receives from 1 nodes (KZT 100.0k); no observed outgoing links; depth 3.
100000004713684100,terminal,0.47405100830367736,0,0.3536773428232503,Receives from 1 nodes (KZT 37.5k); no observed outgoing links; depth 3.
100000006919124100,terminal,0.44165183867141167,0,0.3206887603795967,Receives from 1 nodes (KZT 25.0k); no observed outgoing links; depth 3.
100000003006633100,terminal,0.38107947805456704,38,0.3224718268090154,Receives from 1 nodes (KZT 10.0k); no observed outgoing links; depth 3.
100000008306857100,terminal,0.561758600237248,24,0.4135045966785291,Receives from 1 nodes (KZT 125.0k); no observed outgoing links; depth 3.
100000003671721100,terminal,0.36017200474495853,18,0.5278321470937131,Receives from 1 nodes (KZT 5.0k); no observed outgoing links; depth 3.
100000002613929100,terminal,0.4529952550415184,5,0.6084223013048636,Receives from 1 nodes (KZT 28.6k); no observed outgoing links; depth 3.
100000008669310100,terminal,0.5118623962040333,0,0.4000518979833927,Receives from 1 nodes (KZT 59.6k); no observed outgoing links; depth 3.
100000006573438100,terminal,0.36017200474495853,66,0.3298339264531436,Receives from 1 nodes (KZT 5.0k); no observed outgoing links; depth 3.
100000006165886100,peripheral,0.14346085409252674,0,0.4648576512455517,"Limited observed structure: 2 incoming, 1 outgoing links; depth 3."
100000008491390100,terminal,0.4716043890865955,0,0.35093045670225387,Receives from 1 nodes (KZT 36.0k); no observed outgoing links; depth 3.
100000005186131100,transit,0.724273428232503,0,0.394446915776987,Pass-through 1.00; 1 incoming and 1 outgoing links; depth 3.
100000001550419100,terminal,0.43305160142348753,40,0.3594194839857651,Receives from 1 nodes (KZT 23.0k); no observed outgoing links; depth 3.
100000004979283100,terminal,0.47938908659549234,18,0.4373962040332148,Receives from 1 nodes (KZT 40.1k); no observed outgoing links; depth 3.
100000002537811100,coordinator,0.7823064946619217,11,0.7926073176156584,Links 1 in/1 out; reached by 11 seeds; PageRank p0.97.
100000002990675100,terminal,0.5016310794780546,10,0.37322805456702257,Receives from 1 nodes (KZT 51.1k); no observed outgoing links; depth 3.
100000008763688100,terminal,0.4288256227758007,22,0.24757562277580072,Receives from 1 nodes (KZT 21.0k); no observed outgoing links; depth 3.
100000002809896100,terminal,0.4750889679715303,18,0.43107206405693954,Receives from 1 nodes (KZT 38.0k); no observed outgoing links; depth 3.
100000008716072100,terminal,0.3904211150652432,22,0.19958481613285883,Receives from 1 nodes (KZT 12.1k); no observed outgoing links; depth 3.
100000001279272100,peripheral,0.13589857651245552,0,0.48404137010676157,"Limited observed structure: 1 incoming, 2 outgoing links; depth 3."
100000001714173100,terminal,0.6519869513641755,35,0.7776542111506524,Receives from 1 nodes (KZT 638.9k); no observed outgoing links; depth 3.
100000008729597100,terminal,0.5317319098457889,1,0.48811536180308424,Receives from 1 nodes (KZT 83.1k); no observed outgoing links; depth 3.
100000002255058100,terminal,0.6413107947805456,3,0.5785438908659549,Receives from 1 nodes (KZT 491.5k); no observed outgoing links; depth 3.
100000006111442100,terminal,0.5163107947805456,42,0.508770759193357,Receives from 1 nodes (KZT 64.0k); no observed outgoing links; depth 3.
100000008686247100,peripheral,0.2375444839857651,21,0.3280137900355872,"Limited observed structure: 1 incoming, 1 outgoing links; depth 3."
100000001893287100,peripheral,0.11032028469750887,2,0.4724310498220641,"Limited observed structure: 1 incoming, 1 outgoing links; depth 3."
100000005172860100,terminal,0.40332147093712933,0,0.3322583036773428,Receives from 1 nodes (KZT 15.2k); no observed outgoing links; depth 3.
100000001788284100,distributor,0.6998072360616844,13,0.5998183570581257,Sends to 5 nodes (KZT 296.7k); receives from 1; outgoing p0.95.
100000008755580100,terminal,0.4073991696322657,22,0.21874258600237248,Receives from 1 nodes (KZT 16.0k); no observed outgoing links; depth 3.
100000003896956100,peripheral,0.2375444839857651,16,0.32356539145907476,"Limited observed structure: 1 incoming, 1 outgoing links; depth 3."
100000002475601100,terminal,0.5999406880189798,1,0.4638641755634638,Receives from 1 nodes (KZT 232.3k); no observed outgoing links; depth 3.
100000008619857100,peripheral,0.13589857651245552,0,0.2953403024911032,"Limited observed structure: 1 incoming, 2 outgoing links; depth 3."
100000001373265100,peripheral,0.2375444839857651,1,0.48297375444839863,"Limited observed structure: 1 incoming, 1 outgoing links; depth 3."
100000004185681100,terminal,0.38107947805456704,3,0.4621515421115065,Receives from 1 nodes (KZT 10.0k); no observed outgoing links; depth 3.
100000003031633100,terminal,0.6318208778173191,5,0.6567763938315541,Receives from 1 nodes (KZT 414.0k); no observed outgoing links; depth 3.
100000002632742100,terminal,0.7495551601423488,42,0.6939279359430606,Receives from 2 nodes (KZT 235.5k); no observed outgoing links; depth 3.
100000005847078100,terminal,0.4084371293001186,22,0.2204033214709371,Receives from 1 nodes (KZT 16.3k); no observed outgoing links; depth 3.
100000002807334100,terminal,0.5072657176749703,10,0.3789071767497035,Receives from 1 nodes (KZT 54.7k); no observed outgoing links; depth 3.
100000008748795100,terminal,0.4909549228944247,0,0.3722716488730724,Receives from 1 nodes (KZT 47.1k); no observed outgoing links; depth 3.
100000003899899100,peripheral,0.0987544483985765,16,0.5851757117437723,"Limited observed structure: 2 incoming, 1 outgoing links; depth 3."
100000002308091100,terminal,0.5861506524317912,24,0.5660216488730724,Receives from 1 nodes (KZT 186.7k); no observed outgoing links; depth 3.
100000008680912100,peripheral,0.18016014234875444,0,0.5047709074733097,"Limited observed structure: 1 incoming, 1 outgoing links; depth 3."
100000008742053100,distributor,0.6623665480427047,24,0.6055493772241994,Sends to 12 nodes (KZT 2.8m); receives from 1; outgoing p0.98.
100000008473765100,terminal,0.4575919335705813,1,0.37772093712930016,Receives from 1 nodes (KZT 30.0k); no observed outgoing links; depth 3.
100000007472293100,distributor,0.5808125741399762,60,0.5605612396204034,Sends to 3 nodes (KZT 345.9k); receives from 1; outgoing p0.91.
100000008753061100,terminal,0.4522538552787663,22,0.2791666666666667,Receives from 1 nodes (KZT 28.4k); no observed outgoing links; depth 3.
100000008501413100,transit,0.6909400948991696,53,0.5821545077105575,Pass-through 1.02; 1 incoming and 1 outgoing links; depth 3.
100000002748581100,terminal,0.4805753262158956,40,0.42650504151838675,Receives from 1 nodes (KZT 41.2k); no observed outgoing links; depth 3.
100000001384826100,peripheral,0.18638790035587194,10,0.4616214412811388,"Limited observed structure: 1 incoming, 1 outgoing links; depth 3."
100000004099450100,terminal,0.46129893238434166,0,0.40589412811387904,Receives from 1 nodes (KZT 31.0k); no observed outgoing links; depth 3.
100000002926970100,terminal,0.5340302491103203,18,0.5178714412811388,Receives from 1 nodes (KZT 85.0k); no observed outgoing links; depth 3.
100000002753146100,terminal,0.6576215895610914,24,0.5795077105575326,Receives from 1 nodes (KZT 803.5k); no observed outgoing links; depth 3.
100000003943247100,terminal,0.4783511269276394,0,0.35811091340450774,Receives from 1 nodes (KZT 40.0k); no observed outgoing links; depth 3.
100000002872399100,terminal,0.6662218268090154,2,0.6462040332147094,Receives from 1 nodes (KZT 1.1m); no observed outgoing links; depth 3.
100000008417359100,peripheral,0.13589857651245552,28,0.39487322064056946,"Limited observed structure: 1 incoming, 2 outgoing links; depth 3."
100000002614095100,terminal,0.3637307236061685,22,0.16889086595492292,Receives from 1 nodes (KZT 5.3k); no observed outgoing links; depth 3.
100000004717647100,distributor,0.9595937129300118,51,0.8498405990510083,Sends to 5 nodes (KZT 2.2m); receives from 1; outgoing p0.95.
100000008537380100,terminal,0.3724051008303677,22,0.1792667556346382,Receives from 1 nodes (KZT 8.0k); no observed outgoing links; depth 3.
100000001534244100,peripheral,0.14346085409252674,5,0.6021129893238435,"Limited observed structure: 2 incoming, 1 outgoing links; depth 3."
100000008767950100,terminal,0.4125148279952551,22,0.22614916963226575,Receives from 1 nodes (KZT 17.4k); no observed outgoing links; depth 3.
100000004613582100,peripheral,0.14590747330960852,2,0.3616214412811388,"Limited observed structure: 1 incoming, 1 outgoing links; depth 3."
100000008121806100,distributor,0.7025504151838672,1,0.6049414294187426,Sends to 4 nodes (KZT 248.5k); receives from 1; outgoing p0.93.
100000002369443100,terminal,0.49762752075919336,22,0.34153321470937126,Receives from 1 nodes (KZT 50.0k); no observed outgoing links; depth 3.
100000008655779100,peripheral,0.13589857651245552,15,0.482595640569395,"Limited observed structure: 1 incoming, 2 outgoing links; depth 3."
100000008561016100,transit,0.6779771319362068,5,0.646284763411098,Pass-through 1.03; 1 incoming and 1 outgoing links; depth 3.
100000002727288100,terminal,0.4073991696322657,4,0.44393164294187426,Receives from 1 nodes (KZT 16.0k); no observed outgoing links; depth 3.
100000001270349100,terminal,0.5917111506524318,48,0.5138085705812574,Receives from 1 nodes (KZT 200.0k); no observed outgoing links; depth 3.
100000004722765100,distributor,0.9208185053380782,57,0.8184052491103203,Sends to 3 nodes (KZT 2.3m); receives from 1; outgoing p0.91.
100000001677389100,peripheral,0.2375444839857651,28,0.2857540035587189,"Limited observed structure: 1 incoming, 1 outgoing links; depth 3."
100000005857058100,terminal,0.703959074733096,0,0.6249555160142348,Receives from 3 nodes (KZT 80.2k); no observed outgoing links; depth 3.
100000008760098100,peripheral,0.1770462633451957,35,0.45864101423487547,"Limited observed structure: 1 incoming, 1 outgoing links; depth 3."
100000002838519100,terminal,0.489620403321471,40,0.438752965599051,Receives from 1 nodes (KZT 46.9k); no observed outgoing links; depth 3.
100000002597623100,terminal,0.40895610913404506,0,0.289449881376038,Receives from 1 nodes (KZT 16.4k); no observed outgoing links; depth 3.
100000003635660100,terminal,0.41800118623962046,0,0.3352832147093713,Receives from 1 nodes (KZT 19.0k); no observed outgoing links; depth 3.
100000008676812100,terminal,0.5993475682087782,43,0.631776393831554,Receives from 1 nodes (KZT 230.8k); no observed outgoing links; depth 3.
100000003213473100,distributor,0.6233689205219454,0,0.518130931198102,Sends to 11 nodes (KZT 240.0k); receives from 1; outgoing p0.98.
100000003071649100,terminal,0.5870403321470937,5,0.5823250296559905,Receives from 1 nodes (KZT 189.5k); no observed outgoing links; depth 3.
100000002433697100,transit,0.46786317182224657,10,0.4733381239164157,Pass-through 0.85; 1 incoming and 1 outgoing links; depth 3.
100000008612257100,terminal,0.3760379596678529,28,0.27147835112692764,Receives from 1 nodes (KZT 9.5k); no observed outgoing links; depth 3.
100000002736033100,peripheral,0.2375444839857651,28,0.3821508007117438,"Limited observed structure: 1 incoming, 1 outgoing links; depth 3."
100000008687990100,terminal,0.41414590747330965,22,0.22786921708185054,Receives from 1 nodes (KZT 17.6k); no observed outgoing links; depth 3.
100000008776310100,terminal,0.4188908659549229,22,0.23479389086595492,Receives from 1 nodes (KZT 19.2k); no observed outgoing links; depth 3.
100000007267915100,peripheral,0.14346085409252674,28,0.34354982206405693,"Limited observed structure: 2 incoming, 1 outgoing links; depth 3."
100000004217419100,peripheral,0.125,1,0.5635564946619217,"Limited observed structure: 2 incoming, 1 outgoing links; depth 3."
100000002773323100,peripheral,0.04937722419928825,42,0.5912477758007119,"Limited observed structure: 2 incoming, 1 outgoing links; depth 3."
100000002528544100,terminal,0.5886714116251482,1,0.444276393831554,Receives from 1 nodes (KZT 192.9k); no observed outgoing links; depth 3.
100000003760160100,terminal,0.5517497034400949,10,0.4342897390272835,Receives from 1 nodes (KZT 104.5k); no observed outgoing links; depth 3.
100000000640800100,distributor,0.7468861209964412,1,0.6444283807829182,Sends to 4 nodes (KZT 518.1k); receives from 1; outgoing p0.93.
100000008238112100,terminal,0.5874110320284698,10,0.48851201067615657,Receives from 1 nodes (KZT 190.0k); no observed outgoing links; depth 3.
100000008751349100,terminal,0.3886417556346382,14,0.28908659549228943,Receives from 1 nodes (KZT 11.6k); no observed outgoing links; depth 3.
100000002963189100,distributor,0.8941281138790035,40,0.7803491992882562,Sends to 7 nodes (KZT 5.2m); receives from 1; outgoing p0.96.
100000008548853100,terminal,0.3962781731909846,22,0.20695432977461448,Receives from 1 nodes (KZT 14.0k); no observed outgoing links; depth 3.
100000003164661100,terminal,0.6493179122182681,27,0.6246070581257415,Receives from 1 nodes (KZT 596.2k); no observed outgoing links; depth 3.
100000000791285100,distributor,0.9123665480427046,14,0.8107762455516014,Sends to 3 nodes (KZT 650.0k); receives from 1; outgoing p0.91.
100000003192309100,peripheral,0.2375444839857651,22,0.31446841637010675,"Limited observed structure: 1 incoming, 1 outgoing links; depth 3."
100000002891765100,terminal,0.5088967971530249,40,0.46536921708185053,Receives from 1 nodes (KZT 55.6k); no observed outgoing links; depth 3.
100000001740277100,peripheral,0.2375444839857651,2,0.3355093416370107,"Limited observed structure: 1 incoming, 1 outgoing links; depth 3."
100000002232266100,terminal,0.48658066429418745,1,0.42071100237247927,Receives from 1 nodes (KZT 45.0k); no observed outgoing links; depth 3.
100000006701983100,terminal,0.44995551601423484,22,0.2756005338078292,Receives from 1 nodes (KZT 27.0k); no observed outgoing links; depth 3.
100000002871199100,terminal,0.4338671411625148,40,0.3606687425860024,Receives from 1 nodes (KZT 23.2k); no observed outgoing links; depth 3.
100000002757791100,terminal,0.5239472123368921,48,0.4175081553973903,Receives from 1 nodes (KZT 73.0k); no observed outgoing links; depth 3.
100000000572276100,peripheral,0.2375444839857651,22,0.24507339857651245,"Limited observed structure: 1 incoming, 1 outgoing links; depth 3."
100000001853812100,terminal,0.5215747330960855,1,0.47080738434163705,Receives from 1 nodes (KZT 70.0k); no observed outgoing links; depth 3.
100000004726132100,peripheral,0.18727758007117434,0,0.5062611209964414,"Limited observed structure: 1 incoming, 1 outgoing links; depth 3."
100000001785161100,terminal,0.6063167259786477,33,0.5261788256227758,Receives from 2 nodes (KZT 30.0k); no observed outgoing links; depth 3.
100000002612809100,peripheral,0.08896797153024916,26,0.4256672597864769,"Limited observed structure: 1 incoming, 3 outgoing links; depth 3."
100000008769097100,terminal,0.4621144721233689,22,0.2906064650059312,Receives from 1 nodes (KZT 31.1k); no observed outgoing links; depth 3.
100000004488265100,terminal,0.4756820877817319,1,0.4044409845788849,Receives from 1 nodes (KZT 38.7k); no observed outgoing links; depth 3.
100000002509598100,terminal,0.6162514827995255,24,0.5003039739027284,Receives from 1 nodes (KZT 305.6k); no observed outgoing links; depth 3.
100000008706846100,terminal,0.39746441281138795,22,0.20812944839857653,Receives from 1 nodes (KZT 14.2k); no observed outgoing links; depth 3.
100000001280798100,terminal,0.4368327402135231,18,0.37675711743772244,Receives from 1 nodes (KZT 23.8k); no observed outgoing links; depth 3.
100000006664478100,transit,0.6066402458751216,48,0.5864242963442252,Pass-through 1.09; 1 incoming and 2 outgoing links; depth 3.
100000003781406100,terminal,0.48658066429418745,8,0.649180753262159,Receives from 1 nodes (KZT 45.0k); no observed outgoing links; depth 3.
100000008708595100,terminal,0.4119958481613286,22,0.22492956702253858,Receives from 1 nodes (KZT 17.2k); no observed outgoing links; depth 3.
100000004611571100,terminal,0.4319395017793594,0,0.3112099644128114,Receives from 1 nodes (KZT 22.6k); no observed outgoing links; depth 3.
100000008576243100,terminal,0.6801601423487544,0,0.7475978647686833,Receives from 2 nodes (KZT 82.9k); no observed outgoing links; depth 3.
100000008662216100,terminal,0.4475830367734282,22,0.2722494068801898,Receives from 1 nodes (KZT 26.2k); no observed outgoing links; depth 3.
100000002681544100,terminal,0.7284994068801898,2,0.633370403321471,Receives from 2 nodes (KZT 166.1k); no observed outgoing links; depth 3.
100000007864477100,distributor,0.7179715302491103,0,0.6393683274021352,Sends to 6 nodes (KZT 203.5k); receives from 2; outgoing p0.96.
100000004746397100,peripheral,0.2375444839857651,10,0.4346196619217082,"Limited observed structure: 1 incoming, 1 outgoing links; depth 3."
100000003814002100,terminal,0.4575919335705813,10,0.331235172004745,Receives from 1 nodes (KZT 30.0k); no observed outgoing links; depth 3.
100000003962994100,terminal,0.38107947805456704,19,0.44780545670225386,Receives from 1 nodes (KZT 10.0k); no observed outgoing links; depth 3.
100000003366471100,peripheral,0.14346085409252674,1,0.5470195729537367,"Limited observed structure: 2 incoming, 1 outgoing links; depth 3."
100000003561031100,peripheral,0.2375444839857651,1,0.286866103202847,"Limited observed structure: 1 incoming, 1 outgoing links; depth 3."
100000001690439100,terminal,0.39746441281138795,10,0.460954181494662,Receives from 1 nodes (KZT 14.2k); no observed outgoing links; depth 3.
100000002954780100,terminal,0.5643534994068802,5,0.547138196915777,Receives from 1 nodes (KZT 133.4k); no observed outgoing links; depth 3.
100000008720668100,terminal,0.4073991696322657,22,0.21874258600237248,Receives from 1 nodes (KZT 16.0k); no observed outgoing links; depth 3.
100000002459164100,terminal,0.42304270462633453,0,0.5017126334519573,Receives from 1 nodes (KZT 20.0k); no observed outgoing links; depth 3.
100000005082652100,terminal,0.4575919335705813,2,0.4193801897983393,Receives from 1 nodes (KZT 30.0k); no observed outgoing links; depth 3.
100000005041905100,peripheral,0.06628113879003561,22,0.2964301601423488,"Limited observed structure: 1 incoming, 1 outgoing links; depth 3."
100000008653041100,terminal,0.451438315539739,22,0.27758377817319096,Receives from 1 nodes (KZT 28.0k); no observed outgoing links; depth 3.
100000008722417100,distributor,0.7227164887307236,10,0.6225496737841044,Sends to 3 nodes (KZT 720.0k); receives from 1; outgoing p0.91.
100000008625905100,peripheral,0.08718861209964412,45,0.5857428825622776,"Limited observed structure: 1 incoming, 2 outgoing links; depth 3."
100000007487729100,terminal,0.44165183867141167,0,0.3794076215895611,Receives from 1 nodes (KZT 25.0k); no observed outgoing links; depth 3.
100000000838385100,peripheral,0.015124555160142328,15,0.5992660142348755,"Limited observed structure: 1 incoming, 2 outgoing links; depth 3."
100000004750321100,terminal,0.6487247924080665,18,0.5405397390272836,Receives from 2 nodes (KZT 50.2k); no observed outgoing links; depth 3.
100000008664774100,terminal,0.4084371293001186,22,0.2204033214709371,Receives from 1 nodes (KZT 16.3k); no observed outgoing links; depth 3.
100000006274203100,distributor,0.930753262158956,43,0.9236024614472124,Sends to 3 nodes (KZT 72.0k); receives from 2; outgoing p0.91.
100000002185328100,peripheral,0.0653914590747331,32,0.4492548932384342,"Limited observed structure: 1 incoming, 4 outgoing links; depth 3."
100000008254576100,peripheral,0.2375444839857651,38,0.38097197508896796,"Limited observed structure: 1 incoming, 1 outgoing links; depth 3."
100000001689968100,consolidator,0.778914590747331,10,0.6772798042704626,Receives from 3 nodes (KZT 344.3k); sends to 0; incoming p0.94.
100000002236528100,terminal,0.5183867141162515,2,0.4868920521945433,Receives from 1 nodes (KZT 66.0k); no observed outgoing links; depth 3.
100000002670960100,terminal,0.6396797153024911,24,0.5402357651245552,Receives from 1 nodes (KZT 480.3k); no observed outgoing links; depth 3.
100000003557488100,peripheral,0.0920818505338078,36,0.5947731316725978,"Limited observed structure: 1 incoming, 2 outgoing links; depth 3."
100000003888197100,terminal,0.5318801897983393,10,0.4082814353499407,Receives from 1 nodes (KZT 83.2k); no observed outgoing links; depth 3.
100000002799941100,terminal,0.6498368920521945,43,0.6572323546856466,Receives from 1 nodes (KZT 600.0k); no observed outgoing links; depth 3.
100000001632325100,terminal,0.5346975088967972,22,0.3965080071174377,Receives from 1 nodes (KZT 85.6k); no observed outgoing links; depth 3.
100000008620570100,peripheral,0.13589857651245552,1,0.5214524021352314,"Limited observed structure: 2 incoming, 2 outgoing links; depth 3."
100000005308954100,peripheral,0.2375444839857651,16,0.502413256227758,"Limited observed structure: 1 incoming, 1 outgoing links; depth 3."
100000008468762100,terminal,0.7307977461447214,35,0.6653061981020166,Receives from 2 nodes (KZT 170.0k); no observed outgoing links; depth 3.
100000002305007100,terminal,0.5093416370106761,22,0.35693950177935946,Receives from 1 nodes (KZT 56.0k); no observed outgoing links; depth 3.
100000008314863100,terminal,0.3896797153024911,3,0.5447286476868327,Receives from 1 nodes (KZT 12.0k); no observed outgoing links; depth 3.
100000005709551100,terminal,0.43920521945432983,12,0.38010824436536184,Receives from 1 nodes (KZT 24.6k); no observed outgoing links; depth 3.
100000008297199100,terminal,0.4820581257413998,0,0.42531880189798343,Receives from 1 nodes (KZT 42.3k); no observed outgoing links; depth 3.
100000003271151100,terminal,0.5625741399762753,1,0.5320136417556347,Receives from 1 nodes (KZT 127.3k); no observed outgoing links; depth 3.
100000007005380100,terminal,0.37588967971530246,10,0.35709519572953735,Receives from 1 nodes (KZT 9.4k); no observed outgoing links; depth 3.
100000004451012100,distributor,0.6577698695136417,43,0.570992734282325,Sends to 3 nodes (KZT 65.7k); receives from 1; outgoing p0.91.
100000004779204100,peripheral,0.2375444839857651,0,0.32788033807829187,"Limited observed structure: 1 incoming, 1 outgoing links; depth 3."
100000002793881100,consolidator,0.8379300118623961,5,0.8043112396204033,Receives from 3 nodes (KZT 785.6k); sends to 0; incoming p0.94.
100000008671129100,terminal,0.4475830367734282,22,0.2722494068801898,Receives from 1 nodes (KZT 26.2k); no observed outgoing links; depth 3.
100000002095257100,terminal,0.3735172004744958,8,0.48514976275207594,Receives from 1 nodes (KZT 8.5k); no observed outgoing links; depth 3.
100000002194329100,terminal,0.44380189798339265,0,0.3226275207591934,Receives from 1 nodes (KZT 25.2k); no observed outgoing links; depth 3.
100000001884825100,consolidator,0.8007117437722421,5,0.7550378113879004,Receives from 3 nodes (KZT 495.0k); sends to 0; incoming p0.94.
100000008692291100,transit,0.9073250296559904,42,0.758770759193357,Pass-through 0.97; 3 incoming and 3 outgoing links; depth 3.
100000002697752100,terminal,0.7363582443653618,1,0.6354908066429419,Receives from 2 nodes (KZT 190.8k); no observed outgoing links; depth 3.
100000007170072100,transit,0.7498220640569394,1,0.6148465302491103,Pass-through 0.99; 1 incoming and 2 outgoing links; depth 3.
100000002373144100,peripheral,0.2375444839857651,0,0.359375,"Limited observed structure: 1 incoming, 1 outgoing links; depth 3."
100000000287768100,terminal,0.47034400948991695,0,0.36120255041518384,Receives from 1 nodes (KZT 35.2k); no observed outgoing links; depth 3.
100000004508696100,peripheral,0.08896797153024916,19,0.49935498220640573,"Limited observed structure: 1 incoming, 3 outgoing links; depth 3."
100000008688109100,terminal,0.3926453143534994,22,0.20258748517200476,Receives from 1 nodes (KZT 12.8k); no observed outgoing links; depth 3.
100000008724461100,peripheral,0.2375444839857651,5,0.4944061387900356,"Limited observed structure: 1 incoming, 1 outgoing links; depth 3."
100000001714413100,terminal,0.6054270462633452,10,0.5162811387900356,Receives from 1 nodes (KZT 250.2k); no observed outgoing links; depth 3.
100000008672493100,terminal,0.3962781731909846,22,0.20695432977461448,Receives from 1 nodes (KZT 14.0k); no observed outgoing links; depth 3.
100000003241965100,terminal,0.4010231316725979,18,0.32563389679715304,Receives from 1 nodes (KZT 15.0k); no observed outgoing links; depth 3.
100000002241986100,distributor,0.7456257413997628,30,0.6336706702253855,Sends to 6 nodes (KZT 3.1m); receives from 1; outgoing p0.96.
100000004140994100,terminal,0.41785290628707,22,0.23279952550415184,Receives from 1 nodes (KZT 18.6k); no observed outgoing links; depth 3.
100000008489922100,distributor,0.9535883748517201,5,0.9191577698695137,Sends to 36 nodes (KZT 3.8m); receives from 3; outgoing p1.00.
100000001252290100,peripheral,0.2375444839857651,10,0.39858763345195736,"Limited observed structure: 1 incoming, 1 outgoing links; depth 3."
100000008667799100,terminal,0.4673042704626334,22,0.2986877224199288,Receives from 1 nodes (KZT 34.0k); no observed outgoing links; depth 3.
100000008684951100,terminal,0.4119958481613286,22,0.22492956702253858,Receives from 1 nodes (KZT 17.2k); no observed outgoing links; depth 3.
100000006126743100,terminal,0.5080071174377224,10,0.37964857651245554,Receives from 1 nodes (KZT 55.0k); no observed outgoing links; depth 3.
100000003009900100,terminal,0.40658362989323843,18,0.33380782918149465,Receives from 1 nodes (KZT 16.0k); no observed outgoing links; depth 3.
100000001745217100,terminal,0.49762752075919336,0,0.3988508303677343,Receives from 1 nodes (KZT 50.0k); no observed outgoing links; depth 3.
100000002886166100,terminal,0.5856316725978647,34,0.4899577402135231,Receives from 1 nodes (KZT 185.0k); no observed outgoing links; depth 3.
100000002956779100,terminal,0.6311536180308422,3,0.5655731020166074,Receives from 1 nodes (KZT 411.0k); no observed outgoing links; depth 3.
100000008568512100,terminal,0.5905990510083037,10,0.493223606168446,Receives from 1 nodes (KZT 199.6k); no observed outgoing links; depth 3.
100000008583360100,peripheral,0.23176156583629892,18,0.5206072064056939,"Limited observed structure: 1 incoming, 1 outgoing links; depth 3."
100000001130176100,terminal,0.44165183867141167,0,0.5235357354685647,Receives from 1 nodes (KZT 25.0k); no observed outgoing links; depth 3.
100000001145749100,terminal,0.38107947805456704,3,0.5311906880189798,Receives from 1 nodes (KZT 10.0k); no observed outgoing links; depth 3.
100000005367445100,transit,0.724273428232503,42,0.6824807236061685,Pass-through 1.00; 1 incoming and 1 outgoing links; depth 3.
100000003917461100,peripheral,0.13589857651245552,8,0.5855649466192171,"Limited observed structure: 1 incoming, 2 outgoing links; depth 3."
100000008200810100,terminal,0.6393090154211151,24,0.5395870403321472,Receives from 1 nodes (KZT 475.0k); no observed outgoing links; depth 3.
100000002554175100,terminal,0.4393534994068802,18,0.3807903321470937,Receives from 1 nodes (KZT 24.6k); no observed outgoing links; depth 3.
100000008751380100,terminal,0.7698695136417557,5,0.7175118623962041,Receives from 2 nodes (KZT 345.8k); no observed outgoing links; depth 3.
100000004071444100,peripheral,0.20062277580071175,0,0.4904693060498221,"Limited observed structure: 1 incoming, 1 outgoing links; depth 3."
100000001141268100,peripheral,0.14145907473309605,35,0.6336410142348755,"Limited observed structure: 2 incoming, 1 outgoing links; depth 3."
100000002645993100,peripheral,0.052713523131672546,0,0.40392571174377223,"Limited observed structure: 2 incoming, 5 outgoing links; depth 3."
100000002546921100,terminal,0.42304270462633453,40,0.3451290035587189,Receives from 1 nodes (KZT 20.0k); no observed outgoing links; depth 3.
100000008753897100,terminal,0.4385379596678529,22,0.26083555753262155,Receives from 1 nodes (KZT 24.1k); no observed outgoing links; depth 3.
100000000870121100,terminal,0.3896797153024911,12,0.3935053380782918,Receives from 1 nodes (KZT 12.0k); no observed outgoing links; depth 3.
100000003171006100,terminal,0.7889976275207591,5,0.7576809015421114,Receives from 2 nodes (KZT 485.0k); no observed outgoing links; depth 3.
100000001690558100,terminal,0.6548042704626335,43,0.668905693950178,Receives from 1 nodes (KZT 740.0k); no observed outgoing links; depth 3.
100000008667795100,terminal,0.4673042704626334,22,0.2986877224199288,Receives from 1 nodes (KZT 34.0k); no observed outgoing links; depth 3.
100000005674387100,terminal,0.4475830367734282,22,0.2722494068801898,Receives from 1 nodes (KZT 26.2k); no observed outgoing links; depth 3.
100000003636627100,peripheral,0.01379003558718861,2,0.5254114768683275,"Limited observed structure: 1 incoming, 1 outgoing links; depth 3."
100000001275752100,terminal,0.5735468564650059,5,0.5606242586002372,Receives from 1 nodes (KZT 151.5k); no observed outgoing links; depth 3.
100000002459240100,terminal,0.5716192170818505,10,0.46496886120996445,Receives from 1 nodes (KZT 150.0k); no observed outgoing links; depth 3.
100000002644285100,terminal,0.6429418742586003,24,0.5446767497034402,Receives from 1 nodes (KZT 500.0k); no observed outgoing links; depth 3.
100000005186109100,terminal,0.36017200474495853,4,0.46028321470937134,Receives from 1 nodes (KZT 5.0k); no observed outgoing links; depth 3.
100000005317181100,peripheral,0.2375444839857651,0,0.49705293594306055,"Limited observed structure: 1 incoming, 1 outgoing links; depth 3."
100000003001661100,distributor,0.8878262158956108,15,0.7832554863582444,Sends to 5 nodes (KZT 439.5k); receives from 1; outgoing p0.95.
100000000288317100,distributor,0.6883155397390274,1,0.6241140272835113,Sends to 3 nodes (KZT 53.5k); receives from 2; outgoing p0.91.
100000004368189100,peripheral,0.13589857651245552,24,0.42685720640569397,"Limited observed structure: 1 incoming, 2 outgoing links; depth 3."
100000004493586100,terminal,0.37121886120996445,0,0.2762789145907473,Receives from 1 nodes (KZT 7.5k); no observed outgoing links; depth 3.
100000004114962100,terminal,0.7281287069988137,10,0.7132376927639383,Receives from 2 nodes (KZT 165.0k); no observed outgoing links; depth 3.
100000008088082100,peripheral,0.2375444839857651,12,0.4311943950177936,"Limited observed structure: 1 incoming, 1 outgoing links; depth 3."
100000008595687100,peripheral,0.2375444839857651,16,0.43664368327402137,"Limited observed structure: 1 incoming, 1 outgoing links; depth 3."
100000001248999100,terminal,0.4343119810201661,28,0.33747034400948994,Receives from 1 nodes (KZT 23.4k); no observed outgoing links; depth 3.
100000002736316100,consolidator,0.7927046263345195,0,0.6929159252669039,Receives from 3 nodes (KZT 266.9k); sends to 0; incoming p0.94.
100000008596924100,terminal,0.5481168446026098,2,0.49754967378410436,Receives from 1 nodes (KZT 100.0k); no observed outgoing links; depth 3.
100000008598972100,terminal,0.5601275207591934,1,0.3992178232502966,Receives from 1 nodes (KZT 120.0k); no observed outgoing links; depth 3.
100000002769809100,terminal,0.5570877817319099,43,0.5755041518386714,Receives from 1 nodes (KZT 113.4k); no observed outgoing links; depth 3.
100000003089553100,terminal,0.5716192170818505,42,0.5909252669039147,Receives from 1 nodes (KZT 150.0k); no observed outgoing links; depth 3.
100000002343825100,consolidator,0.786773428232503,42,0.7681680011862396,Receives from 3 nodes (KZT 350.0k); sends to 2; incoming p0.94.
100000002015633100,terminal,0.5431494661921709,10,0.42264234875444845,Receives from 1 nodes (KZT 95.0k); no observed outgoing links; depth 3.
100000002906470100,terminal,0.5633896797153025,43,0.5264790925266905,Receives from 1 nodes (KZT 130.0k); no observed outgoing links; depth 3.
100000005628518100,terminal,0.5272093712930012,43,0.5842489620403322,Receives from 1 nodes (KZT 77.0k); no observed outgoing links; depth 3.
100000002958139100,terminal,0.5941577698695136,5,0.5932903321470937,Receives from 1 nodes (KZT 209.5k); no observed outgoing links; depth 3.
100000008754747100,terminal,0.48769276393831557,22,0.32919632265717674,Receives from 1 nodes (KZT 45.5k); no observed outgoing links; depth 3.
100000008776720100,terminal,0.4464709371293001,22,0.27069246737841046,Receives from 1 nodes (KZT 26.1k); no observed outgoing links; depth 3.
100000008576528100,terminal,0.451438315539739,10,0.3252261269276394,Receives from 1 nodes (KZT 28.0k); no observed outgoing links; depth 3.
100000004603109100,consolidator,0.9730130486358245,21,0.8358577995255042,Receives from 3 nodes (KZT 2.7m); sends to 2; incoming p0.94.
100000008721637100,peripheral,0.13589857651245552,2,0.38335186832740215,"Limited observed structure: 1 incoming, 2 outgoing links; depth 3."
100000004491749100,terminal,0.49762752075919336,2,0.43183570581257413,Receives from 1 nodes (KZT 50.0k); no observed outgoing links; depth 3.
100000005171642100,transit,0.8414253159333364,48,0.7567420051399177,Pass-through 0.98; 2 incoming and 1 outgoing links; depth 3.
100000008682426100,terminal,0.42304270462633453,40,0.3451290035587189,Receives from 1 nodes (KZT 20.0k); no observed outgoing links; depth 3.
100000006209210100,terminal,0.5986061684460261,2,0.603899762752076,Receives from 1 nodes (KZT 229.1k); no observed outgoing links; depth 3.
100000003888527100,terminal,0.4575919335705813,66,0.4871515421115066,Receives from 1 nodes (KZT 30.0k); no observed outgoing links; depth 3.
100000008490127100,distributor,0.7579329774614472,10,0.6480019276393831,Sends to 6 nodes (KZT 923.0k); receives from 1; outgoing p0.96.
100000004336228100,terminal,0.5019276393831554,1,0.43987247924080664,Receives from 1 nodes (KZT 51.4k); no observed outgoing links; depth 3.
100000006844004100,terminal,0.4277876631079478,0,0.5064131079478055,Receives from 1 nodes (KZT 20.6k); no observed outgoing links; depth 3.
100000001688676100,terminal,0.5645017793594306,43,0.5283140569395018,Receives from 1 nodes (KZT 133.7k); no observed outgoing links; depth 3.
100000008712036100,terminal,0.4288256227758007,22,0.24757562277580072,Receives from 1 nodes (KZT 21.0k); no observed outgoing links; depth 3.
100000004697956100,transit,0.724273428232503,2,0.4960483392645315,Pass-through 1.00; 1 incoming and 1 outgoing links; depth 3.
100000004921657100,peripheral,0.2375444839857651,3,0.5355093416370107,"Limited observed structure: 1 incoming, 1 outgoing links; depth 3."
100000000408846100,terminal,0.4799080664294187,14,0.4195989027283511,Receives from 1 nodes (KZT 40.5k); no observed outgoing links; depth 3.
100000003406094100,peripheral,0.07562277580071175,16,0.5464524021352313,"Limited observed structure: 1 incoming, 3 outgoing links; depth 3."
100000008695566100,terminal,0.4666370106761566,22,0.29762010676156586,Receives from 1 nodes (KZT 33.7k); no observed outgoing links; depth 3.
100000005974542100,terminal,0.5424822064056939,29,0.5852201957295374,Receives from 1 nodes (KZT 94.5k); no observed outgoing links; depth 3.
100000001887715100,consolidator,0.942170818505338,35,0.9260453736654806,Receives from 3 nodes (KZT 1.3m); sends to 1; incoming p0.94.
100000002472632100,peripheral,0.04893238434163705,13,0.613289590747331,"Limited observed structure: 2 incoming, 1 outgoing links; depth 3."
100000004629688100,peripheral,0.2375444839857651,4,0.43880115658362995,"Limited observed structure: 1 incoming, 1 outgoing links; depth 3."
100000002459832100,terminal,0.809311981020166,1,0.7281954329774615,Receives from 2 nodes (KZT 880.6k); no observed outgoing links; depth 3.
100000006100920100,terminal,0.5481168446026098,0,0.5401875741399763,Receives from 1 nodes (KZT 100.0k); no observed outgoing links; depth 3.
100000001439416100,peripheral,0.13589857651245552,0,0.49476201067615666,"Limited observed structure: 1 incoming, 2 outgoing links; depth 3."
100000002121357100,peripheral,0.14346085409252674,42,0.587299822064057,"Limited observed structure: 2 incoming, 1 outgoing links; depth 3."
100000002970466100,peripheral,0.13589857651245552,0,0.33915702846975093,"Limited observed structure: 1 incoming, 2 outgoing links; depth 3."
100000002581346100,terminal,0.5800711743772242,10,0.47626779359430604,Receives from 1 nodes (KZT 166.4k); no observed outgoing links; depth 3.
100000008738658100,terminal,0.45521945432977456,22,0.2834667852906287,Receives from 1 nodes (KZT 29.9k); no observed outgoing links; depth 3.
100000005910114100,distributor,0.8665480427046264,0,0.7759341637010676,Sends to 19 nodes (KZT 1.5m); receives from 3; outgoing p0.99.
100000001046626100,terminal,0.5716192170818505,10,0.46496886120996445,Receives from 1 nodes (KZT 150.0k); no observed outgoing links; depth 3.
100000006492770100,peripheral,0.22731316725978645,0,0.4759008007117438,"Limited observed structure: 1 incoming, 1 outgoing links; depth 3."
100000001674850100,terminal,0.7501482799525503,42,0.6892052194543298,Receives from 2 nodes (KZT 237.0k); no observed outgoing links; depth 3.
100000000860514100,peripheral,0.2375444839857651,13,0.4336187722419929,"Limited observed structure: 1 incoming, 1 outgoing links; depth 3."
100000003650146100,terminal,0.3976868327402135,16,0.36672597864768686,Receives from 1 nodes (KZT 14.4k); no observed outgoing links; depth 3.
100000001227106100,terminal,0.5790332147093713,10,0.4749406880189799,Receives from 1 nodes (KZT 164.8k); no observed outgoing links; depth 3.
100000003647799100,terminal,0.5481168446026098,10,0.4288107947805457,Receives from 1 nodes (KZT 100.0k); no observed outgoing links; depth 3.
100000008293431100,distributor,0.5936387900355872,0,0.49353870106761566,Sends to 5 nodes (KZT 297.0k); receives from 1; outgoing p0.95.
100000002975287100,terminal,0.4010231316725979,28,0.30811832740213524,Receives from 1 nodes (KZT 15.0k); no observed outgoing links; depth 3.
100000008507703100,terminal,0.4526986951364176,22,0.2797672004744959,Receives from 1 nodes (KZT 28.5k); no observed outgoing links; depth 3.
100000001733687100,terminal,0.6143238434163701,5,0.6263345195729538,Receives from 1 nodes (KZT 300.0k); no observed outgoing links; depth 3.
100000004552204100,peripheral,0.06272241992882566,41,0.5470862989323844,"Limited observed structure: 1 incoming, 2 outgoing links; depth 3."
100000008223756100,terminal,0.7677935943060499,1,0.678002669039146,Receives from 2 nodes (KZT 331.7k); no observed outgoing links; depth 3.
100000002956769100,consolidator,0.8441577698695136,24,0.8101608837485172,Receives from 3 nodes (KZT 840.0k); sends to 0; incoming p0.94.
100000008555233100,terminal,0.6341933570581257,35,0.7087040332147094,Receives from 1 nodes (KZT 440.6k); no observed outgoing links; depth 3.
100000002346166100,terminal,0.3666221826809015,22,0.17257191577698697,Receives from 1 nodes (KZT 6.0k); no observed outgoing links; depth 3.
100000000878006100,terminal,0.4906583629893239,10,0.36278914590747335,Receives from 1 nodes (KZT 47.0k); no observed outgoing links; depth 3.
100000004997515100,peripheral,0.030916370106761515,5,0.6125889679715303,"Limited observed structure: 4 incoming, 4 outgoing links; depth 3."
100000007653003100,terminal,0.5481168446026098,28,0.49892867734282326,Receives from 1 nodes (KZT 100.0k); no observed outgoing links; depth 3.
100000000661131100,terminal,0.4052491103202847,22,0.21602535587188615,Receives from 1 nodes (KZT 15.6k); no observed outgoing links; depth 3.
100000003880331100,distributor,0.8097568208778173,1,0.6922190094899169,Sends to 16 nodes (KZT 3.9m); receives from 1; outgoing p0.98.
100000003204491100,peripheral,0.2375444839857651,0,0.4622442170818506,"Limited observed structure: 1 incoming, 1 outgoing links; depth 3."
100000008463968100,terminal,0.38107947805456704,22,0.18886417556346383,Receives from 1 nodes (KZT 10.0k); no observed outgoing links; depth 3.
100000002712416100,terminal,0.7071470937129302,24,0.6441800118623964,Receives from 2 nodes (KZT 116.8k); no observed outgoing links; depth 3.
100000008754997100,terminal,0.41599940688018977,22,0.23066800118623962,Receives from 1 nodes (KZT 18.0k); no observed outgoing links; depth 3.
100000008011573100,terminal,0.4010231316725979,28,0.30811832740213524,Receives from 1 nodes (KZT 15.0k); no observed outgoing links; depth 3.
100000003178549100,distributor,0.7869217081850534,28,0.7111988434163701,Sends to 4 nodes (KZT 89.1k); receives from 2; outgoing p0.93.
100000000534581100,peripheral,0.14346085409252674,1,0.42693505338078297,"Limited observed structure: 2 incoming, 1 outgoing links; depth 3."
100000007138613100,consolidator,0.8360023724792408,0,0.7532287959667854,Receives from 3 nodes (KZT 1.0m); sends to 2; incoming p0.94.
100000002380341100,terminal,0.5102313167259787,0,0.48296263345195733,Receives from 1 nodes (KZT 57.6k); no observed outgoing links; depth 3.
100000008309514100,terminal,0.4119958481613286,22,0.22492956702253858,Receives from 1 nodes (KZT 17.2k); no observed outgoing links; depth 3.
100000003134474100,terminal,0.5579033214709371,10,0.4434126631079478,Receives from 1 nodes (KZT 116.0k); no observed outgoing links; depth 3.
100000002373386100,terminal,0.4375741399762752,22,0.25979389086595495,Receives from 1 nodes (KZT 24.0k); no observed outgoing links; depth 3.
100000008684767100,terminal,0.4621144721233689,22,0.2906064650059312,Receives from 1 nodes (KZT 31.1k); no observed outgoing links; depth 3.
100000008332511100,terminal,0.5481168446026098,2,0.7118290332147095,Receives from 1 nodes (KZT 100.0k); no observed outgoing links; depth 3.
100000005754335100,terminal,0.4838374851720048,66,0.5219157769869514,Receives from 1 nodes (KZT 44.0k); no observed outgoing links; depth 3.
100000008547295100,terminal,0.4010231316725979,2,0.4088856761565836,Receives from 1 nodes (KZT 15.0k); no observed outgoing links; depth 3.
100000001875167100,terminal,0.6637752075919335,10,0.6296003855278767,Receives from 1 nodes (KZT 1.0m); no observed outgoing links; depth 3.
100000004670388100,peripheral,0.08318505338078297,7,0.5721975088967971,"Limited observed structure: 1 incoming, 2 outgoing links; depth 3."
100000004097972100,peripheral,0.13589857651245552,0,0.460798487544484,"Limited observed structure: 1 incoming, 2 outgoing links; depth 3."
100000000481716100,terminal,0.3724051008303677,18,0.4184126631079478,Receives from 1 nodes (KZT 8.0k); no observed outgoing links; depth 3.
100000005089460100,terminal,0.3911625148279953,22,0.20043742586002372,Receives from 1 nodes (KZT 12.3k); no observed outgoing links; depth 3.
100000003105929100,peripheral,0.1178825622775801,10,0.46553603202846977,"Limited observed structure: 1 incoming, 1 outgoing links; depth 3."
100000008379273100,transit,0.8377899696849873,18,0.5994719586134176,Pass-through 1.06; 2 incoming and 4 outgoing links; depth 3.
100000005357705100,distributor,0.6986951364175563,1,0.5985728054567023,Sends to 4 nodes (KZT 387.1k); receives from 1; outgoing p0.93.
100000003111305100,consolidator,0.84823546856465,48,0.7956220344009489,Receives from 4 nodes (KZT 509.3k); sends to 0; incoming p0.97.
100000008503177100,terminal,0.46678529062870705,1,0.3910957888493476,Receives from 1 nodes (KZT 34.0k); no observed outgoing links; depth 3.
100000000955529100,peripheral,0.2375444839857651,3,0.41542482206405695,"Limited observed structure: 1 incoming, 1 outgoing links; depth 3."
100000008695689100,terminal,0.4475830367734282,22,0.2722494068801898,Receives from 1 nodes (KZT 26.2k); no observed outgoing links; depth 3.
100000004184158100,terminal,0.5937129300118624,0,0.5442467378410439,Receives from 1 nodes (KZT 203.8k); no observed outgoing links; depth 3.
100000005475379100,distributor,0.7759489916963226,11,0.7467118920521946,Sends to 3 nodes (KZT 81.0k); receives from 1; outgoing p0.91.
100000003093299100,terminal,0.4010231316725979,0,0.2818171708185053,Receives from 1 nodes (KZT 15.0k); no observed outgoing links; depth 3.
100000008767027100,terminal,0.36017200474495853,35,0.31975830367734287,Receives from 1 nodes (KZT 5.0k); no observed outgoing links; depth 3.
100000004539443100,terminal,0.6635527876631079,3,0.7509638196915778,Receives from 2 nodes (KZT 62.0k); no observed outgoing links; depth 3.
100000007863304100,terminal,0.44165183867141167,10,0.3159623368920522,Receives from 1 nodes (KZT 25.0k); no observed outgoing links; depth 3.
100000004959752100,terminal,0.43156880189798336,3,0.6213930901542112,Receives from 1 nodes (KZT 22.2k); no observed outgoing links; depth 3.
100000002214664100,peripheral,0.2375444839857651,22,0.26293371886121,"Limited observed structure: 1 incoming, 1 outgoing links; depth 3."
100000008192264100,transit,0.467327704177879,10,0.4931553246209822,Pass-through 1.15; 1 incoming and 1 outgoing links; depth 3.
100000000942301100,terminal,0.5105278766310795,0,0.4643090154211151,Receives from 1 nodes (KZT 57.6k); no observed outgoing links; depth 3.
100000002578653100,terminal,0.42304270462633453,57,0.4130782918149466,Receives from 1 nodes (KZT 20.0k); no observed outgoing links; depth 3.
100000002511581100,terminal,0.41414590747330965,22,0.22786921708185054,Receives from 1 nodes (KZT 17.6k); no observed outgoing links; depth 3.
100000005610717100,consolidator,0.8283659549228943,0,0.7357502965599052,Receives from 4 nodes (KZT 484.5k); sends to 1; incoming p0.97.
100000005704413100,distributor,0.9423190984578884,18,0.8509489916963227,Sends to 32 nodes (KZT 1.4m); receives from 3; outgoing p0.99.
100000000976943100,transit,0.3909400948991697,11,0.6227461447212337,Pass-through 1.20; 1 incoming and 1 outgoing links; depth 3.
100000008708061100,terminal,0.37411032028469754,22,0.18205071174377224,Receives from 1 nodes (KZT 8.7k); no observed outgoing links; depth 3.
100000003986141100,terminal,0.3634341637010676,28,0.25309163701067616,Receives from 1 nodes (KZT 5.3k); no observed outgoing links; depth 3.
100000005037490100,peripheral,0.13589857651245552,12,0.42345418149466196,"Limited observed structure: 1 incoming, 2 outgoing links; depth 3."
100000004257714100,terminal,0.5031138790035588,22,0.3485320284697509,Receives from 1 nodes (KZT 52.2k); no observed outgoing links; depth 3.
100000000569479100,terminal,0.6178825622775801,0,0.6331850533807829,Receives from 1 nodes (KZT 320.0k); no observed outgoing links; depth 3.
100000007303047100,terminal,0.5032621589561092,22,0.34910290628706997,Receives from 1 nodes (KZT 52.2k); no observed outgoing links; depth 3.
100000008708743100,terminal,0.4048784104389087,22,0.2155434460260973,Receives from 1 nodes (KZT 15.6k); no observed outgoing links; depth 3.
100000008745863100,terminal,0.43253262158956113,22,0.2530619810201661,Receives from 1 nodes (KZT 22.9k); no observed outgoing links; depth 3.
100000005048668100,distributor,0.5862989323843416,1,0.5094862099644129,Sends to 8 nodes (KZT 159.4k); receives from 2; outgoing p0.97.
100000006522972100,terminal,0.3761862396204034,10,0.35857058125741403,Receives from 1 nodes (KZT 9.5k); no observed outgoing links; depth 3.
100000008759857100,peripheral,0.07428825622775803,35,0.45613879003558727,"Limited observed structure: 1 incoming, 2 outgoing links; depth 3."
100000005342513100,peripheral,0.044039145907473265,22,0.4873776690391459,"Limited observed structure: 1 incoming, 1 outgoing links; depth 3."
100000004750897100,terminal,0.38107947805456704,4,0.44958481613285883,Receives from 1 nodes (KZT 10.0k); no observed outgoing links; depth 3.
100000001140785100,terminal,0.7439205219454331,42,0.6865806642941875,Receives from 2 nodes (KZT 215.0k); no observed outgoing links; depth 3.
100000002821425100,terminal,0.6092081850533808,24,0.4878669928825623,Receives from 1 nodes (KZT 275.0k); no observed outgoing links; depth 3.
100000003221510100,peripheral,0.13589857651245552,0,0.3460742882562278,"Limited observed structure: 1 incoming, 2 outgoing links; depth 3."
100000003031003100,consolidator,0.7290925266903914,24,0.7024132562277581,Receives from 3 nodes (KZT 280.1k); sends to 0; incoming p0.94.
100000003060187100,terminal,0.5415183867141162,43,0.49376482799525506,Receives from 1 nodes (KZT 93.0k); no observed outgoing links; depth 3.
100000008718811100,terminal,0.5243179122182681,22,0.381791221826809,Receives from 1 nodes (KZT 73.3k); no observed outgoing links; depth 3.
100000008043184100,terminal,0.5005931198102017,28,0.42594899169632267,Receives from 1 nodes (KZT 50.6k); no observed outgoing links; depth 3.
100000002530224100,terminal,0.5567912218268091,5,0.5343712930011864,Receives from 1 nodes (KZT 113.0k); no observed outgoing links; depth 3.
100000008754608100,terminal,0.3911625148279953,22,0.20043742586002372,Receives from 1 nodes (KZT 12.3k); no observed outgoing links; depth 3.
100000006989232100,terminal,0.4313463819691578,0,0.31593268090154214,Receives from 1 nodes (KZT 22.2k); no observed outgoing links; depth 3.
100000006532229100,terminal,0.5520462633451958,42,0.5588300711743772,Receives from 1 nodes (KZT 105.0k); no observed outgoing links; depth 3.
100000005661829100,transit,0.6447215083543726,43,0.4948325123199099,Pass-through 1.07; 1 incoming and 2 outgoing links; depth 3.
100000004553349100,terminal,0.3717378410438909,10,0.34411328588374857,Receives from 1 nodes (KZT 7.8k); no observed outgoing links; depth 3.
100000002945626100,consolidator,0.8047153024911031,5,0.7723643238434164,Receives from 3 nodes (KZT 584.0k); sends to 0; incoming p0.94.
100000008775471100,terminal,0.6482799525504152,35,0.7040183867141163,Receives from 1 nodes (KZT 580.0k); no observed outgoing links; depth 3.
100000000404740100,peripheral,0.14012455516014233,13,0.44804270462633455,"Limited observed structure: 1 incoming, 0 outgoing links; depth 4."
100000004268036100,peripheral,0.5896352313167259,46,0.2445618327402135,"Limited observed structure: 1 incoming, 0 outgoing links; depth 4."
100000001256409100,peripheral,0.1583629893238434,1,0.3254893238434164,"Limited observed structure: 1 incoming, 0 outgoing links; depth 4."
100000005360814100,peripheral,0.26601423487544484,1,0.5240658362989324,"Limited observed structure: 1 incoming, 0 outgoing links; depth 4."
100000002369454100,peripheral,0.27068505338078297,1,0.44804270462633455,"Limited observed structure: 1 incoming, 0 outgoing links; depth 4."
100000004272302100,peripheral,0.5896352313167259,57,0.3270129003558719,"Limited observed structure: 1 incoming, 0 outgoing links; depth 4."
100000008727982100,peripheral,0.21574733096085408,48,0.37660142348754455,"Limited observed structure: 1 incoming, 0 outgoing links; depth 4."
100000000600707100,peripheral,0.13256227758007122,26,0.4244217081850534,"Limited observed structure: 1 incoming, 0 outgoing links; depth 4."
100000004500781100,peripheral,0.09297153024911031,40,0.49786476868327406,"Limited observed structure: 1 incoming, 0 outgoing links; depth 4."
100000008703533100,peripheral,0.4884341637010676,42,0.5073398576512456,"Limited observed structure: 1 incoming, 0 outgoing links; depth 4."
100000004549591100,peripheral,0.2575622775800712,19,0.4794483985765125,"Limited observed structure: 1 incoming, 0 outgoing links; depth 4."
100000002700161100,peripheral,0.05427046263345192,47,0.5524466192170818,"Limited observed structure: 1 incoming, 0 outgoing links; depth 4."
100000003134550100,peripheral,0.42015124555160144,42,0.5158251779359431,"Limited observed structure: 1 incoming, 0 outgoing links; depth 4."
100000001957974100,peripheral,0.13567615658362986,40,0.48852313167259787,"Limited observed structure: 1 incoming, 0 outgoing links; depth 4."
100000001246806100,peripheral,0.18816725978647686,5,0.5945284697508897,"Limited observed structure: 1 incoming, 0 outgoing links; depth 4."
100000003622955100,peripheral,0.03113879003558717,11,0.5137455516014235,"Limited observed structure: 1 incoming, 0 outgoing links; depth 4."
100000003692843100,peripheral,0.13256227758007122,54,0.5510898576512455,"Limited observed structure: 1 incoming, 0 outgoing links; depth 4."
100000008629504100,peripheral,0.5896352313167259,0,0.43604314946619216,"Limited observed structure: 1 incoming, 0 outgoing links; depth 4."
100000005621418100,peripheral,0.5413701067615658,14,0.45760676156583635,"Limited observed structure: 1 incoming, 0 outgoing links; depth 4."
100000004167082100,peripheral,0.3167259786476868,12,0.41966192170818506,"Limited observed structure: 1 incoming, 0 outgoing links; depth 4."
100000004379306100,peripheral,0.1908362989323843,1,0.42366548042704627,"Limited observed structure: 1 incoming, 0 outgoing links; depth 4."
100000004856746100,peripheral,0.5896352313167259,62,0.4295929715302491,"Limited observed structure: 1 incoming, 0 outgoing links; depth 4."
100000004891562100,peripheral,0.39190391459074736,46,0.432829181494662,"Limited observed structure: 1 incoming, 0 outgoing links; depth 4."
100000007042175100,peripheral,0.18238434163701067,0,0.4908807829181495,"Limited observed structure: 1 incoming, 0 outgoing links; depth 4."
100000002670463100,peripheral,0.5894128113879004,46,0.37971530249110325,"Limited observed structure: 1 incoming, 0 outgoing links; depth 4."
100000005567828100,peripheral,0.4388345195729537,18,0.5043483096085409,"Limited observed structure: 1 incoming, 0 outgoing links; depth 4."
100000004200745100,peripheral,0.11654804270462638,8,0.5945284697508897,"Limited observed structure: 1 incoming, 0 outgoing links; depth 4."
100000003989033100,peripheral,0.1183274021352313,11,0.4775800711743773,"Limited observed structure: 1 incoming, 0 outgoing links; depth 4."
100000005146665100,peripheral,0.5896352313167259,44,0.30755115658362986,"Limited observed structure: 1 incoming, 0 outgoing links; depth 4."
100000003096787100,peripheral,0.5896352313167259,18,0.3817504448398576,"Limited observed structure: 1 incoming, 0 outgoing links; depth 4."
100000003074515100,peripheral,0.4083629893238434,5,0.517682384341637,"Limited observed structure: 1 incoming, 0 outgoing links; depth 4."
100000004377043100,peripheral,0.34653024911032027,15,0.4023576512455516,"Limited observed structure: 1 incoming, 0 outgoing links; depth 4."
100000008680061100,peripheral,0.5213523131672597,10,0.4714857651245552,"Limited observed structure: 1 incoming, 0 outgoing links; depth 4."
100000008471634100,peripheral,0.04181494661921703,13,0.4368772241992883,"Limited observed structure: 1 incoming, 0 outgoing links; depth 4."
100000002119762100,peripheral,0.20551601423487542,10,0.49937722419928826,"Limited observed structure: 1 incoming, 0 outgoing links; depth 4."
100000008628818100,peripheral,0.5836298932384342,18,0.47637900355871887,"Limited observed structure: 1 incoming, 0 outgoing links; depth 4."
100000007510567100,peripheral,0.5567170818505338,18,0.48243994661921713,"Limited observed structure: 1 incoming, 0 outgoing links; depth 4."
100000004780327100,peripheral,0.5896352313167259,46,0.2907584519572953,"Limited observed structure: 1 incoming, 0 outgoing links; depth 4."
100000008376785100,peripheral,0.19306049822064053,10,0.5431939501779359,"Limited observed structure: 1 incoming, 0 outgoing links; depth 4."
100000005745873100,peripheral,0.27224199288256223,65,0.48945729537366545,"Limited observed structure: 1 incoming, 0 outgoing links; depth 4."
100000002594214100,peripheral,0.07317615658362986,30,0.5148687722419929,"Limited observed structure: 1 incoming, 0 outgoing links; depth 4."
100000001299323100,peripheral,0.4028024911032029,5,0.5198509786476868,"Limited observed structure: 1 incoming, 0 outgoing links; depth 4."
100000003838587100,peripheral,0.1445729537366548,40,0.4030249110320285,"Limited observed structure: 1 incoming, 0 outgoing links; depth 4."
100000000673915100,peripheral,0.5896352313167259,20,0.35363656583629893,"Limited observed structure: 1 incoming, 0 outgoing links; depth 4."
100000003061115100,peripheral,0.18282918149466187,0,0.47500000000000003,"Limited observed structure: 1 incoming, 0 outgoing links; depth 4."
100000004326224100,peripheral,0.18060498220640564,10,0.4908807829181495,"Limited observed structure: 1 incoming, 0 outgoing links; depth 4."
100000004988240100,peripheral,0.2041814946619217,0,0.4368772241992883,"Limited observed structure: 1 incoming, 0 outgoing links; depth 4."
100000008525136100,peripheral,0.5896352313167259,0,0.3450733985765124,"Limited observed structure: 1 incoming, 0 outgoing links; depth 4."
100000001991973100,peripheral,0.5896352313167259,46,0.33929048042704624,"Limited observed structure: 1 incoming, 0 outgoing links; depth 4."
100000004569637100,peripheral,0.14679715302491103,1,0.40191281138790036,"Limited observed structure: 1 incoming, 0 outgoing links; depth 4."
100000008675322100,peripheral,0.20395907473309605,20,0.49060275800711745,"Limited observed structure: 1 incoming, 0 outgoing links; depth 4."
100000004235471100,peripheral,0.31138790035587194,10,0.5176601423487545,"Limited observed structure: 1 incoming, 0 outgoing links; depth 4."
100000003194831100,peripheral,0.5896352313167259,11,0.2690947508896797,"Limited observed structure: 1 incoming, 0 outgoing links; depth 4."
100000008588665100,peripheral,0.3687722419928826,0,0.44804270462633455,"Limited observed structure: 1 incoming, 0 outgoing links; depth 4."
100000003230329100,peripheral,0.4008007117437722,5,0.5203069395017794,"Limited observed structure: 1 incoming, 0 outgoing links; depth 4."
100000002217806100,peripheral,0.2495551601423488,19,0.487855871886121,"Limited observed structure: 1 incoming, 0 outgoing links; depth 4."
100000004041294100,peripheral,0.5896352313167259,13,0.42774688612099643,"Limited observed structure: 1 incoming, 0 outgoing links; depth 4."
100000008583971100,peripheral,0.14346085409252674,0,0.4354648576512456,"Limited observed structure: 2 incoming, 0 outgoing links; depth 4."
100000008251939100,peripheral,0.5896352313167259,18,0.47314279359430605,"Limited observed structure: 1 incoming, 0 outgoing links; depth 4."
100000004049912100,peripheral,0.4399466192170819,43,0.41169928825622776,"Limited observed structure: 1 incoming, 0 outgoing links; depth 4."
100000002227960100,peripheral,0.5896352313167259,32,0.40180160142348753,"Limited observed structure: 1 incoming, 0 outgoing links; depth 4."
100000008677368100,peripheral,0.18193950177935947,2,0.4198843416370107,"Limited observed structure: 1 incoming, 0 outgoing links; depth 4."
100000008631800100,peripheral,0.5896352313167259,46,0.29618549822064055,"Limited observed structure: 1 incoming, 0 outgoing links; depth 4."
100000003220685100,peripheral,0.057829181494661874,10,0.5550266903914591,"Limited observed structure: 1 incoming, 0 outgoing links; depth 4."
100000003072205100,peripheral,0.14346085409252674,5,0.5308162811387901,"Limited observed structure: 2 incoming, 0 outgoing links; depth 4."
100000001202637100,peripheral,0.15435943060498225,18,0.4851423487544484,"Limited observed structure: 1 incoming, 0 outgoing links; depth 4."
100000002835874100,peripheral,0.5309163701067616,5,0.49756450177935946,"Limited observed structure: 1 incoming, 0 outgoing links; depth 4."
100000002707106100,peripheral,0.5896352313167259,40,0.3304159252669039,"Limited observed structure: 1 incoming, 0 outgoing links; depth 4."
100000008343415100,peripheral,0.26512455516014233,1,0.5119217081850533,"Limited observed structure: 1 incoming, 0 outgoing links; depth 4."
100000004981068100,peripheral,0.322508896797153,1,0.41169928825622776,"Limited observed structure: 1 incoming, 0 outgoing links; depth 4."
100000004241142100,peripheral,0.20284697508896798,0,0.45351423487544484,"Limited observed structure: 1 incoming, 0 outgoing links; depth 4."
100000008190411100,peripheral,0.2766903914590747,50,0.5369661921708185,"Limited observed structure: 1 incoming, 0 outgoing links; depth 4."
100000008699083100,peripheral,0.25889679715302494,24,0.5295596085409253,"Limited observed structure: 1 incoming, 0 outgoing links; depth 4."
100000008136608100,peripheral,0.13523131672597866,18,0.5322953736654805,"Limited observed structure: 1 incoming, 0 outgoing links; depth 4."
100000008695157100,peripheral,0.16592526690391463,1,0.5477535587188612,"Limited observed structure: 1 incoming, 0 outgoing links; depth 4."
100000000369781100,peripheral,0.18905693950177938,10,0.3991548042704627,"Limited observed structure: 1 incoming, 0 outgoing links; depth 4."
100000003133045100,peripheral,0.4150355871886121,50,0.49515124555160145,"Limited observed structure: 1 incoming, 0 outgoing links; depth 4."
100000002474570100,peripheral,0.5896352313167259,46,0.25479314946619214,"Limited observed structure: 1 incoming, 0 outgoing links; depth 4."
100000002514975100,peripheral,0.19572953736654808,14,0.4319839857651246,"Limited observed structure: 1 incoming, 0 outgoing links; depth 4."
100000001089055100,peripheral,0.4266014234875445,28,0.4190391459074733,"Limited observed structure: 1 incoming, 0 outgoing links; depth 4."
100000000608031100,peripheral,0.17304270462633453,28,0.45760676156583635,"Limited observed structure: 1 incoming, 0 outgoing links; depth 4."
100000002659103100,peripheral,0.3262900355871886,51,0.5189612989323844,"Limited observed structure: 1 incoming, 0 outgoing links; depth 4."
100000000733940100,peripheral,0.09786476868327398,36,0.5295596085409253,"Limited observed structure: 1 incoming, 0 outgoing links; depth 4."
100000001537524100,peripheral,0.349644128113879,24,0.5117437722419929,"Limited observed structure: 1 incoming, 0 outgoing links; depth 4."
100000002971593100,peripheral,0.20106761565836295,10,0.479626334519573,"Limited observed structure: 1 incoming, 0 outgoing links; depth 4."
100000006918814100,peripheral,0.5698398576512456,3,0.4368772241992883,"Limited observed structure: 1 incoming, 0 outgoing links; depth 4."
100000007381662100,peripheral,0.5896352313167259,0,0.3964301601423487,"Limited observed structure: 1 incoming, 0 outgoing links; depth 4."
100000003199390100,peripheral,0.2437722419928826,10,0.526623665480427,"Limited observed structure: 1 incoming, 0 outgoing links; depth 4."
100000007749747100,peripheral,0.2580071174377224,42,0.5407473309608541,"Limited observed structure: 1 incoming, 0 outgoing links; depth 4."
100000003447411100,peripheral,0.2170818505338078,1,0.46701512455516014,"Limited observed structure: 1 incoming, 0 outgoing links; depth 4."
100000000500040100,peripheral,0.5569395017793595,0,0.4368772241992883,"Limited observed structure: 1 incoming, 0 outgoing links; depth 4."
100000008551752100,peripheral,0.17259786476868333,65,0.5069395017793594,"Limited observed structure: 1 incoming, 0 outgoing links; depth 4."
100000002876914100,peripheral,0.5896352313167259,46,0.2907584519572953,"Limited observed structure: 1 incoming, 0 outgoing links; depth 4."
100000004571634100,peripheral,0.3305160142348754,11,0.49599644128113884,"Limited observed structure: 1 incoming, 0 outgoing links; depth 4."
100000004610802100,peripheral,0.24199288256227758,56,0.5448398576512457,"Limited observed structure: 1 incoming, 0 outgoing links; depth 4."
100000001311175100,peripheral,0.19395017793594305,24,0.4995551601423488,"Limited observed structure: 1 incoming, 0 outgoing links; depth 4."
100000008740295100,peripheral,0.22153024911032027,5,0.5566058718861211,"Limited observed structure: 1 incoming, 0 outgoing links; depth 4."
100000002596039100,peripheral,0.2337633451957295,1,0.4652913701067616,"Limited observed structure: 1 incoming, 0 outgoing links; depth 4."
100000002126791100,peripheral,0.05738434163701067,5,0.6394572953736655,"Limited observed structure: 1 incoming, 0 outgoing links; depth 4."
100000005783452100,peripheral,0.14346085409252674,24,0.5445618327402135,"Limited observed structure: 2 incoming, 0 outgoing links; depth 4."
100000006693788100,peripheral,0.1899466192170819,0,0.41508007117437723,"Limited observed structure: 1 incoming, 0 outgoing links; depth 4."
100000002832753100,peripheral,0.07784697508896798,4,0.418193950177936,"Limited observed structure: 1 incoming, 0 outgoing links; depth 4."
100000002981489100,peripheral,0.5896352313167259,10,0.33357428825622776,"Limited observed structure: 1 incoming, 0 outgoing links; depth 4."
100000003084870100,peripheral,0.38389679715302494,24,0.3519572953736655,"Limited observed structure: 1 incoming, 0 outgoing links; depth 4."
100000002791494100,peripheral,0.4590747330960854,18,0.500911921708185,"Limited observed structure: 1 incoming, 0 outgoing links; depth 4."
100000003345947100,peripheral,0.22731316725978645,1,0.49986654804270464,"Limited observed structure: 1 incoming, 0 outgoing links; depth 4."
100000002733083100,peripheral,0.5896352313167259,18,0.3755894128113879,"Limited observed structure: 1 incoming, 0 outgoing links; depth 4."
100000003247600100,peripheral,0.0658362989323843,3,0.4894572953736655,"Limited observed structure: 1 incoming, 0 outgoing links; depth 4."
100000001378288100,peripheral,0.21174377224199292,1,0.54817615658363,"Limited observed structure: 1 incoming, 0 outgoing links; depth 4."
100000002305477100,peripheral,0.5008896797153025,32,0.4368772241992883,"Limited observed structure: 1 incoming, 0 outgoing links; depth 4."
100000006638021100,peripheral,0.14346085409252674,60,0.6508340747330962,"Limited observed structure: 2 incoming, 0 outgoing links; depth 4."
100000008517061100,peripheral,0.03558718861209964,40,0.5271129893238434,"Limited observed structure: 1 incoming, 0 outgoing links; depth 4."
100000005910895100,peripheral,0.11877224199288261,53,0.45987544483985765,"Limited observed structure: 1 incoming, 0 outgoing links; depth 4."
100000002723439100,peripheral,0.14724199288256223,53,0.491770462633452,"Limited observed structure: 1 incoming, 0 outgoing links; depth 4."
100000002320495100,peripheral,0.17882562277580072,28,0.41997330960854096,"Limited observed structure: 1 incoming, 0 outgoing links; depth 4."
100000002229615100,peripheral,0.08407473309608537,32,0.44804270462633455,"Limited observed structure: 1 incoming, 0 outgoing links; depth 4."
100000008327791100,peripheral,0.17660142348754448,28,0.41561387900355873,"Limited observed structure: 1 incoming, 0 outgoing links; depth 4."
100000002208836100,peripheral,0.42526690391459077,10,0.5062277580071175,"Limited observed structure: 1 incoming, 0 outgoing links; depth 4."
100000001724740100,peripheral,0.177491103202847,5,0.6078736654804271,"Limited observed structure: 1 incoming, 0 outgoing links; depth 4."
100000004386286100,peripheral,0.11921708185053381,8,0.4916370106761566,"Limited observed structure: 1 incoming, 0 outgoing links; depth 4."
100000001714883100,peripheral,0.5896352313167259,46,0.2563500889679715,"Limited observed structure: 1 incoming, 0 outgoing links; depth 4."
100000008337304100,peripheral,0.36610320284697506,1,0.5144572953736655,"Limited observed structure: 1 incoming, 0 outgoing links; depth 4."
100000000655469100,peripheral,0.3834519572953736,32,0.4368772241992883,"Limited observed structure: 1 incoming, 0 outgoing links; depth 4."
100000008722541100,peripheral,0.2337633451957295,10,0.5279025800711744,"Limited observed structure: 1 incoming, 0 outgoing links; depth 4."
100000004222274100,peripheral,0.16147686832740216,0,0.4254003558718861,"Limited observed structure: 1 incoming, 0 outgoing links; depth 4."
100000006232642100,peripheral,0.15302491103202842,66,0.5354314946619217,"Limited observed structure: 1 incoming, 0 outgoing links; depth 4."
100000004066370100,peripheral,0.12277580071174377,26,0.4124555160142349,"Limited observed structure: 1 incoming, 0 outgoing links; depth 4."
100000005685783100,peripheral,0.1903914590747331,22,0.36992882562277585,"Limited observed structure: 1 incoming, 0 outgoing links; depth 4."
100000006171671100,peripheral,0.20729537366548045,0,0.41169928825622776,"Limited observed structure: 1 incoming, 0 outgoing links; depth 4."
100000003481025100,peripheral,0.19617437722419928,0,0.4079626334519573,"Limited observed structure: 1 incoming, 0 outgoing links; depth 4."
100000003646145100,peripheral,0.09919928825622781,41,0.4582740213523132,"Limited observed structure: 1 incoming, 0 outgoing links; depth 4."
100000002659265100,peripheral,0.36232206405693945,5,0.5584185943060499,"Limited observed structure: 1 incoming, 0 outgoing links; depth 4."
100000003289281100,peripheral,0.11966192170818502,0,0.4700622775800712,"Limited observed structure: 1 incoming, 0 outgoing links; depth 4."
100000004840086100,peripheral,0.1708185053380783,0,0.5119217081850533,"Limited observed structure: 1 incoming, 0 outgoing links; depth 4."
100000008554390100,peripheral,0.5896352313167259,46,0.3018349644128114,"Limited observed structure: 1 incoming, 0 outgoing links; depth 4."
100000004691350100,peripheral,0.05827402135231319,7,0.41966192170818506,"Limited observed structure: 1 incoming, 0 outgoing links; depth 4."
100000004652395100,peripheral,0.06405693950177938,0,0.4536810498220641,"Limited observed structure: 3 incoming, 0 outgoing links; depth 4."
100000004979264100,peripheral,0.2846975088967971,42,0.52855871886121,"Limited observed structure: 1 incoming, 0 outgoing links; depth 4."
100000008074304100,peripheral,0.4159252669039146,10,0.40191281138790036,"Limited observed structure: 1 incoming, 0 outgoing links; depth 4."
100000002227989100,peripheral,0.3011565836298933,32,0.4368772241992883,"Limited observed structure: 1 incoming, 0 outgoing links; depth 4."
100000003207060100,peripheral,0.27357651245551606,0,0.48567615658362995,"Limited observed structure: 1 incoming, 0 outgoing links; depth 4."
100000004601193100,peripheral,0.11610320284697506,11,0.5616992882562277,"Limited observed structure: 1 incoming, 0 outgoing links; depth 4."
100000004991593100,peripheral,0.36565836298932386,1,0.47500000000000003,"Limited observed structure: 1 incoming, 0 outgoing links; depth 4."
100000003128638100,peripheral,0.22153024911032027,5,0.5768460854092528,"Limited observed structure: 1 incoming, 0 outgoing links; depth 4."
100000005878334100,peripheral,0.2958185053380783,1,0.4990658362989324,"Limited observed structure: 1 incoming, 0 outgoing links; depth 4."
100000002878483100,peripheral,0.5896352313167259,46,0.24884341637010676,"Limited observed structure: 1 incoming, 0 outgoing links; depth 4."
100000000981693100,peripheral,0.20685053380782914,0,0.42864768683274024,"Limited observed structure: 1 incoming, 0 outgoing links; depth 4."
100000006416061100,peripheral,0.2637900355871886,1,0.45760676156583635,"Limited observed structure: 1 incoming, 0 outgoing links; depth 4."
100000008168850100,peripheral,0.18683274021352314,10,0.535008896797153,"Limited observed structure: 1 incoming, 0 outgoing links; depth 4."
100000004747154100,peripheral,0.41637010676156583,50,0.49479537366548043,"Limited observed structure: 1 incoming, 0 outgoing links; depth 4."
100000008524903100,peripheral,0.41814946619217086,0,0.42366548042704627,"Limited observed structure: 1 incoming, 0 outgoing links; depth 4."
100000005049404100,peripheral,0.4270462633451957,10,0.49063612099644127,"Limited observed structure: 1 incoming, 0 outgoing links; depth 4."
100000002258492100,peripheral,0.167482206405694,49,0.46708185053380785,"Limited observed structure: 1 incoming, 0 outgoing links; depth 4."
100000005497148100,peripheral,0.2304270462633452,10,0.4455960854092527,"Limited observed structure: 1 incoming, 0 outgoing links; depth 4."
100000004596284100,peripheral,0.12188612099644125,16,0.45760676156583635,"Limited observed structure: 1 incoming, 0 outgoing links; depth 4."
100000007960337100,peripheral,0.5845195729537367,1,0.46552491103202853,"Limited observed structure: 1 incoming, 0 outgoing links; depth 4."
100000003180305100,peripheral,0.2099644128113879,0,0.5240658362989324,"Limited observed structure: 1 incoming, 0 outgoing links; depth 4."
100000007653094100,peripheral,0.12944839857651247,12,0.427491103202847,"Limited observed structure: 1 incoming, 0 outgoing links; depth 4."
100000008175078100,peripheral,0.03514234875444844,20,0.536432384341637,"Limited observed structure: 1 incoming, 0 outgoing links; depth 4."
100000004263867100,peripheral,0.5896352313167259,46,0.2696841637010676,"Limited observed structure: 1 incoming, 0 outgoing links; depth 4."
100000002194320100,peripheral,0.23265124555160144,45,0.5485765124555161,"Limited observed structure: 1 incoming, 0 outgoing links; depth 4."
100000001222245100,peripheral,0.15302491103202842,10,0.5623665480427047,"Limited observed structure: 1 incoming, 0 outgoing links; depth 4."
100000008151098100,peripheral,0.532473309608541,14,0.45760676156583635,"Limited observed structure: 1 incoming, 0 outgoing links; depth 4."
100000008735802100,peripheral,0.2179715302491103,0,0.5034697508896797,"Limited observed structure: 1 incoming, 0 outgoing links; depth 4."
100000004047887100,peripheral,0.5896352313167259,30,0.3748109430604982,"Limited observed structure: 1 incoming, 0 outgoing links; depth 4."
100000003146511100,peripheral,0.5133451957295374,12,0.41169928825622776,"Limited observed structure: 1 incoming, 0 outgoing links; depth 4."
100000007511780100,peripheral,0.14056939501779364,0,0.5283362989323843,"Limited observed structure: 1 incoming, 0 outgoing links; depth 4."
100000007867364100,peripheral,0.255338078291815,43,0.4720195729537367,"Limited observed structure: 1 incoming, 0 outgoing links; depth 4."
100000006288612100,peripheral,0.5896352313167259,8,0.4432717971530249,"Limited observed structure: 1 incoming, 0 outgoing links; depth 4."
100000006735545100,peripheral,0.5896352313167259,1,0.3623999110320285,"Limited observed structure: 1 incoming, 0 outgoing links; depth 4."
100000004403641100,peripheral,0.3162811387900356,24,0.5178603202846975,"Limited observed structure: 1 incoming, 0 outgoing links; depth 4."
100000003370425100,peripheral,0.10231316725978645,12,0.4368772241992883,"Limited observed structure: 1 incoming, 0 outgoing links; depth 4."
100000004350094100,peripheral,0.05516014234875444,43,0.4368772241992883,"Limited observed structure: 1 incoming, 0 outgoing links; depth 4."
100000004911971100,peripheral,0.5896352313167259,20,0.39489546263345193,"Limited observed structure: 1 incoming, 0 outgoing links; depth 4."
100000001202787100,peripheral,0.14346085409252674,0,0.3878002669039146,"Limited observed structure: 2 incoming, 0 outgoing links; depth 4."
100000008469048100,peripheral,0.12766903914590744,0,0.5476423487544484,"Limited observed structure: 1 incoming, 0 outgoing links; depth 4."
100000002635746100,peripheral,0.5896352313167259,46,0.24293816725978648,"Limited observed structure: 1 incoming, 0 outgoing links; depth 4."
100000008321975100,peripheral,0.5787366548042705,32,0.4026245551601424,"Limited observed structure: 1 incoming, 0 outgoing links; depth 4."
100000003078839100,peripheral,0.4875444839857651,1,0.4208185053380783,"Limited observed structure: 1 incoming, 0 outgoing links; depth 4."
100000004006327100,peripheral,0.145017793594306,42,0.6107651245551602,"Limited observed structure: 1 incoming, 0 outgoing links; depth 4."
100000007865484100,peripheral,0.11877224199288261,65,0.5165925266903915,"Limited observed structure: 1 incoming, 0 outgoing links; depth 4."
100000005367180100,peripheral,0.07473309608540923,1,0.4059608540925267,"Limited observed structure: 1 incoming, 0 outgoing links; depth 4."
100000001669260100,peripheral,0.13567615658362986,1,0.48725533807829186,"Limited observed structure: 1 incoming, 0 outgoing links; depth 4."
100000001297206100,peripheral,0.5896352313167259,0,0.39053603202846976,"Limited observed structure: 1 incoming, 0 outgoing links; depth 4."
100000002645046100,peripheral,0.5896352313167259,46,0.2907584519572953,"Limited observed structure: 1 incoming, 0 outgoing links; depth 4."
100000006308406100,peripheral,0.16992882562277578,32,0.5341192170818505,"Limited observed structure: 1 incoming, 0 outgoing links; depth 4."
100000002728246100,peripheral,0.17259786476868333,10,0.41169928825622776,"Limited observed structure: 1 incoming, 0 outgoing links; depth 4."
100000001590795100,peripheral,0.5896352313167259,46,0.2404248220640569,"Limited observed structure: 1 incoming, 0 outgoing links; depth 4."
100000006257675100,peripheral,0.32028469750889677,32,0.49599644128113884,"Limited observed structure: 1 incoming, 0 outgoing links; depth 4."
100000002130400100,peripheral,0.4741992882562278,26,0.33069395017793596,"Limited observed structure: 1 incoming, 0 outgoing links; depth 4."
100000000557536100,peripheral,0.34185943060498225,20,0.4611321174377224,"Limited observed structure: 1 incoming, 0 outgoing links; depth 4."
100000002689717100,peripheral,0.5765124555160142,18,0.4784252669039146,"Limited observed structure: 1 incoming, 0 outgoing links; depth 4."
100000005189258100,peripheral,0.4813167259786477,10,0.4816281138790036,"Limited observed structure: 1 incoming, 0 outgoing links; depth 4."
100000002748511100,peripheral,0.13389679715302494,16,0.4368772241992883,"Limited observed structure: 1 incoming, 0 outgoing links; depth 4."
100000002371892100,peripheral,0.5529359430604982,54,0.4730871886120997,"Limited observed structure: 1 incoming, 0 outgoing links; depth 4."
100000008130868100,peripheral,0.25444839857651247,24,0.3613879003558719,"Limited observed structure: 1 incoming, 0 outgoing links; depth 4."
100000007153161100,peripheral,0.19661921708185048,0,0.4743327402135232,"Limited observed structure: 1 incoming, 0 outgoing links; depth 4."
100000002994441100,peripheral,0.14635231316725983,1,0.3991548042704627,"Limited observed structure: 1 incoming, 0 outgoing links; depth 4."
100000001065481100,peripheral,0.26690391459074736,12,0.427491103202847,"Limited observed structure: 1 incoming, 0 outgoing links; depth 4."
100000007731977100,peripheral,0.4065836298932385,0,0.4816281138790036,"Limited observed structure: 1 incoming, 0 outgoing links; depth 4."
100000003252446100,peripheral,0.40346975088967973,42,0.5202179715302492,"Limited observed structure: 1 incoming, 0 outgoing links; depth 4."
100000002671326100,peripheral,0.06806049822064053,42,0.572664590747331,"Limited observed structure: 1 incoming, 0 outgoing links; depth 4."
100000005087923100,peripheral,0.2513345195729537,48,0.3558718861209965,"Limited observed structure: 1 incoming, 0 outgoing links; depth 4."
100000008770483100,peripheral,0.5896352313167259,60,0.40170151245551605,"Limited observed structure: 1 incoming, 0 outgoing links; depth 4."
100000002748040100,peripheral,0.5896352313167259,18,0.39022464412811386,"Limited observed structure: 1 incoming, 0 outgoing links; depth 4."
100000004800648100,peripheral,0.37322064056939497,8,0.5131895017793595,"Limited observed structure: 1 incoming, 0 outgoing links; depth 4."
100000005025629100,peripheral,0.4933274021352313,10,0.4010231316725979,"Limited observed structure: 1 incoming, 0 outgoing links; depth 4."
100000000581682100,peripheral,0.5896352313167259,15,0.3457184163701068,"Limited observed structure: 1 incoming, 0 outgoing links; depth 4."
100000004976946100,peripheral,0.25177935943060503,65,0.4934386120996442,"Limited observed structure: 1 incoming, 0 outgoing links; depth 4."
100000000957746100,peripheral,0.37811387900355875,28,0.4012900355871886,"Limited observed structure: 1 incoming, 0 outgoing links; depth 4."
100000003001138100,peripheral,0.47553380782918153,15,0.45760676156583635,"Limited observed structure: 1 incoming, 0 outgoing links; depth 4."
100000001325618100,peripheral,0.5896352313167259,46,0.2722975978647687,"Limited observed structure: 1 incoming, 0 outgoing links; depth 4."
100000003792647100,peripheral,0.29359430604982206,10,0.4064946619217082,"Limited observed structure: 1 incoming, 0 outgoing links; depth 4."
100000004107228100,peripheral,0.5896352313167259,3,0.3252557829181495,"Limited observed structure: 1 incoming, 0 outgoing links; depth 4."
100000003500764100,peripheral,0.20195729537366547,28,0.44034697508896803,"Limited observed structure: 1 incoming, 0 outgoing links; depth 4."
100000004261340100,peripheral,0.37766903914590744,0,0.47900355871886124,"Limited observed structure: 1 incoming, 0 outgoing links; depth 4."
100000008172721100,peripheral,0.29937722419928825,1,0.5317170818505339,"Limited observed structure: 1 incoming, 0 outgoing links; depth 4."
100000005079473100,peripheral,0.43683274021352314,1,0.46899466192170824,"Limited observed structure: 1 incoming, 0 outgoing links; depth 4."
100000004850609100,peripheral,0.5040035587188612,0,0.41169928825622776,"Limited observed structure: 1 incoming, 0 outgoing links; depth 4."
100000005042822100,peripheral,0.07317615658362986,36,0.5362210854092526,"Limited observed structure: 1 incoming, 0 outgoing links; depth 4."
100000002794374100,peripheral,0.34564056939501775,60,0.5897686832740214,"Limited observed structure: 1 incoming, 0 outgoing links; depth 4."
100000002860934100,peripheral,0.12633451957295372,15,0.548932384341637,"Limited observed structure: 1 incoming, 0 outgoing links; depth 4."
100000003097947100,peripheral,0.45818505338078297,1,0.4854537366548043,"Limited observed structure: 1 incoming, 0 outgoing links; depth 4."
100000004260869100,peripheral,0.0653914590747331,16,0.41169928825622776,"Limited observed structure: 1 incoming, 0 outgoing links; depth 4."
100000008762885100,peripheral,0.5896352313167259,5,0.37571174377224203,"Limited observed structure: 1 incoming, 0 outgoing links; depth 4."
100000002986245100,peripheral,0.5896352313167259,46,0.24665258007117438,"Limited observed structure: 1 incoming, 0 outgoing links; depth 4."
100000001471706100,peripheral,0.167482206405694,49,0.6180160142348755,"Limited observed structure: 1 incoming, 0 outgoing links; depth 4."
100000002304943100,peripheral,0.554270462633452,32,0.42366548042704627,"Limited observed structure: 1 incoming, 0 outgoing links; depth 4."
100000002695812100,peripheral,0.43349644128113884,18,0.5050822953736654,"Limited observed structure: 1 incoming, 0 outgoing links; depth 4."
100000008761220100,peripheral,0.5896352313167259,5,0.37979314946619214,"Limited observed structure: 1 incoming, 0 outgoing links; depth 4."
100000004890713100,peripheral,0.5896352313167259,18,0.466136565836299,"Limited observed structure: 1 incoming, 0 outgoing links; depth 4."
100000003083865100,peripheral,0.5896352313167259,18,0.373064946619217,"Limited observed structure: 1 incoming, 0 outgoing links; depth 4."
100000004030553100,peripheral,0.19884341637010672,1,0.41499110320284704,"Limited observed structure: 1 incoming, 0 outgoing links; depth 4."
100000002653187100,peripheral,0.24243772241992878,8,0.4827846975088968,"Limited observed structure: 1 incoming, 0 outgoing links; depth 4."
100000006412162100,peripheral,0.5896352313167259,46,0.3081294483985765,"Limited observed structure: 1 incoming, 0 outgoing links; depth 4."
100000004674178100,peripheral,0.5849644128113879,13,0.4368772241992883,"Limited observed structure: 1 incoming, 0 outgoing links; depth 4."
100000004070530100,peripheral,0.5896352313167259,30,0.3475200177935943,"Limited observed structure: 1 incoming, 0 outgoing links; depth 4."
100000006706519100,peripheral,0.3100533807829181,0,0.46601423487544485,"Limited observed structure: 1 incoming, 0 outgoing links; depth 4."
100000005636951100,peripheral,0.10409252669039148,48,0.3890569395017794,"Limited observed structure: 1 incoming, 0 outgoing links; depth 4."
100000003040087100,peripheral,0.5896352313167259,18,0.4348643238434164,"Limited observed structure: 1 incoming, 0 outgoing links; depth 4."
100000008766764100,peripheral,0.5896352313167259,5,0.36224421708185056,"Limited observed structure: 1 incoming, 0 outgoing links; depth 4."
100000000299820100,peripheral,0.25489323843416367,1,0.41169928825622776,"Limited observed structure: 1 incoming, 0 outgoing links; depth 4."
100000008349740100,peripheral,0.49977758007117434,20,0.4325511565836299,"Limited observed structure: 1 incoming, 0 outgoing links; depth 4."
100000008761132100,peripheral,0.5896352313167259,5,0.37979314946619214,"Limited observed structure: 1 incoming, 0 outgoing links; depth 4."
100000002540033100,peripheral,0.12010676156583633,35,0.48514234875444845,"Limited observed structure: 1 incoming, 0 outgoing links; depth 4."
100000001845505100,peripheral,0.12099644128113884,1,0.4368772241992883,"Limited observed structure: 1 incoming, 0 outgoing links; depth 4."
100000003782913100,peripheral,0.28936832740213525,40,0.4527246441281139,"Limited observed structure: 1 incoming, 0 outgoing links; depth 4."
100000008778753100,peripheral,0.5896352313167259,13,0.3805048932384341,"Limited observed structure: 1 incoming, 0 outgoing links; depth 4."
100000008710913100,peripheral,0.5896352313167259,5,0.39836521352313164,"Limited observed structure: 1 incoming, 0 outgoing links; depth 4."
100000005495211100,peripheral,0.1383451957295374,0,0.42179715302491105,"Limited observed structure: 1 incoming, 0 outgoing links; depth 4."
100000004013952100,peripheral,0.18638790035587194,0,0.40191281138790036,"Limited observed structure: 1 incoming, 0 outgoing links; depth 4."
100000007330432100,peripheral,0.1183274021352313,84,0.5584964412811388,"Limited observed structure: 1 incoming, 0 outgoing links; depth 4."
100000000737152100,peripheral,0.38567615658362986,0,0.46467971530249114,"Limited observed structure: 1 incoming, 0 outgoing links; depth 4."
100000004674389100,peripheral,0.369661921708185,11,0.4827846975088968,"Limited observed structure: 1 incoming, 0 outgoing links; depth 4."
100000002529877100,peripheral,0.26512455516014233,24,0.5286476868327402,"Limited observed structure: 1 incoming, 0 outgoing links; depth 4."
100000004035925100,peripheral,0.06494661921708189,70,0.536588078291815,"Limited observed structure: 1 incoming, 0 outgoing links; depth 4."
100000002188586100,peripheral,0.5896352313167259,18,0.460442615658363,"Limited observed structure: 1 incoming, 0 outgoing links; depth 4."
100000008050986100,peripheral,0.43349644128113884,10,0.48917927046263343,"Limited observed structure: 1 incoming, 0 outgoing links; depth 4."
100000004777215100,peripheral,0.24866548042704628,32,0.4908807829181495,"Limited observed structure: 1 incoming, 0 outgoing links; depth 4."
100000000926078100,peripheral,0.21396797153024916,1,0.546040925266904,"Limited observed structure: 1 incoming, 0 outgoing links; depth 4."
100000003486846100,peripheral,0.19528469750889677,16,0.4530249110320285,"Limited observed structure: 1 incoming, 0 outgoing links; depth 4."
100000002516862100,peripheral,0.375,56,0.5011120996441281,"Limited observed structure: 1 incoming, 0 outgoing links; depth 4."
100000008730238100,peripheral,0.13567615658362986,42,0.5762455516014235,"Limited observed structure: 1 incoming, 0 outgoing links; depth 4."
100000000803368100,peripheral,0.15613879003558717,40,0.5227313167259787,"Limited observed structure: 1 incoming, 0 outgoing links; depth 4."
100000002528978100,peripheral,0.5896352313167259,18,0.3792593416370107,"Limited observed structure: 1 incoming, 0 outgoing links; depth 4."
100000002597074100,peripheral,0.5235765124555161,0,0.4064946619217082,"Limited observed structure: 1 incoming, 0 outgoing links; depth 4."
100000003631015100,peripheral,0.24110320284697506,65,0.4961298932384342,"Limited observed structure: 1 incoming, 0 outgoing links; depth 4."
100000008255655100,peripheral,0.19483985765124556,28,0.40146797153024916,"Limited observed structure: 1 incoming, 0 outgoing links; depth 4."
100000004265639100,peripheral,0.14813167259786475,1,0.41169928825622776,"Limited observed structure: 1 incoming, 0 outgoing links; depth 4."
100000002726055100,peripheral,0.395017793594306,32,0.41169928825622776,"Limited observed structure: 1 incoming, 0 outgoing links; depth 4."
100000003696422100,peripheral,0.08763345195729533,36,0.5184163701067616,"Limited observed structure: 1 incoming, 0 outgoing links; depth 4."
100000007745062100,peripheral,0.10854092526690395,8,0.5853647686832741,"Limited observed structure: 1 incoming, 0 outgoing links; depth 4."
100000005041147100,peripheral,0.1841637010676157,0,0.41169928825622776,"Limited observed structure: 1 incoming, 0 outgoing links; depth 4."
100000003819173100,peripheral,0.3607651245551602,1,0.44039145907473315,"Limited observed structure: 1 incoming, 0 outgoing links; depth 4."
100000001275557100,peripheral,0.37722419928825623,29,0.4368772241992883,"Limited observed structure: 1 incoming, 0 outgoing links; depth 4."
100000002706810100,peripheral,0.5293594306049823,46,0.39399466192170823,"Limited observed structure: 1 incoming, 0 outgoing links; depth 4."
100000002896506100,peripheral,0.49733096085409256,10,0.47500000000000003,"Limited observed structure: 1 incoming, 0 outgoing links; depth 4."
100000008766031100,peripheral,0.5896352313167259,5,0.3642459964412812,"Limited observed structure: 1 incoming, 0 outgoing links; depth 4."
100000008758607100,peripheral,0.5896352313167259,5,0.36224421708185056,"Limited observed structure: 1 incoming, 0 outgoing links; depth 4."
100000008648783100,peripheral,0.5896352313167259,46,0.24209297153024908,"Limited observed structure: 1 incoming, 0 outgoing links; depth 4."
100000004291663100,peripheral,0.5191281138790036,0,0.44804270462633455,"Limited observed structure: 1 incoming, 0 outgoing links; depth 4."
100000003037476100,consolidator,0.8193208778173191,5,0.7728573546856465,Receives from 3 nodes (KZT 555.0k); sends to 0; incoming p0.94.
100000008715513100,peripheral,0.5827402135231317,46,0.38104982206405696,"Limited observed structure: 1 incoming, 0 outgoing links; depth 4."
100000001276409100,peripheral,0.4354982206405694,18,0.5048487544483986,"Limited observed structure: 1 incoming, 0 outgoing links; depth 4."
100000003232675100,peripheral,0.29270462633451955,12,0.4732651245551602,"Limited observed structure: 1 incoming, 0 outgoing links; depth 4."
100000007988344100,peripheral,0.31361209964412806,0,0.4368772241992883,"Limited observed structure: 1 incoming, 0 outgoing links; depth 4."
100000003047800100,peripheral,0.3291814946619217,24,0.3363879003558719,"Limited observed structure: 1 incoming, 0 outgoing links; depth 4."
100000003230328100,peripheral,0.06405693950177938,0,0.40192393238434165,"Limited observed structure: 3 incoming, 0 outgoing links; depth 4."
100000002702968100,peripheral,0.5896352313167259,18,0.4440502669039146,"Limited observed structure: 1 incoming, 0 outgoing links; depth 4."
100000004788983100,peripheral,0.3358540925266904,0,0.4530249110320285,"Limited observed structure: 1 incoming, 0 outgoing links; depth 4."
100000006490615100,peripheral,0.30071174377224197,12,0.47184163701067616,"Limited observed structure: 1 incoming, 0 outgoing links; depth 4."
100000008745676100,peripheral,0.20151245551601427,22,0.38291814946619224,"Limited observed structure: 1 incoming, 0 outgoing links; depth 4."
100000001598625100,peripheral,0.27068505338078297,1,0.44804270462633455,"Limited observed structure: 1 incoming, 0 outgoing links; depth 4."
100000008461217100,peripheral,0.16058718861209964,47,0.5163701067615658,"Limited observed structure: 1 incoming, 0 outgoing links; depth 4."
100000005711521100,peripheral,0.1832740213523132,12,0.5440836298932384,"Limited observed structure: 1 incoming, 0 outgoing links; depth 4."
100000002713974100,peripheral,0.42437722419928825,1,0.4816281138790036,"Limited observed structure: 1 incoming, 0 outgoing links; depth 4."
100000005272139100,peripheral,0.07829181494661919,16,0.530693950177936,"Limited observed structure: 1 incoming, 0 outgoing links; depth 4."
100000002968096100,peripheral,0.4608540925266904,1,0.49599644128113884,"Limited observed structure: 1 incoming, 0 outgoing links; depth 4."
100000004449824100,peripheral,0.5896352313167259,46,0.2696841637010676,"Limited observed structure: 1 incoming, 0 outgoing links; depth 4."
100000004502048100,peripheral,0.3959074733096085,43,0.4202402135231317,"Limited observed structure: 1 incoming, 0 outgoing links; depth 4."
100000002660298100,peripheral,0.5896352313167259,18,0.4418038256227758,"Limited observed structure: 1 incoming, 0 outgoing links; depth 4."
100000001299828100,peripheral,0.1579181494661922,0,0.5119217081850533,"Limited observed structure: 1 incoming, 0 outgoing links; depth 4."
100000000581662100,peripheral,0.583185053380783,24,0.38870106761565837,"Limited observed structure: 1 incoming, 0 outgoing links; depth 4."
100000001249054100,peripheral,0.5896352313167259,18,0.38644350533807825,"Limited observed structure: 1 incoming, 0 outgoing links; depth 4."
100000008759795100,peripheral,0.5896352313167259,46,0.31942838078291813,"Limited observed structure: 1 incoming, 0 outgoing links; depth 4."
100000001299443100,peripheral,0.5896352313167259,46,0.2643794483985765,"Limited observed structure: 1 incoming, 0 outgoing links; depth 4."
100000007997939100,peripheral,0.35854092526690395,5,0.492482206405694,"Limited observed structure: 1 incoming, 0 outgoing links; depth 4."
100000003470579100,peripheral,0.13345195729537362,14,0.5573398576512456,"Limited observed structure: 1 incoming, 0 outgoing links; depth 4."
100000008649416100,peripheral,0.1846085409252669,28,0.3991548042704627,"Limited observed structure: 1 incoming, 0 outgoing links; depth 4."
100000008183752100,peripheral,0.20240213523131667,35,0.58211743772242,"Limited observed structure: 1 incoming, 0 outgoing links; depth 4."
100000003950749100,peripheral,0.31806049822064053,16,0.40511565836298935,"Limited observed structure: 1 incoming, 0 outgoing links; depth 4."
100000005979037100,peripheral,0.4390569395017794,1,0.4915925266903915,"Limited observed structure: 1 incoming, 0 outgoing links; depth 4."
100000008734279100,peripheral,0.5896352313167259,1,0.45848532028469746,"Limited observed structure: 1 incoming, 0 outgoing links; depth 4."
100000005589319100,peripheral,0.5271352313167259,3,0.45022241992882567,"Limited observed structure: 1 incoming, 0 outgoing links; depth 4."
100000003626268100,peripheral,0.1970640569395018,1,0.3991548042704627,"Limited observed structure: 1 incoming, 0 outgoing links; depth 4."
100000001220124100,peripheral,0.16948398576512458,1,0.4700622775800712,"Limited observed structure: 1 incoming, 0 outgoing links; depth 4."
100000003904497100,peripheral,0.39145907473309605,5,0.48514234875444834,"Limited observed structure: 1 incoming, 0 outgoing links; depth 4."
100000001270470100,peripheral,0.2695729537366548,0,0.454270462633452,"Limited observed structure: 1 incoming, 0 outgoing links; depth 4."
100000003091142100,peripheral,0.28558718861209964,0,0.4700622775800712,"Limited observed structure: 1 incoming, 0 outgoing links; depth 4."
100000001053894100,peripheral,0.02935943060498225,30,0.5334741992882562,"Limited observed structure: 1 incoming, 0 outgoing links; depth 4."
100000004722630100,peripheral,0.20395907473309605,7,0.5489879893238434,"Limited observed structure: 1 incoming, 0 outgoing links; depth 4."
100000004655046100,peripheral,0.14145907473309605,18,0.5190391459074732,"Limited observed structure: 1 incoming, 0 outgoing links; depth 4."
100000004019056100,peripheral,0.16592526690391463,12,0.4816281138790036,"Limited observed structure: 1 incoming, 0 outgoing links; depth 4."
100000008071749100,peripheral,0.5896352313167259,18,0.419539590747331,"Limited observed structure: 1 incoming, 0 outgoing links; depth 4."
100000008221765100,peripheral,0.16637010676156583,10,0.5287811387900356,"Limited observed structure: 1 incoming, 0 outgoing links; depth 4."
100000008778010100,peripheral,0.20507117437722422,22,0.4182384341637011,"Limited observed structure: 1 incoming, 0 outgoing links; depth 4."
100000004584730100,peripheral,0.5720640569395018,51,0.47722419928825627,"Limited observed structure: 1 incoming, 0 outgoing links; depth 4."
100000004797167100,peripheral,0.1508007117437722,1,0.3788256227758008,"Limited observed structure: 1 incoming, 0 outgoing links; depth 4."
100000005010159100,peripheral,0.1116548042704626,1,0.4055604982206406,"Limited observed structure: 1 incoming, 0 outgoing links; depth 4."
100000003025903100,peripheral,0.18104982206405695,10,0.5524021352313168,"Limited observed structure: 1 incoming, 0 outgoing links; depth 4."
100000003005167100,peripheral,0.5896352313167259,46,0.2574399466192171,"Limited observed structure: 1 incoming, 0 outgoing links; depth 4."
100000002214383100,peripheral,0.197508896797153,22,0.458896797153025,"Limited observed structure: 1 incoming, 0 outgoing links; depth 4."
100000004800452100,peripheral,0.11432384341637014,10,0.40422597864768683,"Limited observed structure: 1 incoming, 0 outgoing links; depth 4."
100000006903193100,peripheral,0.5896352313167259,0,0.4062388790035587,"Limited observed structure: 1 incoming, 0 outgoing links; depth 4."
100000007811950100,peripheral,0.15969750889679712,13,0.4816281138790036,"Limited observed structure: 1 incoming, 0 outgoing links; depth 4."
100000000375150100,peripheral,0.0787366548042705,12,0.6353647686832741,"Limited observed structure: 1 incoming, 0 outgoing links; depth 4."
100000008775747100,peripheral,0.5896352313167259,5,0.36224421708185056,"Limited observed structure: 1 incoming, 0 outgoing links; depth 4."
100000006689603100,peripheral,0.17437722419928825,1,0.47744661921708187,"Limited observed structure: 1 incoming, 0 outgoing links; depth 4."
100000005075949100,peripheral,0.025800711743772187,57,0.5781138790035587,"Limited observed structure: 1 incoming, 0 outgoing links; depth 4."
100000003985389100,peripheral,0.16725978647686834,1,0.5468193950177936,"Limited observed structure: 1 incoming, 0 outgoing links; depth 4."
100000002478829100,peripheral,0.3140569395017794,32,0.46343416370106766,"Limited observed structure: 1 incoming, 0 outgoing links; depth 4."
100000003125997100,peripheral,0.15569395017793597,42,0.5639679715302491,"Limited observed structure: 1 incoming, 0 outgoing links; depth 4."
100000003214786100,peripheral,0.2804715302491103,0,0.3991548042704627,"Limited observed structure: 1 incoming, 0 outgoing links; depth 4."
100000008308418100,peripheral,0.2677935943060499,0,0.4816281138790036,"Limited observed structure: 1 incoming, 0 outgoing links; depth 4."
100000008619159100,peripheral,0.15969750889679712,70,0.5134119217081851,"Limited observed structure: 1 incoming, 0 outgoing links; depth 4."
100000004418967100,peripheral,0.25311387900355875,42,0.571040925266904,"Limited observed structure: 1 incoming, 0 outgoing links; depth 4."
100000003173783100,peripheral,0.37944839857651247,33,0.44377224199288257,"Limited observed structure: 1 incoming, 0 outgoing links; depth 4."
100000002242455100,peripheral,0.18950177935943058,10,0.5157918149466192,"Limited observed structure: 1 incoming, 0 outgoing links; depth 4."
100000004848236100,peripheral,0.5369217081850534,0,0.4057829181494662,"Limited observed structure: 1 incoming, 0 outgoing links; depth 4."
100000004674412100,peripheral,0.23131672597864772,11,0.5350978647686833,"Limited observed structure: 1 incoming, 0 outgoing links; depth 4."
100000007071852100,peripheral,0.2584519572953736,1,0.5365213523131673,"Limited observed structure: 1 incoming, 0 outgoing links; depth 4."
100000001498732100,peripheral,0.5896352313167259,50,0.3362433274021352,"Limited observed structure: 1 incoming, 0 outgoing links; depth 4."
100000000627521100,peripheral,0.5896352313167259,30,0.30657250889679716,"Limited observed structure: 1 incoming, 0 outgoing links; depth 4."
100000003105089100,peripheral,0.5896352313167259,32,0.40180160142348753,"Limited observed structure: 1 incoming, 0 outgoing links; depth 4."
100000003166017100,peripheral,0.5896352313167259,18,0.373064946619217,"Limited observed structure: 1 incoming, 0 outgoing links; depth 4."
100000002506987100,peripheral,0.5896352313167259,18,0.4320618327402135,"Limited observed structure: 1 incoming, 0 outgoing links; depth 4."
100000005767403100,peripheral,0.04359430604982206,62,0.5828736654804271,"Limited observed structure: 1 incoming, 0 outgoing links; depth 4."
100000005553088100,peripheral,0.5896352313167259,1,0.40001112099644126,"Limited observed structure: 1 incoming, 0 outgoing links; depth 4."
100000003632533100,peripheral,0.270017793594306,10,0.41169928825622776,"Limited observed structure: 1 incoming, 0 outgoing links; depth 4."
100000008762005100,peripheral,0.5896352313167259,5,0.3660253558718861,"Limited observed structure: 1 incoming, 0 outgoing links; depth 4."
100000002214207100,peripheral,0.09074733096085408,26,0.4291370106761566,"Limited observed structure: 1 incoming, 0 outgoing links; depth 4."
100000003180820100,peripheral,0.4132562277580071,5,0.5155916370106761,"Limited observed structure: 1 incoming, 0 outgoing links; depth 4."
100000003786516100,peripheral,0.5896352313167259,0,0.3616214412811388,"Limited observed structure: 1 incoming, 0 outgoing links; depth 4."
100000005226217100,peripheral,0.31939501779359436,5,0.504314946619217,"Limited observed structure: 1 incoming, 0 outgoing links; depth 4."
100000001533161100,peripheral,0.42015124555160144,51,0.5067504448398576,"Limited observed structure: 1 incoming, 0 outgoing links; depth 4."
100000007034089100,peripheral,0.14346085409252674,5,0.5415146797153025,"Limited observed structure: 2 incoming, 0 outgoing links; depth 4."
100000008336318100,peripheral,0.3182829181494662,5,0.5623331850533808,"Limited observed structure: 1 incoming, 0 outgoing links; depth 4."
100000005370558100,peripheral,0.5896352313167259,0,0.3880894128113879,"Limited observed structure: 1 incoming, 0 outgoing links; depth 4."
100000002729875100,peripheral,0.4853202846975089,18,0.49644128113879005,"Limited observed structure: 1 incoming, 0 outgoing links; depth 4."
100000006512787100,peripheral,0.2032918149466192,0,0.4368772241992883,"Limited observed structure: 1 incoming, 0 outgoing links; depth 4."
100000003186579100,peripheral,0.21485765124555156,1,0.5157918149466192,"Limited observed structure: 1 incoming, 0 outgoing links; depth 4."
100000004472936100,peripheral,0.19217081850533813,12,0.3991548042704627,"Limited observed structure: 1 incoming, 0 outgoing links; depth 4."
100000002231144100,peripheral,0.33852313167259784,32,0.42366548042704627,"Limited observed structure: 1 incoming, 0 outgoing links; depth 4."
100000002505277100,peripheral,0.287144128113879,0,0.4908807829181495,"Limited observed structure: 1 incoming, 0 outgoing links; depth 4."
100000003177533100,peripheral,0.4012455516014235,1,0.4368772241992883,"Limited observed structure: 1 incoming, 0 outgoing links; depth 4."
100000005888829100,peripheral,0.2967081850533808,5,0.5407918149466192,"Limited observed structure: 1 incoming, 0 outgoing links; depth 4."
100000002242066100,peripheral,0.1837188612099644,38,0.4908807829181495,"Limited observed structure: 1 incoming, 0 outgoing links; depth 4."
100000008027922100,peripheral,0.22241992882562278,29,0.49599644128113884,"Limited observed structure: 1 incoming, 0 outgoing links; depth 4."
100000002686226100,peripheral,0.0983096085409253,28,0.5629448398576513,"Limited observed structure: 1 incoming, 0 outgoing links; depth 4."
100000001065234100,peripheral,0.15480427046263345,45,0.5575622775800713,"Limited observed structure: 1 incoming, 0 outgoing links; depth 4."
100000000424935100,peripheral,0.5896352313167259,15,0.4213856761565836,"Limited observed structure: 1 incoming, 0 outgoing links; depth 4."
100000005723580100,peripheral,0.3865658362989324,42,0.5237989323843417,"Limited observed structure: 1 incoming, 0 outgoing links; depth 4."
100000000704700100,peripheral,0.18594306049822062,34,0.33069395017793596,"Limited observed structure: 1 incoming, 0 outgoing links; depth 4."
100000005293969100,peripheral,0.20062277580071175,0,0.4015569395017794,"Limited observed structure: 1 incoming, 0 outgoing links; depth 4."
100000002512742100,peripheral,0.5896352313167259,46,0.24884341637010676,"Limited observed structure: 1 incoming, 0 outgoing links; depth 4."
100000001816678100,peripheral,0.525355871886121,3,0.489991103202847,"Limited observed structure: 1 incoming, 0 outgoing links; depth 4."
100000004586598100,peripheral,0.09653024911032027,25,0.558185053380783,"Limited observed structure: 1 incoming, 0 outgoing links; depth 4."
100000005782886100,peripheral,0.3469750889679716,5,0.494261565836299,"Limited observed structure: 1 incoming, 0 outgoing links; depth 4."
100000002622822100,peripheral,0.05382562277580072,35,0.6497330960854093,"Limited observed structure: 1 incoming, 0 outgoing links; depth 4."
100000003718715100,peripheral,0.0787366548042705,12,0.5676379003558719,"Limited observed structure: 1 incoming, 0 outgoing links; depth 4."
100000006491963100,peripheral,0.5896352313167259,46,0.3150689501779359,"Limited observed structure: 1 incoming, 0 outgoing links; depth 4."
100000004526651100,peripheral,0.5896352313167259,5,0.46064279359430604,"Limited observed structure: 1 incoming, 0 outgoing links; depth 4."
100000008331280100,peripheral,0.47019572953736655,14,0.47126334519572954,"Limited observed structure: 1 incoming, 0 outgoing links; depth 4."
100000004177936100,peripheral,0.40524911032028466,1,0.41169928825622776,"Limited observed structure: 1 incoming, 0 outgoing links; depth 4."
100000002922000100,peripheral,0.1588078291814946,51,0.5409475088967972,"Limited observed structure: 1 incoming, 0 outgoing links; depth 4."
100000002404112100,peripheral,0.42393238434163705,14,0.4908807829181495,"Limited observed structure: 1 incoming, 0 outgoing links; depth 4."
100000000634341100,peripheral,0.1454626334519573,0,0.4455960854092527,"Limited observed structure: 1 incoming, 0 outgoing links; depth 4."
100000001822650100,peripheral,0.3965747330960854,5,0.5353314056939502,"Limited observed structure: 1 incoming, 0 outgoing links; depth 4."
100000004791226100,peripheral,0.1650355871886121,0,0.4368772241992883,"Limited observed structure: 1 incoming, 0 outgoing links; depth 4."
100000007841978100,peripheral,0.1579181494661922,10,0.5490213523131673,"Limited observed structure: 1 incoming, 0 outgoing links; depth 4."
100000006866831100,peripheral,0.33807829181494664,1,0.42864768683274024,"Limited observed structure: 1 incoming, 0 outgoing links; depth 4."
100000002999140100,peripheral,0.5896352313167259,8,0.34669706405693945,"Limited observed structure: 1 incoming, 0 outgoing links; depth 4."
100000002884708100,peripheral,0.06183274021352314,42,0.6240213523131674,"Limited observed structure: 1 incoming, 0 outgoing links; depth 4."
100000001130553100,peripheral,0.16325622775800708,10,0.43265124555160145,"Limited observed structure: 1 incoming, 0 outgoing links; depth 4."
100000006351075100,peripheral,0.5896352313167259,65,0.4187388790035587,"Limited observed structure: 1 incoming, 0 outgoing links; depth 4."
100000005616568100,peripheral,0.12766903914590744,10,0.5354982206405694,"Limited observed structure: 1 incoming, 0 outgoing links; depth 4."
100000006381453100,peripheral,0.12855871886120995,5,0.5341192170818505,"Limited observed structure: 1 incoming, 0 outgoing links; depth 4."
100000004616845100,peripheral,0.5896352313167259,44,0.3668705516014235,"Limited observed structure: 1 incoming, 0 outgoing links; depth 4."
100000004908173100,peripheral,0.4532918149466192,42,0.49946619217081856,"Limited observed structure: 1 incoming, 0 outgoing links; depth 4."
100000004433250100,peripheral,0.552491103202847,0,0.4064946619217082,"Limited observed structure: 1 incoming, 0 outgoing links; depth 4."
100000003664994100,peripheral,0.20507117437722422,66,0.5291370106761566,"Limited observed structure: 1 incoming, 0 outgoing links; depth 4."
100000004673335100,peripheral,0.22820284697508897,33,0.5000889679715304,"Limited observed structure: 1 incoming, 0 outgoing links; depth 4."
100000002487222100,peripheral,0.4486209964412812,10,0.48737766903914587,"Limited observed structure: 1 incoming, 0 outgoing links; depth 4."
100000000018102100,peripheral,0.4550711743772242,1,0.40511565836298935,"Limited observed structure: 1 incoming, 0 outgoing links; depth 4."
100000008638859100,peripheral,0.16903914590747326,43,0.5368772241992883,"Limited observed structure: 1 incoming, 0 outgoing links; depth 4."
100000001131403100,peripheral,0.044039145907473265,44,0.5544483985765125,"Limited observed structure: 1 incoming, 0 outgoing links; depth 4."
100000001733216100,peripheral,0.287144128113879,0,0.4908807829181495,"Limited observed structure: 1 incoming, 0 outgoing links; depth 4."
100000004400480100,peripheral,0.23487544483985767,24,0.3891459074733096,"Limited observed structure: 1 incoming, 0 outgoing links; depth 4."
100000007539296100,peripheral,0.14190391459074736,10,0.4759786476868328,"Limited observed structure: 1 incoming, 0 outgoing links; depth 4."
100000008757301100,peripheral,0.20017793594306055,0,0.48963523131672604,"Limited observed structure: 1 incoming, 0 outgoing links; depth 4."
100000002752565100,peripheral,0.4008007117437722,1,0.48883451957295376,"Limited observed structure: 1 incoming, 0 outgoing links; depth 4."
100000002734815100,peripheral,0.4008007117437722,5,0.5472197508896798,"Limited observed structure: 1 incoming, 0 outgoing links; depth 4."
100000008333492100,peripheral,0.2615658362989324,60,0.6139679715302491,"Limited observed structure: 1 incoming, 0 outgoing links; depth 4."
100000006527156100,peripheral,0.5847419928825623,57,0.45548265124555165,"Limited observed structure: 1 incoming, 0 outgoing links; depth 4."
100000003448713100,peripheral,0.24021352313167255,1,0.4640569395017794,"Limited observed structure: 1 incoming, 0 outgoing links; depth 4."
100000004780083100,peripheral,0.5896352313167259,56,0.37307606761565837,"Limited observed structure: 1 incoming, 0 outgoing links; depth 4."
100000004798515100,peripheral,0.28936832740213525,8,0.5241214412811388,"Limited observed structure: 1 incoming, 0 outgoing links; depth 4."
100000004232712100,peripheral,0.20640569395017794,10,0.418193950177936,"Limited observed structure: 1 incoming, 0 outgoing links; depth 4."
100000005209352100,peripheral,0.2804715302491103,0,0.3991548042704627,"Limited observed structure: 1 incoming, 0 outgoing links; depth 4."
100000000561160100,peripheral,0.2566725978647687,3,0.5430604982206406,"Limited observed structure: 1 incoming, 0 outgoing links; depth 4."
100000003568904100,peripheral,0.19350533807829184,12,0.4794483985765125,"Limited observed structure: 1 incoming, 0 outgoing links; depth 4."
100000000470237100,peripheral,0.1245551601423488,15,0.46205516014234876,"Limited observed structure: 1 incoming, 0 outgoing links; depth 4."
100000008560263100,peripheral,0.42015124555160144,10,0.4915146797153025,"Limited observed structure: 1 incoming, 0 outgoing links; depth 4."
100000000542087100,peripheral,0.5896352313167259,20,0.3127557829181495,"Limited observed structure: 1 incoming, 0 outgoing links; depth 4."
100000004403548100,peripheral,0.3371886120996441,1,0.3991548042704627,"Limited observed structure: 1 incoming, 0 outgoing links; depth 4."
100000003010908100,peripheral,0.2944839857651246,18,0.42918149466192174,"Limited observed structure: 1 incoming, 0 outgoing links; depth 4."
100000006756956100,peripheral,0.3821174377224199,0,0.4849421708185054,"Limited observed structure: 1 incoming, 0 outgoing links; depth 4."
100000007357489100,peripheral,0.14346085409252674,5,0.521474644128114,"Limited observed structure: 2 incoming, 0 outgoing links; depth 4."
100000002599729100,peripheral,0.23354092526690395,0,0.4934608540925267,"Limited observed structure: 1 incoming, 0 outgoing links; depth 4."
100000005849862100,peripheral,0.15524911032028466,2,0.4190391459074733,"Limited observed structure: 1 incoming, 0 outgoing links; depth 4."
100000008762843100,peripheral,0.5896352313167259,5,0.37571174377224203,"Limited observed structure: 1 incoming, 0 outgoing links; depth 4."
100000002723674100,peripheral,0.4332740213523132,32,0.45760676156583635,"Limited observed structure: 1 incoming, 0 outgoing links; depth 4."
100000008758106100,peripheral,0.5896352313167259,5,0.37979314946619214,"Limited observed structure: 1 incoming, 0 outgoing links; depth 4."
100000001286703100,peripheral,0.5896352313167259,30,0.35094528469750885,"Limited observed structure: 1 incoming, 0 outgoing links; depth 4."
