rank,gid,role,priority_score,why
1,100000003684369100,coordinator,0.9849449510676157,Links 24 in/62 out; reached by 10 seeds; PageRank p0.99.
2,100000003115284100,coordinator,0.9700150133451958,Links 8 in/2 out; reached by 11 seeds; PageRank p0.97.
3,100000008165763100,distributor,0.9552342823250296,Sends to 17 nodes (KZT 1.3m); receives from 15; outgoing p0.99.
4,100000005074393100,coordinator,0.9549460631672598,Links 4 in/6 out; reached by 10 seeds; PageRank p0.95.
5,100000004015047100,coordinator,0.9526745996441282,Links 9 in/1 out; reached by 11 seeds; PageRank p0.99.
6,100000001732159100,coordinator,0.9500722864768685,Links 2 in/4 out; reached by 10 seeds; PageRank p0.96.
7,100000008637537100,coordinator,0.9476784919928827,Links 3 in/3 out; reached by 10 seeds; PageRank p0.93.
8,100000001616816100,coordinator,0.9452235320284698,Links 5 in/3 out; reached by 11 seeds; PageRank p0.99.
9,100000005382566100,coordinator,0.9366075400355872,Links 7 in/1 out; reached by 15 seeds; PageRank p0.99.
10,100000000343175100,distributor,0.9344825029655991,Sends to 31 nodes (KZT 4.0m); receives from 8; outgoing p0.99.
11,100000002605308100,consolidator,0.9317282028469751,Receives from 3 nodes (KZT 2.6m); sends to 0; incoming p0.94.
12,100000002398779100,consolidator,0.9292482206405693,Receives from 13 nodes (KZT 1.1m); sends to 1; incoming p1.00.
13,100000003404627100,consolidator,0.9276579181494662,Receives from 4 nodes (KZT 877.7k); sends to 0; incoming p0.97.
14,100000001887715100,consolidator,0.9260453736654806,Receives from 3 nodes (KZT 1.3m); sends to 1; incoming p0.94.
15,100000006274203100,distributor,0.9236024614472124,Sends to 3 nodes (KZT 72.0k); receives from 2; outgoing p0.91.
16,100000003360542100,coordinator,0.9200845195729537,Links 2 in/2 out; reached by 11 seeds; PageRank p0.97.
17,100000008489922100,distributor,0.9191577698695137,Sends to 36 nodes (KZT 3.8m); receives from 3; outgoing p1.00.
18,100000002838861100,consolidator,0.9150948991696323,Receives from 5 nodes (KZT 554.5k); sends to 1; incoming p0.98.
19,100000003390036100,coordinator,0.911032028469751,Links 2 in/2 out; reached by 11 seeds; PageRank p0.97.
20,100000002718366100,consolidator,0.9101015717674971,Receives from 6 nodes (KZT 2.5m); sends to 0; incoming p0.99.
21,100000003635170100,distributor,0.905167556346382,Sends to 4 nodes (KZT 253.5k); receives from 3; outgoing p0.93.
22,100000001937767100,coordinator,0.9002696841637011,Links 1 in/4 out; reached by 11 seeds; PageRank p0.94.
23,100000004041163100,coordinator,0.8989296040925268,Links 1 in/2 out; reached by 15 seeds; PageRank p0.99.
24,100000005514161100,consolidator,0.8981242586002371,Receives from 4 nodes (KZT 401.5k); sends to 1; incoming p0.97.
25,100000008603629100,distributor,0.894787959667853,Sends to 61 nodes (KZT 5.0m); receives from 19; outgoing p1.00.
26,100000003016635100,distributor,0.8947583036773428,Sends to 73 nodes (KZT 9.4m); receives from 8; outgoing p1.00.
27,100000001899164100,consolidator,0.891970640569395,Receives from 4 nodes (KZT 291.7k); sends to 3; incoming p0.97.
28,100000007908818100,distributor,0.890840005931198,Sends to 6 nodes (KZT 302.0k); receives from 4; outgoing p0.96.
29,100000008477350100,distributor,0.8885008896797153,Sends to 39 nodes (KZT 3.4m); receives from 11; outgoing p1.00.
30,100000005933757100,distributor,0.887192319098458,Sends to 34 nodes (KZT 3.0m); receives from 4; outgoing p0.99.
31,100000000331309100,distributor,0.886773428232503,Sends to 99 nodes (KZT 23.0m); receives from 5; outgoing p1.00.
32,100000006866783100,distributor,0.8854129596678528,Sends to 67 nodes (KZT 3.9m); receives from 13; outgoing p1.00.
33,100000002741024100,distributor,0.8836002372479241,Sends to 6 nodes (KZT 435.0k); receives from 5; outgoing p0.96.
34,100000004299488100,consolidator,0.8834037663107949,Receives from 6 nodes (KZT 1.7m); sends to 2; incoming p0.99.
35,100000000437046100,distributor,0.882517793594306,Sends to 42 nodes (KZT 7.6m); receives from 9; outgoing p1.00.
36,100000003701161100,consolidator,0.8823843416370107,Receives from 4 nodes (KZT 1.5m); sends to 3; incoming p0.97.
37,100000006889963100,consolidator,0.8814279359430606,Receives from 4 nodes (KZT 1.4m); sends to 1; incoming p0.97.
38,100000004156082100,distributor,0.8802713523131673,Sends to 26 nodes (KZT 2.3m); receives from 5; outgoing p0.99.
39,100000007629096100,consolidator,0.880152728351127,Receives from 4 nodes (KZT 1.1m); sends to 1; incoming p0.97.
40,100000007055802100,consolidator,0.8764605575326216,Receives from 6 nodes (KZT 2.0m); sends to 1; incoming p0.99.
41,100000005473151100,distributor,0.873546856465006,Sends to 4 nodes (KZT 225.0k); receives from 3; outgoing p0.93.
42,100000008547948100,distributor,0.8731872775800712,Sends to 26 nodes (KZT 5.2m); receives from 6; outgoing p0.99.
43,100000006424479100,coordinator,0.8710047820284698,Links 1 in/2 out; reached by 10 seeds; PageRank p0.95.
44,100000004759121100,consolidator,0.8707332443653618,Receives from 6 nodes (KZT 710.0k); sends to 2; incoming p0.99.
45,100000000706545100,consolidator,0.8695284697508898,Receives from 3 nodes (KZT 1.1m); sends to 1; incoming p0.94.
46,100000002547110100,consolidator,0.8693171708185055,Receives from 6 nodes (KZT 1.5m); sends to 0; incoming p0.99.
47,100000007594394100,consolidator,0.8683125741399763,Receives from 6 nodes (KZT 395.4k); sends to 1; incoming p0.99.
48,100000002267998100,distributor,0.867945581257414,Sends to 3 nodes (KZT 1.1m); receives from 2; outgoing p0.91.
49,100000007442518100,distributor,0.8678232502965599,Sends to 9 nodes (KZT 4.4m); receives from 5; outgoing p0.97.
50,100000004017410100,distributor,0.8673153914590749,Sends to 5 nodes (KZT 1.3m); receives from 2; outgoing p0.95.
51,100000000661912100,consolidator,0.8669521055753262,Receives from 5 nodes (KZT 393.0k); sends to 2; incoming p0.98.
52,100000002175422100,distributor,0.8660364768683274,Sends to 6 nodes (KZT 1.6m); receives from 3; outgoing p0.96.
53,100000008461532100,distributor,0.8657065539739028,Sends to 8 nodes (KZT 2.5m); receives from 2; outgoing p0.97.
54,100000008730846100,consolidator,0.8651690391459075,Receives from 7 nodes (KZT 155.0k); sends to 3; incoming p0.99.
55,100000001072022100,consolidator,0.8647279062870701,Receives from 3 nodes (KZT 1.7m); sends to 0; incoming p0.94.
56,100000001857829100,distributor,0.8645796263345196,Sends to 16 nodes (KZT 2.4m); receives from 6; outgoing p0.98.
57,100000008324800100,consolidator,0.8625296559905102,Receives from 3 nodes (KZT 526.5k); sends to 1; incoming p0.94.
58,100000002217161100,distributor,0.8621700771055755,Sends to 7 nodes (KZT 995.1k); receives from 2; outgoing p0.96.
59,100000002205022100,distributor,0.8608355575326216,Sends to 3 nodes (KZT 518.0k); receives from 1; outgoing p0.91.
60,100000001303311100,consolidator,0.8557940391459076,Receives from 5 nodes (KZT 1.3m); sends to 0; incoming p0.98.
61,100000007382543100,distributor,0.8549747924080665,Sends to 5 nodes (KZT 427.0k); receives from 3; outgoing p0.95.
62,100000002957787100,distributor,0.853110172004745,Sends to 34 nodes (KZT 1.3m); receives from 4; outgoing p0.99.
63,100000006518161100,consolidator,0.8525096381969158,Receives from 3 nodes (KZT 594.2k); sends to 2; incoming p0.94.
64,100000000673868100,distributor,0.851901690391459,Sends to 5 nodes (KZT 383.0k); receives from 1; outgoing p0.95.
65,100000008213966100,consolidator,0.851594009489917,Receives from 3 nodes (KZT 187.0k); sends to 1; incoming p0.94.
66,100000002480800100,terminal,0.8509934756820878,Receives from 2 nodes (KZT 569.3k); no observed outgoing links; depth 1.
67,100000005704413100,distributor,0.8509489916963227,Sends to 32 nodes (KZT 1.4m); receives from 3; outgoing p0.99.
68,100000002224132100,consolidator,0.8501631079478055,Receives from 5 nodes (KZT 4.0m); sends to 4; incoming p0.98.
69,100000004717647100,distributor,0.8498405990510083,Sends to 5 nodes (KZT 2.2m); receives from 1; outgoing p0.95.
70,100000003718221100,distributor,0.849707147093713,Sends to 4 nodes (KZT 423.5k); receives from 2; outgoing p0.93.
71,100000006579678100,distributor,0.8495736951364176,Sends to 6 nodes (KZT 1.7m); receives from 2; outgoing p0.96.
72,100000001282143100,consolidator,0.8480241696322657,Receives from 5 nodes (KZT 1.7m); sends to 0; incoming p0.98.
73,100000004486525100,consolidator,0.8453625444839857,Receives from 8 nodes (KZT 360.9k); sends to 2; incoming p0.99.
74,100000001526235100,distributor,0.8434311981020167,Sends to 8 nodes (KZT 432.8k); receives from 3; outgoing p0.97.
75,100000008346837100,distributor,0.8408437129300118,Sends to 25 nodes (KZT 1.3m); receives from 9; outgoing p0.99.
76,100000005519347100,coordinator,0.8388011565836301,Links 2 in/1 out; reached by 10 seeds; PageRank p0.86.
77,100000008144528100,consolidator,0.8387640865954923,Receives from 5 nodes (KZT 1.1m); sends to 0; incoming p0.98.
78,100000008710791100,distributor,0.8386936536180309,Sends to 23 nodes (KZT 5.5m); receives from 3; outgoing p0.99.
79,100000002173161100,consolidator,0.8381857947805458,Receives from 3 nodes (KZT 1.4m); sends to 0; incoming p0.94.
80,100000004019124100,terminal,0.8361654804270464,Receives from 3 nodes (KZT 193.0k); no observed outgoing links; depth 0.
81,100000004603109100,consolidator,0.8358577995255042,Receives from 3 nodes (KZT 2.7m); sends to 2; incoming p0.94.
82,100000006734214100,consolidator,0.832443653618031,Receives from 5 nodes (KZT 610.0k); sends to 3; incoming p0.98.
83,100000008512827100,distributor,0.8304122182680902,Sends to 10 nodes (KZT 1.9m); receives from 3; outgoing p0.97.
84,100000002894076100,consolidator,0.8301416073546856,Receives from 4 nodes (KZT 1.1m); sends to 0; incoming p0.97.
85,100000008743913100,distributor,0.8278840450771057,Sends to 13 nodes (KZT 1.9m); receives from 3; outgoing p0.98.
86,100000004403675100,distributor,0.8274577402135233,Sends to 5 nodes (KZT 264.7k); receives from 4; outgoing p0.95.
87,100000008466579100,distributor,0.8269535883748517,Sends to 17 nodes (KZT 1.9m); receives from 2; outgoing p0.99.
88,100000008547844100,distributor,0.8261936536180309,Sends to 19 nodes (KZT 2.0m); receives from 3; outgoing p0.99.
89,100000005523088100,terminal,0.8252743179122184,Receives from 1 nodes (KZT 700.0k); no observed outgoing links; depth 0.
90,100000004071080100,consolidator,0.8251668149466193,Receives from 9 nodes (KZT 238.6k); sends to 2; incoming p1.00.
91,100000000332284100,consolidator,0.8247256820877819,Receives from 10 nodes (KZT 107.4k); sends to 3; incoming p1.00.
92,100000003796063100,distributor,0.8243883451957295,Sends to 15 nodes (KZT 959.1k); receives from 1; outgoing p0.98.
93,100000001463701100,terminal,0.8221456109134045,Receives from 2 nodes (KZT 621.0k); no observed outgoing links; depth 1.
94,100000008516839100,terminal,0.8211298932384343,Receives from 3 nodes (KZT 155.0k); no observed outgoing links; depth 0.
95,100000005778283100,consolidator,0.8209630782918149,Receives from 3 nodes (KZT 615.8k); sends to 0; incoming p0.94.
96,100000003834495100,consolidator,0.8196100237247925,Receives from 3 nodes (KZT 602.4k); sends to 1; incoming p0.94.
97,100000004962193100,consolidator,0.8191688908659551,Receives from 8 nodes (KZT 900.5k); sends to 0; incoming p0.99.
98,100000002939838100,consolidator,0.818442319098458,Receives from 3 nodes (KZT 571.2k); sends to 0; incoming p0.94.
99,100000004722765100,distributor,0.8184052491103203,Sends to 3 nodes (KZT 2.3m); receives from 1; outgoing p0.91.
100,100000002849158100,consolidator,0.817422894424674,Receives from 3 nodes (KZT 723.0k); sends to 1; incoming p0.94.
101,100000004707703100,distributor,0.817374703440095,Sends to 5 nodes (KZT 231.7k); receives from 2; outgoing p0.95.
102,100000007229557100,consolidator,0.815980871886121,Receives from 3 nodes (KZT 878.0k); sends to 0; incoming p0.94.
103,100000002748532100,consolidator,0.8135416666666667,Receives from 3 nodes (KZT 355.6k); sends to 2; incoming p0.94.
104,100000008686313100,distributor,0.813104240806643,Sends to 7 nodes (KZT 333.8k); receives from 6; outgoing p0.96.
105,100000004820260100,distributor,0.8129633748517201,Sends to 3 nodes (KZT 215.3k); receives from 1; outgoing p0.91.
106,100000005782781100,distributor,0.8122961150652432,Sends to 10 nodes (KZT 1.3m); receives from 6; outgoing p0.97.
107,100000003242289100,distributor,0.8120106761565837,Sends to 23 nodes (KZT 2.4m); receives from 3; outgoing p0.99.
108,100000000490383100,distributor,0.8118401542111506,Sends to 8 nodes (KZT 461.4k); receives from 3; outgoing p0.97.
109,100000005519998100,transit,0.8112340802732263,Pass-through 1.03; 3 incoming and 3 outgoing links; depth 2.
110,100000000791285100,distributor,0.8107762455516014,Sends to 3 nodes (KZT 650.0k); receives from 1; outgoing p0.91.
111,100000007998965100,consolidator,0.8104018386714117,Receives from 5 nodes (KZT 278.0k); sends to 1; incoming p0.98.
112,100000002956769100,consolidator,0.8101608837485172,Receives from 3 nodes (KZT 840.0k); sends to 0; incoming p0.94.
113,100000004221668100,consolidator,0.8081405693950179,Receives from 4 nodes (KZT 1.1m); sends to 3; incoming p0.97.
114,100000008545727100,distributor,0.8046374555160142,Sends to 6 nodes (KZT 1.9m); receives from 1; outgoing p0.96.
115,100000002793881100,consolidator,0.8043112396204033,Receives from 3 nodes (KZT 785.6k); sends to 0; incoming p0.94.
116,100000004400305100,distributor,0.8013790035587188,Sends to 82 nodes (KZT 5.8m); receives from 7; outgoing p1.00.
117,100000003134934100,consolidator,0.8004930308422301,Receives from 4 nodes (KZT 379.4k); sends to 0; incoming p0.97.
118,100000004659919100,coordinator,0.7997108540925267,Links 1 in/1 out; reached by 10 seeds; PageRank p0.92.
119,100000008758168100,distributor,0.7989731613285884,Sends to 5 nodes (KZT 1.5m); receives from 2; outgoing p0.95.
120,100000003265158100,consolidator,0.7983652135231317,Receives from 3 nodes (KZT 146.1k); sends to 2; incoming p0.94.
121,100000003157679100,consolidator,0.7983207295373667,Receives from 4 nodes (KZT 541.0k); sends to 0; incoming p0.97.
122,100000008512552100,distributor,0.7978314056939502,Sends to 6 nodes (KZT 1.3m); receives from 4; outgoing p0.96.
123,100000008172352100,distributor,0.7977980427046265,Sends to 7 nodes (KZT 289.5k); receives from 3; outgoing p0.96.
124,100000002527114100,distributor,0.7968342230130487,Sends to 111 nodes (KZT 3.3m); receives from 3; outgoing p1.00.
125,100000002559089100,terminal,0.7959964412811389,Receives from 2 nodes (KZT 715.0k); no observed outgoing links; depth 3.
126,100000003111305100,consolidator,0.7956220344009489,Receives from 4 nodes (KZT 509.3k); sends to 0; incoming p0.97.
127,100000001965374100,distributor,0.7952142645314355,Sends to 3 nodes (KZT 3.1m); receives from 2; outgoing p0.91.
128,100000002603769100,consolidator,0.7947620106761566,Receives from 3 nodes (KZT 1.2m); sends to 0; incoming p0.94.
129,100000001330685100,consolidator,0.7946322657176751,Receives from 3 nodes (KZT 2.4m); sends to 1; incoming p0.94.
130,100000004076740100,distributor,0.7942986358244365,Sends to 6 nodes (KZT 125.0k); receives from 3; outgoing p0.96.
131,100000004135268100,distributor,0.7939464709371293,Sends to 3 nodes (KZT 1.0m); receives from 2; outgoing p0.91.
132,100000008389800100,distributor,0.793193950177936,Sends to 7 nodes (KZT 401.6k); receives from 3; outgoing p0.96.
133,100000008659445100,distributor,0.7929715302491103,Sends to 4 nodes (KZT 875.1k); receives from 3; outgoing p0.93.
134,100000003163886100,terminal,0.7928084223013049,Receives from 1 nodes (KZT 500.0k); no observed outgoing links; depth 3.
135,100000002537811100,coordinator,0.7926073176156584,Links 1 in/1 out; reached by 11 seeds; PageRank p0.97.
136,100000008748914100,distributor,0.7905360320284698,Sends to 13 nodes (KZT 4.5m); receives from 2; outgoing p0.98.
137,100000008556318100,terminal,0.7888641755634638,Receives from 2 nodes (KZT 180.1k); no observed outgoing links; depth 1.
138,100000005668605100,terminal,0.787748368920522,Receives from 3 nodes (KZT 94.5k); no observed outgoing links; depth 0.
139,100000006755850100,terminal,0.7872182680901543,Receives from 1 nodes (KZT 443.5k); no observed outgoing links; depth 2.
140,100000003854444100,distributor,0.7871330071174377,Sends to 14 nodes (KZT 2.3m); receives from 1; outgoing p0.98.
141,100000008752616100,distributor,0.7859022835112693,Sends to 7 nodes (KZT 1.3m); receives from 2; outgoing p0.96.
142,100000001611488100,terminal,0.7856242586002373,Receives from 2 nodes (KZT 779.3k); no observed outgoing links; depth 3.
143,100000002733905100,consolidator,0.785427787663108,Receives from 3 nodes (KZT 100.0k); sends to 2; incoming p0.94.
144,100000005612411100,distributor,0.78394128113879,Sends to 8 nodes (KZT 507.0k); receives from 3; outgoing p0.97.
145,100000003001661100,distributor,0.7832554863582444,Sends to 5 nodes (KZT 439.5k); receives from 1; outgoing p0.95.
146,100000008011159100,distributor,0.783029359430605,Sends to 5 nodes (KZT 153.0k); receives from 3; outgoing p0.95.
147,100000001346560100,coordinator,0.7822203069395018,Links 2 in/1 out; reached by 11 seeds; PageRank p0.88.
148,100000008413748100,distributor,0.7813056049822065,Sends to 18 nodes (KZT 1.4m); receives from 2; outgoing p0.99.
149,100000002963189100,distributor,0.7803491992882562,Sends to 7 nodes (KZT 5.2m); receives from 1; outgoing p0.96.
150,100000003071930100,consolidator,0.7803084223013049,Receives from 3 nodes (KZT 477.6k); sends to 1; incoming p0.94.
151,100000001714173100,terminal,0.7776542111506524,Receives from 1 nodes (KZT 638.9k); no observed outgoing links; depth 3.
152,100000002369874100,consolidator,0.7773873072360616,Receives from 4 nodes (KZT 600.0k); sends to 0; incoming p0.97.
153,100000005578559100,distributor,0.7767089264531435,Sends to 21 nodes (KZT 893.2k); receives from 2; outgoing p0.99.
154,100000002957306100,terminal,0.7764753855278768,Receives from 2 nodes (KZT 398.5k); no observed outgoing links; depth 1.
155,100000004105288100,terminal,0.776037959667853,Receives from 2 nodes (KZT 215.0k); no observed outgoing links; depth 1.
156,100000005910114100,distributor,0.7759341637010676,Sends to 19 nodes (KZT 1.5m); receives from 3; outgoing p0.99.
157,100000001530983100,distributor,0.7752335409252669,Sends to 11 nodes (KZT 1.8m); receives from 4; outgoing p0.98.
158,100000006069103100,transit,0.7751578217426776,Pass-through 1.18; 3 incoming and 3 outgoing links; depth 1.
159,100000008730371100,terminal,0.7746515421115067,Receives from 2 nodes (KZT 520.0k); no observed outgoing links; depth 3.
160,100000001875239100,consolidator,0.7737433274021353,Receives from 3 nodes (KZT 712.0k); sends to 0; incoming p0.94.
161,100000002578405100,distributor,0.7732317615658364,Sends to 116 nodes (KZT 3.1m); receives from 2; outgoing p1.00.
162,100000003154105100,distributor,0.7729018386714116,Sends to 7 nodes (KZT 338.0k); receives from 1; outgoing p0.96.
163,100000003037476100,consolidator,0.7728573546856465,Receives from 3 nodes (KZT 555.0k); sends to 0; incoming p0.94.
164,100000002443664100,consolidator,0.7728388196915776,Receives from 3 nodes (KZT 556.9k); sends to 0; incoming p0.94.
165,100000000580561100,distributor,0.7727498517200475,Sends to 3 nodes (KZT 1.5m); receives from 2; outgoing p0.91.
166,100000008733194100,distributor,0.7727350237247924,Sends to 8 nodes (KZT 159.7k); receives from 4; outgoing p0.97.
167,100000002988894100,distributor,0.7726312277580072,Sends to 3 nodes (KZT 77.5k); receives from 1; outgoing p0.91.
168,100000002945626100,consolidator,0.7723643238434164,Receives from 3 nodes (KZT 584.0k); sends to 0; incoming p0.94.
169,100000005242320100,distributor,0.7719491399762752,Sends to 21 nodes (KZT 8.9m); receives from 2; outgoing p0.99.
170,100000001697501100,distributor,0.7707591933570582,Sends to 38 nodes (KZT 1.5m); receives from 3; outgoing p1.00.
171,100000008193577100,distributor,0.770636862396204,Sends to 5 nodes (KZT 480.2k); receives from 2; outgoing p0.95.
172,100000008708207100,terminal,0.7704181494661922,Receives from 2 nodes (KZT 465.0k); no observed outgoing links; depth 3.
173,100000003062895100,terminal,0.7698620996441281,Receives from 2 nodes (KZT 328.4k); no observed outgoing links; depth 2.
174,100000002343825100,consolidator,0.7681680011862396,Receives from 3 nodes (KZT 350.0k); sends to 2; incoming p0.94.
175,100000001872484100,distributor,0.7678047153024911,Sends to 3 nodes (KZT 514.6k); receives from 1; outgoing p0.91.
176,100000008517538100,distributor,0.7667482206405695,Sends to 17 nodes (KZT 1.4m); receives from 3; outgoing p0.99.
177,100000002593344100,terminal,0.7655619810201661,Receives from 2 nodes (KZT 431.0k); no observed outgoing links; depth 3.
178,100000003946524100,transit,0.764228402795491,Pass-through 1.08; 2 incoming and 2 outgoing links; depth 1.
179,100000001677929100,consolidator,0.7636306346381969,Receives from 3 nodes (KZT 126.8k); sends to 2; incoming p0.94.
180,100000005527892100,distributor,0.7631450177935943,Sends to 8 nodes (KZT 552.4k); receives from 3; outgoing p0.97.
181,100000008731444100,distributor,0.7622627520759193,Sends to 9 nodes (KZT 879.8k); receives from 3; outgoing p0.97.
182,100000000291906100,transit,0.7615040249599492,Pass-through 1.17; 2 incoming and 2 outgoing links; depth 2.
183,100000001904863100,terminal,0.7605797746144721,Receives from 1 nodes (KZT 500.0k); no observed outgoing links; depth 2.
184,100000006972210100,consolidator,0.7590265421115066,Receives from 3 nodes (KZT 488.8k); sends to 0; incoming p0.94.
185,100000008692291100,transit,0.758770759193357,Pass-through 0.97; 3 incoming and 3 outgoing links; depth 3.
186,100000005432267100,terminal,0.7576957295373666,Receives from 2 nodes (KZT 350.0k); no observed outgoing links; depth 1.
187,100000003171006100,terminal,0.7576809015421114,Receives from 2 nodes (KZT 485.0k); no observed outgoing links; depth 3.
188,100000004007116100,distributor,0.7567912218268089,Sends to 4 nodes (KZT 148.0k); receives from 3; outgoing p0.93.
189,100000005171642100,transit,0.7567420051399177,Pass-through 0.98; 2 incoming and 1 outgoing links; depth 3.
190,100000002781227100,distributor,0.7562537069988138,Sends to 3 nodes (KZT 212.4k); receives from 2; outgoing p0.91.
191,100000004394765100,consolidator,0.7561054270462634,Receives from 3 nodes (KZT 603.8k); sends to 2; incoming p0.94.
192,100000006169033100,distributor,0.7559423190984579,Sends to 3 nodes (KZT 1.1m); receives from 1; outgoing p0.91.
193,100000001253557100,terminal,0.7551972123368921,Receives from 5 nodes (KZT 210.2k); no observed outgoing links; depth 1.
194,100000008751429100,consolidator,0.7551379003558719,Receives from 3 nodes (KZT 386.2k); sends to 1; incoming p0.94.
195,100000001884825100,consolidator,0.7550378113879004,Receives from 3 nodes (KZT 495.0k); sends to 0; incoming p0.94.
196,100000005493505100,terminal,0.7549673784104389,Receives from 3 nodes (KZT 62.0k); no observed outgoing links; depth 0.
197,100000007138613100,consolidator,0.7532287959667854,Receives from 3 nodes (KZT 1.0m); sends to 2; incoming p0.94.
198,100000005830339100,consolidator,0.7528247330960854,Receives from 5 nodes (KZT 476.3k); sends to 1; incoming p0.98.
199,100000003964910100,terminal,0.7523687722419928,Receives from 2 nodes (KZT 1.0m); no observed outgoing links; depth 3.
200,100000003589877100,distributor,0.752057384341637,Sends to 6 nodes (KZT 416.1k); receives from 2; outgoing p0.96.
201,100000001527186100,terminal,0.7520166073546857,Receives from 1 nodes (KZT 678.0k); no observed outgoing links; depth 1.
202,100000008427027100,terminal,0.7511343416370108,Receives from 1 nodes (KZT 300.0k); no observed outgoing links; depth 3.
203,100000004539443100,terminal,0.7509638196915778,Receives from 2 nodes (KZT 62.0k); no observed outgoing links; depth 3.
204,100000001584286100,terminal,0.7509119217081851,Receives from 2 nodes (KZT 738.7k); no observed outgoing links; depth 2.
205,100000003747133100,consolidator,0.7507228647686834,Receives from 5 nodes (KZT 237.1k); sends to 2; incoming p0.98.
206,100000005664922100,distributor,0.7495662811387901,Sends to 3 nodes (KZT 537.0k); receives from 2; outgoing p0.91.
207,100000000201868100,transit,0.7486728944246738,Pass-through 1.00; 1 incoming and 1 outgoing links; depth 2.
208,100000008223661100,distributor,0.7477276097271649,Sends to 5 nodes (KZT 262.6k); receives from 2; outgoing p0.95.
209,100000008576243100,terminal,0.7475978647686833,Receives from 2 nodes (KZT 82.9k); no observed outgoing links; depth 3.
210,100000006225798100,consolidator,0.7469639679715302,Receives from 3 nodes (KZT 722.0k); sends to 2; incoming p0.94.
211,100000005475379100,distributor,0.7467118920521946,Sends to 3 nodes (KZT 81.0k); receives from 1; outgoing p0.91.
212,100000006704530100,distributor,0.7443468268090154,Sends to 3 nodes (KZT 428.0k); receives from 1; outgoing p0.91.
213,100000008111003100,consolidator,0.7436313760379597,Receives from 6 nodes (KZT 222.7k); sends to 1; incoming p0.99.
214,100000004666651100,terminal,0.7416592526690392,Receives from 1 nodes (KZT 429.2k); no observed outgoing links; depth 2.
215,100000008566737100,terminal,0.7416258896797153,Receives from 2 nodes (KZT 230.0k); no observed outgoing links; depth 1.
216,100000008473207100,terminal,0.741599940688019,Receives from 1 nodes (KZT 202.0k); no observed outgoing links; depth 2.
217,100000004905207100,terminal,0.7401505041518387,Receives from 1 nodes (KZT 380.0k); no observed outgoing links; depth 2.
218,100000008603331100,distributor,0.7394610023724792,Sends to 6 nodes (KZT 741.8k); receives from 2; outgoing p0.96.
219,100000001380054100,distributor,0.739171856465006,Sends to 3 nodes (KZT 360.0k); receives from 2; outgoing p0.91.
220,100000006707582100,distributor,0.7389568505338079,Sends to 14 nodes (KZT 961.1k); receives from 2; outgoing p0.98.
221,100000002618492100,terminal,0.7386417556346383,Receives from 2 nodes (KZT 296.5k); no observed outgoing links; depth 1.
222,100000008723830100,transit,0.7386352643857177,Pass-through 0.99; 2 incoming and 1 outgoing links; depth 1.
223,100000003299365100,transit,0.7373739620403321,Pass-through 1.00; 1 incoming and 1 outgoing links; depth 1.
224,100000003270419100,terminal,0.7358540925266903,Receives from 1 nodes (KZT 150.0k); no observed outgoing links; depth 3.
225,100000005610717100,consolidator,0.7357502965599052,Receives from 4 nodes (KZT 484.5k); sends to 1; incoming p0.97.
226,100000008418835100,distributor,0.7355760676156584,Sends to 4 nodes (KZT 186.2k); receives from 1; outgoing p0.93.
227,100000003254723100,terminal,0.7333481613285884,Receives from 1 nodes (KZT 269.9k); no observed outgoing links; depth 2.
228,100000005409680100,terminal,0.7323250296559906,Receives from 2 nodes (KZT 55.1k); no observed outgoing links; depth 0.
229,100000008094734100,terminal,0.7307755041518387,Receives from 4 nodes (KZT 236.2k); no observed outgoing links; depth 1.
230,100000002565277100,terminal,0.730567912218268,Receives from 1 nodes (KZT 483.3k); no observed outgoing links; depth 1.
231,100000002983879100,terminal,0.7303603202846977,Receives from 2 nodes (KZT 200.1k); no observed outgoing links; depth 2.
232,100000008304139100,distributor,0.7301638493475682,Sends to 24 nodes (KZT 1.7m); receives from 4; outgoing p0.99.
233,100000001538095100,terminal,0.728821915776987,Receives from 2 nodes (KZT 280.0k); no observed outgoing links; depth 3.
234,100000003366154100,distributor,0.7285920818505338,Sends to 3 nodes (KZT 289.2k); receives from 1; outgoing p0.91.
235,100000003004487100,consolidator,0.7283919039145909,Receives from 4 nodes (KZT 183.7k); sends to 2; incoming p0.97.
236,100000002459832100,terminal,0.7281954329774615,Receives from 2 nodes (KZT 880.6k); no observed outgoing links; depth 3.
237,100000003097324100,terminal,0.7279285290628706,Receives from 2 nodes (KZT 294.0k); no observed outgoing links; depth 3.
238,100000005665181100,distributor,0.7276727461447212,Sends to 11 nodes (KZT 181.9k); receives from 4; outgoing p0.98.
239,100000004948177100,consolidator,0.7276653321470938,Receives from 3 nodes (KZT 437.2k); sends to 0; incoming p0.94.
240,100000002731501100,distributor,0.7265198695136418,Sends to 7 nodes (KZT 834.0k); receives from 3; outgoing p0.96.
241,100000004351795100,distributor,0.7257710557532623,Sends to 14 nodes (KZT 1.7m); receives from 3; outgoing p0.98.
242,100000000489417100,transit,0.725676607168771,Pass-through 1.09; 3 incoming and 1 outgoing links; depth 2.
243,100000003158727100,consolidator,0.7218008600237247,Receives from 3 nodes (KZT 367.9k); sends to 0; incoming p0.94.
244,100000002723538100,distributor,0.7196767497034401,Sends to 12 nodes (KZT 560.5k); receives from 3; outgoing p0.98.
245,100000008560717100,consolidator,0.7194024317912219,Receives from 7 nodes (KZT 529.0k); sends to 1; incoming p0.99.
246,100000008137435100,distributor,0.7178047153024911,Sends to 6 nodes (KZT 1.4m); receives from 2; outgoing p0.96.
247,100000008751380100,terminal,0.7175118623962041,Receives from 2 nodes (KZT 345.8k); no observed outgoing links; depth 3.
248,100000003831324100,terminal,0.716940984578885,Receives from 2 nodes (KZT 300.0k); no observed outgoing links; depth 1.
249,100000002188829100,terminal,0.7166740806642943,Receives from 1 nodes (KZT 400.0k); no observed outgoing links; depth 1.
250,100000004698193100,distributor,0.7165962336892052,Sends to 3 nodes (KZT 38.0k); receives from 2; outgoing p0.91.
251,100000008531133100,distributor,0.7164553677342824,Sends to 3 nodes (KZT 158.3k); receives from 1; outgoing p0.91.
252,100000002936322100,terminal,0.7158288849347568,Receives from 2 nodes (KZT 787.1k); no observed outgoing links; depth 3.
253,100000003509750100,transit,0.7152159133778393,Pass-through 0.95; 3 incoming and 3 outgoing links; depth 2.
254,100000001285440100,terminal,0.7148279952550416,Receives from 2 nodes (KZT 243.0k); no observed outgoing links; depth 3.
255,100000002645609100,consolidator,0.7144535883748517,Receives from 4 nodes (KZT 546.8k); sends to 0; incoming p0.97.
256,100000000267734100,distributor,0.7139939205219454,Sends to 7 nodes (KZT 282.0k); receives from 2; outgoing p0.96.
257,100000002901457100,distributor,0.7139197805456702,Sends to 3 nodes (KZT 119.0k); receives from 1; outgoing p0.91.
258,100000002548759100,terminal,0.7139012455516015,Receives from 2 nodes (KZT 375.0k); no observed outgoing links; depth 3.
259,100000004114962100,terminal,0.7132376927639383,Receives from 2 nodes (KZT 165.0k); no observed outgoing links; depth 3.
260,100000004070318100,distributor,0.7126594009489917,Sends to 19 nodes (KZT 551.9k); receives from 4; outgoing p0.99.
261,100000004737764100,terminal,0.7119476571767497,Receives from 1 nodes (KZT 600.0k); no observed outgoing links; depth 3.
262,100000002635780100,terminal,0.7118846381969158,Receives from 1 nodes (KZT 163.0k); no observed outgoing links; depth 2.
263,100000008332511100,terminal,0.7118290332147095,Receives from 1 nodes (KZT 100.0k); no observed outgoing links; depth 3.
264,100000004336312100,transit,0.7113334956434246,Pass-through 0.80; 3 incoming and 2 outgoing links; depth 2.
265,100000003178549100,distributor,0.7111988434163701,Sends to 4 nodes (KZT 89.1k); receives from 2; outgoing p0.93.
266,100000000274067100,distributor,0.7103091637010677,Sends to 3 nodes (KZT 3.0m); receives from 2; outgoing p0.91.
267,100000008356606100,terminal,0.7096975088967973,Receives from 2 nodes (KZT 168.5k); no observed outgoing links; depth 2.
268,100000008555233100,terminal,0.7087040332147094,Receives from 1 nodes (KZT 440.6k); no observed outgoing links; depth 3.
269,100000008221543100,terminal,0.7086447212336893,Receives from 2 nodes (KZT 542.0k); no observed outgoing links; depth 1.
270,100000001927599100,terminal,0.7067319098457888,Receives from 2 nodes (KZT 188.0k); no observed outgoing links; depth 3.
271,100000002293421100,transit,0.7065362526401064,Pass-through 1.15; 2 incoming and 2 outgoing links; depth 2.
272,100000006788200100,consolidator,0.7064056939501779,Receives from 4 nodes (KZT 272.2k); sends to 3; incoming p0.97.
273,100000007181706100,terminal,0.7062277580071176,Receives from 2 nodes (KZT 176.3k); no observed outgoing links; depth 1.
274,100000003131693100,terminal,0.7057458481613286,Receives from 1 nodes (KZT 353.3k); no observed outgoing links; depth 1.
275,100000008335401100,terminal,0.7044483985765124,Receives from 1 nodes (KZT 150.0k); no observed outgoing links; depth 2.
276,100000008775471100,terminal,0.7040183867141163,Receives from 1 nodes (KZT 580.0k); no observed outgoing links; depth 3.
277,100000003031003100,consolidator,0.7024132562277581,Receives from 3 nodes (KZT 280.1k); sends to 0; incoming p0.94.
278,100000007544358100,transit,0.7022149461594344,Pass-through 1.09; 2 incoming and 1 outgoing links; depth 1.
279,100000004904960100,terminal,0.7017422894424674,Receives from 2 nodes (KZT 32.0k); no observed outgoing links; depth 2.
280,100000008710843100,distributor,0.7001149169632266,Sends to 13 nodes (KZT 2.0m); receives from 2; outgoing p0.98.
281,100000006232815100,distributor,0.6997961150652432,Sends to 5 nodes (KZT 296.5k); receives from 1; outgoing p0.95.
282,100000008244300100,terminal,0.6993994661921707,Receives from 5 nodes (KZT 65.4k); no observed outgoing links; depth 1.
283,100000006564102100,terminal,0.6985097864768683,Receives from 1 nodes (KZT 233.2k); no observed outgoing links; depth 2.
284,100000004664905100,terminal,0.6976571767497035,Receives from 2 nodes (KZT 329.0k); no observed outgoing links; depth 1.
285,100000008536546100,terminal,0.6969009489916964,Receives from 2 nodes (KZT 250.0k); no observed outgoing links; depth 3.
286,100000002679516100,terminal,0.6966637010676158,Receives from 3 nodes (KZT 102.3k); no observed outgoing links; depth 1.
287,100000004226848100,terminal,0.6948843416370107,Receives from 1 nodes (KZT 301.9k); no observed outgoing links; depth 1.
288,100000001680944100,terminal,0.6948769276393831,Receives from 1 nodes (KZT 393.0k); no observed outgoing links; depth 3.
289,100000002632742100,terminal,0.6939279359430606,Receives from 2 nodes (KZT 235.5k); no observed outgoing links; depth 3.
290,100000002736316100,consolidator,0.6929159252669039,Receives from 3 nodes (KZT 266.9k); sends to 0; incoming p0.94.
291,100000001411870100,terminal,0.6927824733096086,Receives from 2 nodes (KZT 900.0k); no observed outgoing links; depth 1.
292,100000003923946100,distributor,0.6926490213523132,Sends to 4 nodes (KZT 675.0k); receives from 1; outgoing p0.93.
293,100000003880331100,distributor,0.6922190094899169,Sends to 16 nodes (KZT 3.9m); receives from 1; outgoing p0.98.
294,100000005614315100,terminal,0.6918001186239621,Receives from 1 nodes (KZT 455.0k); no observed outgoing links; depth 2.
295,100000004160650100,distributor,0.6916703736654806,Sends to 10 nodes (KZT 1.5m); receives from 2; outgoing p0.97.
296,100000008747113100,terminal,0.6910290628707,Receives from 2 nodes (KZT 197.8k); no observed outgoing links; depth 1.
297,100000002822472100,terminal,0.6908585409252669,Receives from 2 nodes (KZT 266.7k); no observed outgoing links; depth 3.
298,100000001674850100,terminal,0.6892052194543298,Receives from 2 nodes (KZT 237.0k); no observed outgoing links; depth 3.
299,100000005409156100,terminal,0.6891459074733096,Receives from 2 nodes (KZT 260.1k); no observed outgoing links; depth 3.
300,100000001924185100,terminal,0.6883081257413998,Receives from 2 nodes (KZT 151.0k); no observed outgoing links; depth 1.
301,100000001140785100,terminal,0.6865806642941875,Receives from 2 nodes (KZT 215.0k); no observed outgoing links; depth 3.
302,100000007647294100,terminal,0.6847642348754449,Receives from 1 nodes (KZT 385.0k); no observed outgoing links; depth 3.
303,100000002883402100,consolidator,0.6845529359430607,Receives from 3 nodes (KZT 300.0k); sends to 0; incoming p0.94.
304,100000003321423100,terminal,0.6842712040332148,Receives from 1 nodes (KZT 100.0k); no observed outgoing links; depth 2.
305,100000008086440100,distributor,0.6829440984578885,Sends to 5 nodes (KZT 161.3k); receives from 1; outgoing p0.95.
306,100000001382002100,transit,0.6829053434702901,Pass-through 1.03; 1 incoming and 1 outgoing links; depth 2.
307,100000004847758100,distributor,0.6825733985765126,Sends to 15 nodes (KZT 488.8k); receives from 4; outgoing p0.98.
308,100000005367445100,transit,0.6824807236061685,Pass-through 1.00; 1 incoming and 1 outgoing links; depth 3.
309,100000005664632100,terminal,0.6824214116251482,Receives from 1 nodes (KZT 198.6k); no observed outgoing links; depth 2.
310,100000002956898100,terminal,0.6819098457888494,Receives from 2 nodes (KZT 290.2k); no observed outgoing links; depth 2.
311,100000002878467100,terminal,0.6817282028469752,Receives from 2 nodes (KZT 200.0k); no observed outgoing links; depth 3.
312,100000007639767100,distributor,0.6807124851720048,Sends to 10 nodes (KZT 822.2k); receives from 4; outgoing p0.97.
313,100000003798151100,terminal,0.6792445136417556,Receives from 1 nodes (KZT 350.0k); no observed outgoing links; depth 2.
314,100000007131370100,transit,0.6790999406880189,Pass-through 1.00; 1 incoming and 1 outgoing links; depth 3.
315,100000008223756100,terminal,0.678002669039146,Receives from 2 nodes (KZT 331.7k); no observed outgoing links; depth 3.
316,100000008636603100,distributor,0.6778580960854093,Sends to 6 nodes (KZT 159.4k); receives from 2; outgoing p0.96.
317,100000002605548100,terminal,0.6777950771055753,Receives from 2 nodes (KZT 116.7k); no observed outgoing links; depth 1.
318,100000008314203100,peripheral,0.6775355871886122,"Limited observed structure: 2 incoming, 2 outgoing links; depth 0."
319,100000001689968100,consolidator,0.6772798042704626,Receives from 3 nodes (KZT 344.3k); sends to 0; incoming p0.94.
320,100000005287097100,distributor,0.6770870403321471,Sends to 9 nodes (KZT 697.3k); receives from 2; outgoing p0.97.
321,100000003977183100,distributor,0.676716340450771,Sends to 4 nodes (KZT 766.0k); receives from 2; outgoing p0.93.
322,100000001609499100,consolidator,0.6764642645314354,Receives from 3 nodes (KZT 263.1k); sends to 2; incoming p0.94.
323,100000002836736100,terminal,0.6759934756820878,Receives from 2 nodes (KZT 509.0k); no observed outgoing links; depth 1.
324,100000005667841100,terminal,0.6720937129300119,Receives from 2 nodes (KZT 186.0k); no observed outgoing links; depth 3.
325,100000002964966100,terminal,0.670392200474496,Receives from 1 nodes (KZT 200.0k); no observed outgoing links; depth 2.
326,100000000817146100,terminal,0.6699436536180309,Receives from 1 nodes (KZT 70.0k); no observed outgoing links; depth 1.
327,100000004587414100,terminal,0.6698991696322657,Receives from 2 nodes (KZT 533.6k); no observed outgoing links; depth 3.
328,100000005241556100,terminal,0.6697026986951365,Receives from 1 nodes (KZT 100.0k); no observed outgoing links; depth 3.
329,100000004150593100,distributor,0.6695989027283512,Sends to 11 nodes (KZT 871.2k); receives from 1; outgoing p0.98.
330,100000002815005100,terminal,0.6695581257413998,Receives from 1 nodes (KZT 476.5k); no observed outgoing links; depth 3.
331,100000001690558100,terminal,0.668905693950178,Receives from 1 nodes (KZT 740.0k); no observed outgoing links; depth 3.
332,100000004569484100,distributor,0.6682569691577698,Sends to 4 nodes (KZT 156.0k); receives from 2; outgoing p0.93.
333,100000004331458100,terminal,0.667652728351127,Receives from 2 nodes (KZT 250.0k); no observed outgoing links; depth 2.
334,100000006977207100,distributor,0.66738953143535,Sends to 15 nodes (KZT 4.2m); receives from 1; outgoing p0.98.
335,100000005873152100,transit,0.6669113285883749,Pass-through 1.00; 1 incoming and 1 outgoing links; depth 3.
336,100000004417753100,terminal,0.6668297746144721,Receives from 2 nodes (KZT 192.1k); no observed outgoing links; depth 3.
337,100000003221384100,terminal,0.6665035587188612,Receives from 1 nodes (KZT 511.2k); no observed outgoing links; depth 2.
338,100000008468762100,terminal,0.6653061981020166,Receives from 2 nodes (KZT 170.0k); no observed outgoing links; depth 3.
339,100000004159526100,peripheral,0.6634786476868327,"Limited observed structure: 4 incoming, 4 outgoing links; depth 1."
340,100000000733451100,peripheral,0.6628669928825623,"Limited observed structure: 1 incoming, 1 outgoing links; depth 3."
341,100000008650785100,peripheral,0.6614768683274022,"Limited observed structure: 2 incoming, 2 outgoing links; depth 0."
342,100000000413678100,distributor,0.6613841933570581,Sends to 3 nodes (KZT 528.2k); receives from 2; outgoing p0.91.
343,100000001567366100,terminal,0.6602980427046263,Receives from 1 nodes (KZT 824.1k); no observed outgoing links; depth 1.
344,100000000993112100,terminal,0.659730871886121,Receives from 1 nodes (KZT 141.0k); no observed outgoing links; depth 2.
345,100000000667713100,distributor,0.6594417259786477,Sends to 6 nodes (KZT 79.2k); receives from 2; outgoing p0.96.
346,100000004144536100,terminal,0.6573806346381968,Receives from 4 nodes (KZT 168.0k); no observed outgoing links; depth 1.
347,100000002799941100,terminal,0.6572323546856466,Receives from 1 nodes (KZT 600.0k); no observed outgoing links; depth 3.
348,100000003031633100,terminal,0.6567763938315541,Receives from 1 nodes (KZT 414.0k); no observed outgoing links; depth 3.
349,100000001052945100,distributor,0.6559349051008304,Sends to 3 nodes (KZT 1.6m); receives from 1; outgoing p0.91.
350,100000005844459100,terminal,0.654967378410439,Receives from 2 nodes (KZT 243.4k); no observed outgoing links; depth 1.
351,100000003014659100,terminal,0.653451215895611,Receives from 1 nodes (KZT 280.0k); no observed outgoing links; depth 1.
352,100000002973903100,terminal,0.6528321470937131,Receives from 3 nodes (KZT 92.9k); no observed outgoing links; depth 1.
353,100000006446271100,terminal,0.6512863285883749,Receives from 2 nodes (KZT 80.0k); no observed outgoing links; depth 1.
354,100000008232832100,peripheral,0.6508896797153025,"Limited observed structure: 1 incoming, 1 outgoing links; depth 1."
355,100000006638021100,peripheral,0.6508340747330962,"Limited observed structure: 2 incoming, 0 outgoing links; depth 4."
356,100000004386331100,transit,0.6500222419928825,Pass-through 0.88; 1 incoming and 2 outgoing links; depth 3.
357,100000002622822100,peripheral,0.6497330960854093,"Limited observed structure: 1 incoming, 0 outgoing links; depth 4."
358,100000003781406100,terminal,0.649180753262159,Receives from 1 nodes (KZT 45.0k); no observed outgoing links; depth 3.
359,100000008748408100,distributor,0.6489509193357058,Sends to 21 nodes (KZT 1.5m); receives from 1; outgoing p0.99.
360,100000008465789100,distributor,0.6487878113879003,Sends to 16 nodes (KZT 1.9m); receives from 1; outgoing p0.98.
361,100000003122817100,terminal,0.6483318505338078,Receives from 1 nodes (KZT 444.7k); no observed outgoing links; depth 3.
362,100000002710570100,terminal,0.6481687425860024,Receives from 1 nodes (KZT 225.0k); no observed outgoing links; depth 2.
363,100000008490127100,distributor,0.6480019276393831,Sends to 6 nodes (KZT 923.0k); receives from 1; outgoing p0.96.
364,100000004398811100,distributor,0.6476238137603796,Sends to 3 nodes (KZT 1.0m); receives from 1; outgoing p0.91.
365,100000002529880100,terminal,0.647075177935943,Receives from 2 nodes (KZT 147.0k); no observed outgoing links; depth 3.
366,100000001102676100,transit,0.6470492289442468,Pass-through 1.00; 1 incoming and 1 outgoing links; depth 2.
367,100000008531186100,terminal,0.6469120699881377,Receives from 1 nodes (KZT 125.0k); no observed outgoing links; depth 2.
368,100000008561016100,transit,0.646284763411098,Pass-through 1.03; 1 incoming and 1 outgoing links; depth 3.
369,100000002872399100,terminal,0.6462040332147094,Receives from 1 nodes (KZT 1.1m); no observed outgoing links; depth 3.
370,100000004674799100,terminal,0.6461817912218268,Receives from 1 nodes (KZT 140.0k); no observed outgoing links; depth 2.
371,100000005454368100,terminal,0.6456034994068803,Receives from 2 nodes (KZT 48.6k); no observed outgoing links; depth 0.
372,100000004677680100,peripheral,0.6450066725978648,"Limited observed structure: 2 incoming, 1 outgoing links; depth 1."
373,100000002704875100,terminal,0.6448991696322657,Receives from 3 nodes (KZT 244.9k); no observed outgoing links; depth 1.
374,100000000640800100,distributor,0.6444283807829182,Sends to 4 nodes (KZT 518.1k); receives from 1; outgoing p0.93.
375,100000002712416100,terminal,0.6441800118623964,Receives from 2 nodes (KZT 116.8k); no observed outgoing links; depth 3.
376,100000004209339100,peripheral,0.6439279359430605,"Limited observed structure: 1 incoming, 2 outgoing links; depth 2."
377,100000001601320100,transit,0.6431103509633085,Pass-through 1.06; 2 incoming and 1 outgoing links; depth 2.
378,100000008659950100,terminal,0.6425637603795967,Receives from 1 nodes (KZT 246.0k); no observed outgoing links; depth 3.
379,100000002621949100,terminal,0.6418297746144721,Receives from 1 nodes (KZT 164.6k); no observed outgoing links; depth 1.
380,100000004388353100,terminal,0.6417111506524318,Receives from 2 nodes (KZT 63.0k); no observed outgoing links; depth 1.
381,100000001162560100,distributor,0.6404322360616845,Sends to 12 nodes (KZT 2.9m); receives from 1; outgoing p0.98.
382,100000002126791100,peripheral,0.6394572953736655,"Limited observed structure: 1 incoming, 0 outgoing links; depth 4."
383,100000007864477100,distributor,0.6393683274021352,Sends to 6 nodes (KZT 203.5k); receives from 2; outgoing p0.96.
384,100000000041368100,terminal,0.6392200474495848,Receives from 1 nodes (KZT 160.0k); no observed outgoing links; depth 1.
385,100000003286537100,terminal,0.63883081257414,Receives from 2 nodes (KZT 153.0k); no observed outgoing links; depth 3.
386,100000007281639100,terminal,0.6383229537366549,Receives from 2 nodes (KZT 216.8k); no observed outgoing links; depth 1.
387,100000002596035100,terminal,0.638211743772242,Receives from 1 nodes (KZT 231.6k); no observed outgoing links; depth 1.
388,100000004420041100,distributor,0.6375333629893238,Sends to 7 nodes (KZT 651.8k); receives from 1; outgoing p0.96.
389,100000004408683100,terminal,0.6364916963226572,Receives from 2 nodes (KZT 112.9k); no observed outgoing links; depth 1.
390,100000002335358100,terminal,0.6363953143534994,Receives from 1 nodes (KZT 140.0k); no observed outgoing links; depth 2.
391,100000007617808100,terminal,0.635627965599051,Receives from 1 nodes (KZT 450.0k); no observed outgoing links; depth 2.
392,100000002697752100,terminal,0.6354908066429419,Receives from 2 nodes (KZT 190.8k); no observed outgoing links; depth 3.
393,100000003159641100,consolidator,0.6354314946619217,Receives from 4 nodes (KZT 64.0k); sends to 1; incoming p0.97.
394,100000000375150100,peripheral,0.6353647686832741,"Limited observed structure: 1 incoming, 0 outgoing links; depth 4."
395,100000005904580100,terminal,0.6345344009489917,Receives from 2 nodes (KZT 72.0k); no observed outgoing links; depth 2.
396,100000005882013100,peripheral,0.6344750889679717,"Limited observed structure: 2 incoming, 1 outgoing links; depth 2."
397,100000008188026100,distributor,0.6339820581257414,Sends to 4 nodes (KZT 338.0k); receives from 2; outgoing p0.93.
398,100000002241986100,distributor,0.6336706702253855,Sends to 6 nodes (KZT 3.1m); receives from 1; outgoing p0.96.
399,100000001141268100,peripheral,0.6336410142348755,"Limited observed structure: 2 incoming, 1 outgoing links; depth 3."
400,100000002681544100,terminal,0.633370403321471,Receives from 2 nodes (KZT 166.1k); no observed outgoing links; depth 3.
401,100000000569479100,terminal,0.6331850533807829,Receives from 1 nodes (KZT 320.0k); no observed outgoing links; depth 3.
402,100000008258083100,peripheral,0.6328514234875445,"Limited observed structure: 2 incoming, 2 outgoing links; depth 2."
403,100000000795129100,terminal,0.6324288256227759,Receives from 1 nodes (KZT 332.0k); no observed outgoing links; depth 2.
404,100000003920950100,terminal,0.6319913997627521,Receives from 1 nodes (KZT 323.3k); no observed outgoing links; depth 3.
405,100000004004621100,terminal,0.6319765717674972,Receives from 3 nodes (KZT 75.4k); no observed outgoing links; depth 1.
406,100000008676812100,terminal,0.631776393831554,Receives from 1 nodes (KZT 230.8k); no observed outgoing links; depth 3.
407,100000004390333100,distributor,0.6314538849347568,Sends to 9 nodes (KZT 506.5k); receives from 2; outgoing p0.97.
408,100000006852430100,terminal,0.6305827402135231,Receives from 1 nodes (KZT 37.0k); no observed outgoing links; depth 2.
409,100000003191430100,terminal,0.6299451364175563,Receives from 1 nodes (KZT 180.0k); no observed outgoing links; depth 2.
410,100000001875167100,terminal,0.6296003855278767,Receives from 1 nodes (KZT 1.0m); no observed outgoing links; depth 3.
411,100000005183943100,terminal,0.6290109727164888,Receives from 1 nodes (KZT 680.9k); no observed outgoing links; depth 1.
412,100000004399686100,terminal,0.6282325029655991,Receives from 1 nodes (KZT 806.0k); no observed outgoing links; depth 3.
413,100000002633108100,terminal,0.6265124555160143,Receives from 1 nodes (KZT 320.0k); no observed outgoing links; depth 3.
414,100000001733687100,terminal,0.6263345195729538,Receives from 1 nodes (KZT 300.0k); no observed outgoing links; depth 3.
415,100000002087788100,terminal,0.6262974495848161,Receives from 1 nodes (KZT 100.5k); no observed outgoing links; depth 2.
416,100000002941114100,peripheral,0.6259675266903916,"Limited observed structure: 2 incoming, 1 outgoing links; depth 1."
417,100000005339662100,peripheral,0.6256561387900356,"Limited observed structure: 4 incoming, 4 outgoing links; depth 1."
418,100000004479404100,peripheral,0.6254114768683275,"Limited observed structure: 2 incoming, 1 outgoing links; depth 2."
419,100000005857058100,terminal,0.6249555160142348,Receives from 3 nodes (KZT 80.2k); no observed outgoing links; depth 3.
420,100000003164661100,terminal,0.6246070581257415,Receives from 1 nodes (KZT 596.2k); no observed outgoing links; depth 3.
421,100000002193259100,peripheral,0.624366103202847,"Limited observed structure: 2 incoming, 3 outgoing links; depth 2."
422,100000000288317100,distributor,0.6241140272835113,Sends to 3 nodes (KZT 53.5k); receives from 2; outgoing p0.91.
423,100000002884708100,peripheral,0.6240213523131674,"Limited observed structure: 1 incoming, 0 outgoing links; depth 4."
424,100000002720627100,terminal,0.6232651245551601,Receives from 1 nodes (KZT 199.3k); no observed outgoing links; depth 1.
425,100000000976943100,transit,0.6227461447212337,Pass-through 1.20; 1 incoming and 1 outgoing links; depth 3.
426,100000008722417100,distributor,0.6225496737841044,Sends to 3 nodes (KZT 720.0k); receives from 1; outgoing p0.91.
427,100000002513028100,distributor,0.6223643238434163,Sends to 3 nodes (KZT 332.7k); receives from 1; outgoing p0.91.
428,100000008714412100,terminal,0.6220195729537367,Receives from 1 nodes (KZT 169.0k); no observed outgoing links; depth 3.
429,100000003205210100,terminal,0.6218119810201661,Receives from 1 nodes (KZT 137.6k); no observed outgoing links; depth 1.
430,100000007242833100,peripheral,0.6216303380782919,"Limited observed structure: 1 incoming, 1 outgoing links; depth 2."
431,100000000596954100,peripheral,0.6216303380782918,"Limited observed structure: 1 incoming, 2 outgoing links; depth 2."
432,100000002539625100,terminal,0.6215969750889679,Receives from 1 nodes (KZT 94.7k); no observed outgoing links; depth 2.
433,100000004959752100,terminal,0.6213930901542112,Receives from 1 nodes (KZT 22.2k); no observed outgoing links; depth 3.
434,100000004544958100,peripheral,0.6207517793594306,"Limited observed structure: 1 incoming, 2 outgoing links; depth 2."
435,100000005031696100,peripheral,0.6206961743772242,"Limited observed structure: 1 incoming, 2 outgoing links; depth 2."
436,100000002864256100,terminal,0.62054418742586,Receives from 1 nodes (KZT 135.8k); no observed outgoing links; depth 1.
437,100000003060517100,terminal,0.6204478054567022,Receives from 1 nodes (KZT 316.0k); no observed outgoing links; depth 3.
438,100000004424023100,peripheral,0.6202958185053381,"Limited observed structure: 1 incoming, 1 outgoing links; depth 2."
439,100000002570206100,terminal,0.6186387900355872,Receives from 2 nodes (KZT 167.0k); no observed outgoing links; depth 2.
440,100000001471706100,peripheral,0.6180160142348755,"Limited observed structure: 1 incoming, 0 outgoing links; depth 4."
441,100000000941942100,terminal,0.6168705516014236,Receives from 1 nodes (KZT 130.0k); no observed outgoing links; depth 1.
442,100000006641671100,transit,0.6168472986088643,Pass-through 1.14; 2 incoming and 1 outgoing links; depth 3.
443,100000001686328100,terminal,0.6166444246737841,Receives from 1 nodes (KZT 140.0k); no observed outgoing links; depth 3.
444,100000002760175100,terminal,0.6165258007117438,Receives from 1 nodes (KZT 187.4k); no observed outgoing links; depth 1.
445,100000000821507100,terminal,0.6163849347568209,Receives from 1 nodes (KZT 400.0k); no observed outgoing links; depth 2.
446,100000007170072100,transit,0.6148465302491103,Pass-through 0.99; 1 incoming and 2 outgoing links; depth 3.
447,100000001660397100,transit,0.6142011310770373,Pass-through 1.01; 2 incoming and 3 outgoing links; depth 1.
448,100000006562026100,terminal,0.614094009489917,Receives from 2 nodes (KZT 75.0k); no observed outgoing links; depth 1.
449,100000001066017100,distributor,0.6140087485172006,Sends to 4 nodes (KZT 82.5k); receives from 2; outgoing p0.93.
450,100000008333492100,peripheral,0.6139679715302491,"Limited observed structure: 1 incoming, 0 outgoing links; depth 4."
451,100000006111439100,transit,0.6139515107975486,Pass-through 1.17; 3 incoming and 4 outgoing links; depth 3.
452,100000003022835100,terminal,0.6136491696322658,Receives from 1 nodes (KZT 125.0k); no observed outgoing links; depth 1.
453,100000006240939100,distributor,0.6134008007117437,Sends to 5 nodes (KZT 778.0k); receives from 1; outgoing p0.95.
454,100000008097580100,terminal,0.6133526097271649,Receives from 2 nodes (KZT 32.0k); no observed outgoing links; depth 3.
455,100000002472632100,peripheral,0.613289590747331,"Limited observed structure: 2 incoming, 1 outgoing links; depth 3."
456,100000002826669100,terminal,0.6132376927639384,Receives from 1 nodes (KZT 159.9k); no observed outgoing links; depth 2.
457,100000002691583100,terminal,0.6128484578884935,Receives from 1 nodes (KZT 285.2k); no observed outgoing links; depth 3.
458,100000004997515100,peripheral,0.6125889679715303,"Limited observed structure: 4 incoming, 4 outgoing links; depth 3."
459,100000008624978100,terminal,0.6124518090154212,Receives from 1 nodes (KZT 109.0k); no observed outgoing links; depth 2.
460,100000005799271100,terminal,0.6115028173190985,Receives from 1 nodes (KZT 45.0k); no observed outgoing links; depth 2.
461,100000004386258100,peripheral,0.6112989323843416,"Limited observed structure: 3 incoming, 3 outgoing links; depth 2."
462,100000004006327100,peripheral,0.6107651245551602,"Limited observed structure: 1 incoming, 0 outgoing links; depth 4."
463,100000002705460100,terminal,0.609916221826809,Receives from 1 nodes (KZT 95.0k); no observed outgoing links; depth 3.
464,100000002947299100,terminal,0.6094417259786477,Receives from 1 nodes (KZT 85.0k); no observed outgoing links; depth 2.
465,100000004325327100,transit,0.6091164967560199,Pass-through 0.99; 2 incoming and 1 outgoing links; depth 1.
466,100000002613929100,terminal,0.6084223013048636,Receives from 1 nodes (KZT 28.6k); no observed outgoing links; depth 3.
467,100000005133757100,terminal,0.6084223013048636,Receives from 2 nodes (KZT 65.0k); no observed outgoing links; depth 1.
468,100000003050771100,terminal,0.6081109134045077,Receives from 1 nodes (KZT 229.0k); no observed outgoing links; depth 3.
469,100000007507343100,terminal,0.6079848754448399,Receives from 1 nodes (KZT 370.0k); no observed outgoing links; depth 1.
470,100000005314565100,terminal,0.6079181494661923,Receives from 1 nodes (KZT 218.5k); no observed outgoing links; depth 3.
471,100000001724740100,peripheral,0.6078736654804271,"Limited observed structure: 1 incoming, 0 outgoing links; depth 4."
472,100000003003821100,terminal,0.6078662514827996,Receives from 1 nodes (KZT 40.0k); no observed outgoing links; depth 2.
473,100000001083990100,terminal,0.6075622775800712,Receives from 1 nodes (KZT 49.9k); no observed outgoing links; depth 2.
474,100000005539910100,peripheral,0.6070173487544483,"Limited observed structure: 1 incoming, 2 outgoing links; depth 2."
475,100000001929088100,terminal,0.6066503558718862,Receives from 2 nodes (KZT 396.0k); no observed outgoing links; depth 1.
476,100000003795588100,terminal,0.6058199881376038,Receives from 1 nodes (KZT 400.0k); no observed outgoing links; depth 3.
477,100000005849100100,terminal,0.6055716192170819,Receives from 1 nodes (KZT 33.3k); no observed outgoing links; depth 2.
478,100000008742053100,distributor,0.6055493772241994,Sends to 12 nodes (KZT 2.8m); receives from 1; outgoing p0.98.
479,100000004330371100,peripheral,0.6052935943060498,"Limited observed structure: 2 incoming, 2 outgoing links; depth 1."
480,100000002943472100,terminal,0.6052602313167259,Receives from 1 nodes (KZT 170.0k); no observed outgoing links; depth 3.
481,100000008121806100,distributor,0.6049414294187426,Sends to 4 nodes (KZT 248.5k); receives from 1; outgoing p0.93.
482,100000002432143100,terminal,0.6043890865954923,Receives from 1 nodes (KZT 81.3k); no observed outgoing links; depth 2.
483,100000002156381100,peripheral,0.6040814056939502,"Limited observed structure: 2 incoming, 1 outgoing links; depth 2."
484,100000006209210100,terminal,0.603899762752076,Receives from 1 nodes (KZT 229.1k); no observed outgoing links; depth 3.
485,100000002306369100,distributor,0.6030731020166072,Sends to 6 nodes (KZT 260.9k); receives from 1; outgoing p0.96.
486,100000002593038100,terminal,0.6027209371293001,Receives from 1 nodes (KZT 28.5k); no observed outgoing links; depth 2.
487,100000002779485100,terminal,0.6026319691577698,Receives from 1 nodes (KZT 91.0k); no observed outgoing links; depth 2.
488,100000001534244100,peripheral,0.6021129893238435,"Limited observed structure: 2 incoming, 1 outgoing links; depth 3."
489,100000000031787100,transit,0.6010602016607355,Pass-through 1.00; 1 incoming and 2 outgoing links; depth 2.
490,100000005584222100,peripheral,0.6004893238434164,"Limited observed structure: 2 incoming, 2 outgoing links; depth 1."
491,100000002921047100,peripheral,0.6000111209964413,"Limited observed structure: 2 incoming, 1 outgoing links; depth 1."
492,100000001788284100,distributor,0.5998183570581257,Sends to 5 nodes (KZT 296.7k); receives from 1; outgoing p0.95.
493,100000007390016100,peripheral,0.5996997330960855,"Limited observed structure: 1 incoming, 1 outgoing links; depth 3."
494,100000008582730100,transit,0.5996404211150653,Pass-through 1.00; 1 incoming and 1 outgoing links; depth 3.
495,100000008379273100,transit,0.5994719586134176,Pass-through 1.06; 2 incoming and 4 outgoing links; depth 3.
496,100000000838385100,peripheral,0.5992660142348755,"Limited observed structure: 1 incoming, 2 outgoing links; depth 3."
497,100000002670860100,terminal,0.5992326512455516,Receives from 2 nodes (KZT 450.0k); no observed outgoing links; depth 1.
498,100000005660203100,peripheral,0.5991770462633452,"Limited observed structure: 1 incoming, 2 outgoing links; depth 2."
499,100000004889043100,terminal,0.5987025504151839,Receives from 2 nodes (KZT 272.0k); no observed outgoing links; depth 3.
500,100000001445848100,peripheral,0.5986321174377224,"Limited observed structure: 1 incoming, 1 outgoing links; depth 3."
501,100000005168487100,peripheral,0.5985876334519573,"Limited observed structure: 1 incoming, 1 outgoing links; depth 2."
502,100000005357705100,distributor,0.5985728054567023,Sends to 4 nodes (KZT 387.1k); receives from 1; outgoing p0.93.
503,100000002575080100,transit,0.5984835523314171,Pass-through 0.96; 1 incoming and 1 outgoing links; depth 3.
504,100000005140601100,peripheral,0.5979648576512456,"Limited observed structure: 3 incoming, 2 outgoing links; depth 2."
505,100000007793871100,terminal,0.597864768683274,Receives from 1 nodes (KZT 26.0k); no observed outgoing links; depth 3.
506,100000008571243100,terminal,0.5976571767497035,Receives from 1 nodes (KZT 134.0k); no observed outgoing links; depth 3.
507,100000008746449100,distributor,0.5974236358244366,Sends to 10 nodes (KZT 1.0m); receives from 1; outgoing p0.97.
508,100000000297649100,peripheral,0.5960075622775801,"Limited observed structure: 1 incoming, 1 outgoing links; depth 2."
509,100000000769919100,terminal,0.5959297153024911,Receives from 1 nodes (KZT 250.0k); no observed outgoing links; depth 2.
510,100000004591973100,peripheral,0.5956628113879004,"Limited observed structure: 1 incoming, 1 outgoing links; depth 3."
511,100000005061890100,terminal,0.595622034400949,Receives from 1 nodes (KZT 90.0k); no observed outgoing links; depth 3.
512,100000003809101100,peripheral,0.5954515124555161,"Limited observed structure: 2 incoming, 2 outgoing links; depth 1."
513,100000007898453100,peripheral,0.5952958185053381,"Limited observed structure: 1 incoming, 2 outgoing links; depth 2."
514,100000003557488100,peripheral,0.5947731316725978,"Limited observed structure: 1 incoming, 2 outgoing links; depth 3."
515,100000001246806100,peripheral,0.5945284697508897,"Limited observed structure: 1 incoming, 0 outgoing links; depth 4."
516,100000004200745100,peripheral,0.5945284697508897,"Limited observed structure: 1 incoming, 0 outgoing links; depth 4."
517,100000004188160100,distributor,0.5944061387900356,Sends to 5 nodes (KZT 133.8k); receives from 2; outgoing p0.95.
518,100000000933075100,peripheral,0.5942838078291814,"Limited observed structure: 1 incoming, 2 outgoing links; depth 3."
519,100000007334196100,terminal,0.5942541518386715,Receives from 1 nodes (KZT 150.0k); no observed outgoing links; depth 1.
520,100000002911170100,terminal,0.5936832740213523,Receives from 1 nodes (KZT 300.0k); no observed outgoing links; depth 2.
521,100000001184915100,terminal,0.5935498220640569,Receives from 1 nodes (KZT 201.0k); no observed outgoing links; depth 2.
522,100000002958139100,terminal,0.5932903321470937,Receives from 1 nodes (KZT 209.5k); no observed outgoing links; depth 3.
523,100000001484381100,terminal,0.5929048042704627,Receives from 2 nodes (KZT 95.6k); no observed outgoing links; depth 3.
524,100000000998559100,terminal,0.5923784104389087,Receives from 1 nodes (KZT 100.0k); no observed outgoing links; depth 1.
525,100000006844768100,peripheral,0.592326512455516,"Limited observed structure: 1 incoming, 2 outgoing links; depth 2."
526,100000002696152100,peripheral,0.5920151245551601,"Limited observed structure: 1 incoming, 2 outgoing links; depth 3."
527,100000003131016100,peripheral,0.591336743772242,"Limited observed structure: 1 incoming, 1 outgoing links; depth 2."
528,100000002773323100,peripheral,0.5912477758007119,"Limited observed structure: 2 incoming, 1 outgoing links; depth 3."
529,100000004134060100,terminal,0.5910142348754448,Receives from 1 nodes (KZT 88.2k); no observed outgoing links; depth 2.
530,100000003089553100,terminal,0.5909252669039147,Receives from 1 nodes (KZT 150.0k); no observed outgoing links; depth 3.
531,100000008279405100,terminal,0.5900800711743772,Receives from 1 nodes (KZT 234.7k); no observed outgoing links; depth 3.
532,100000002794374100,peripheral,0.5897686832740214,"Limited observed structure: 1 incoming, 0 outgoing links; depth 4."
533,100000000533217100,terminal,0.5879300118623962,Receives from 1 nodes (KZT 53.6k); no observed outgoing links; depth 2.
534,100000004441291100,terminal,0.5878781138790037,Receives from 1 nodes (KZT 20.0k); no observed outgoing links; depth 2.
535,100000002870463100,peripheral,0.5878113879003559,"Limited observed structure: 3 incoming, 1 outgoing links; depth 2."
536,100000002605184100,terminal,0.5874629300118624,Receives from 1 nodes (KZT 140.0k); no observed outgoing links; depth 2.
537,100000002121357100,peripheral,0.587299822064057,"Limited observed structure: 2 incoming, 1 outgoing links; depth 3."
538,100000008352542100,terminal,0.5869142941874259,Receives from 1 nodes (KZT 50.2k); no observed outgoing links; depth 2.
539,100000007322059100,peripheral,0.5865991992882563,"Limited observed structure: 2 incoming, 1 outgoing links; depth 2."
540,100000006664478100,transit,0.5864242963442252,Pass-through 1.09; 1 incoming and 2 outgoing links; depth 3.
541,100000004744306100,peripheral,0.5859541814946619,"Limited observed structure: 1 incoming, 2 outgoing links; depth 1."
542,100000008625905100,peripheral,0.5857428825622776,"Limited observed structure: 1 incoming, 2 outgoing links; depth 3."
543,100000004480280100,peripheral,0.5857095195729537,"Limited observed structure: 1 incoming, 2 outgoing links; depth 1."
544,100000004892144100,peripheral,0.5855760676156584,"Limited observed structure: 2 incoming, 1 outgoing links; depth 3."
545,100000003917461100,peripheral,0.5855649466192171,"Limited observed structure: 1 incoming, 2 outgoing links; depth 3."
546,100000007745062100,peripheral,0.5853647686832741,"Limited observed structure: 1 incoming, 0 outgoing links; depth 4."
547,100000005974542100,terminal,0.5852201957295374,Receives from 1 nodes (KZT 94.5k); no observed outgoing links; depth 3.
548,100000003899899100,peripheral,0.5851757117437723,"Limited observed structure: 2 incoming, 1 outgoing links; depth 3."
549,100000006122699100,terminal,0.5850459667852907,Receives from 2 nodes (KZT 45.9k); no observed outgoing links; depth 2.
550,100000005942793100,terminal,0.5850385527876631,Receives from 4 nodes (KZT 55.0k); no observed outgoing links; depth 2.
551,100000003968044100,distributor,0.5846419039145908,Sends to 3 nodes (KZT 311.0k); receives from 1; outgoing p0.91.
552,100000008417029100,terminal,0.5846048339264532,Receives from 1 nodes (KZT 100.0k); no observed outgoing links; depth 3.
553,100000005628518100,terminal,0.5842489620403322,Receives from 1 nodes (KZT 77.0k); no observed outgoing links; depth 3.
554,100000001169666100,peripheral,0.583818950177936,"Limited observed structure: 1 incoming, 1 outgoing links; depth 3."
555,100000002212494100,terminal,0.583414887307236,Receives from 1 nodes (KZT 160.0k); no observed outgoing links; depth 3.
556,100000005767403100,peripheral,0.5828736654804271,"Limited observed structure: 1 incoming, 0 outgoing links; depth 4."
557,100000003042994100,terminal,0.5828365954922894,Receives from 1 nodes (KZT 286.1k); no observed outgoing links; depth 1.
558,100000005182219100,terminal,0.5825993475682087,Receives from 2 nodes (KZT 55.0k); no observed outgoing links; depth 3.
559,100000002692750100,peripheral,0.582473309608541,"Limited observed structure: 3 incoming, 1 outgoing links; depth 2."
560,100000001236706100,peripheral,0.5823732206405694,"Limited observed structure: 3 incoming, 2 outgoing links; depth 3."
561,100000003071649100,terminal,0.5823250296559905,Receives from 1 nodes (KZT 189.5k); no observed outgoing links; depth 3.
562,100000008501413100,transit,0.5821545077105575,Pass-through 1.02; 1 incoming and 1 outgoing links; depth 3.
563,100000008183752100,peripheral,0.58211743772242,"Limited observed structure: 1 incoming, 0 outgoing links; depth 4."
564,100000004180097100,peripheral,0.5819839857651246,"Limited observed structure: 3 incoming, 3 outgoing links; depth 1."
565,100000008077552100,terminal,0.5819543297746146,Receives from 1 nodes (KZT 214.0k); no observed outgoing links; depth 3.
566,100000004559194100,terminal,0.5816503558718862,Receives from 1 nodes (KZT 282.1k); no observed outgoing links; depth 1.
567,100000000555721100,terminal,0.5808051601423488,Receives from 2 nodes (KZT 113.0k); no observed outgoing links; depth 1.
568,100000003292979100,terminal,0.5807161921708185,Receives from 1 nodes (KZT 49.0k); no observed outgoing links; depth 2.
569,100000000076451100,peripheral,0.5803158362989324,"Limited observed structure: 3 incoming, 4 outgoing links; depth 2."
570,100000008038077100,terminal,0.5802491103202847,Receives from 1 nodes (KZT 499.9k); no observed outgoing links; depth 3.
571,100000005386383100,peripheral,0.5796485765124556,"Limited observed structure: 2 incoming, 1 outgoing links; depth 0."
572,100000002753146100,terminal,0.5795077105575326,Receives from 1 nodes (KZT 803.5k); no observed outgoing links; depth 3.
573,100000000913911100,peripheral,0.5793927935943061,"Limited observed structure: 2 incoming, 1 outgoing links; depth 2."
574,100000005413948100,peripheral,0.5790814056939502,"Limited observed structure: 2 incoming, 1 outgoing links; depth 2."
575,100000003116106100,terminal,0.5790480427046263,Receives from 1 nodes (KZT 494.1k); no observed outgoing links; depth 3.
576,100000002722108100,terminal,0.5790332147093713,Receives from 1 nodes (KZT 800.0k); no observed outgoing links; depth 3.
577,100000002748761100,terminal,0.5786847568208778,Receives from 1 nodes (KZT 796.8k); no observed outgoing links; depth 3.
578,100000002255058100,terminal,0.5785438908659549,Receives from 1 nodes (KZT 491.5k); no observed outgoing links; depth 3.
579,100000005075949100,peripheral,0.5781138790035587,"Limited observed structure: 1 incoming, 0 outgoing links; depth 4."
580,100000007629121100,terminal,0.5779507710557533,Receives from 1 nodes (KZT 29.0k); no observed outgoing links; depth 2.
581,100000004407753100,peripheral,0.577057384341637,"Limited observed structure: 1 incoming, 1 outgoing links; depth 3."
582,100000003128638100,peripheral,0.5768460854092528,"Limited observed structure: 1 incoming, 0 outgoing links; depth 4."
583,100000004993576100,terminal,0.5766236654804271,Receives from 1 nodes (KZT 167.0k); no observed outgoing links; depth 2.
584,100000008169544100,distributor,0.5765384045077105,Sends to 4 nodes (KZT 42.8k); receives from 1; outgoing p0.93.
585,100000008730238100,peripheral,0.5762455516014235,"Limited observed structure: 1 incoming, 0 outgoing links; depth 4."
586,100000001822623100,terminal,0.5762158956109135,Receives from 1 nodes (KZT 201.3k); no observed outgoing links; depth 2.
587,100000002713074100,peripheral,0.5756783807829182,"Limited observed structure: 2 incoming, 1 outgoing links; depth 3."
588,100000000646541100,terminal,0.5755634638196916,Receives from 3 nodes (KZT 25.3k); no observed outgoing links; depth 2.
589,100000002769809100,terminal,0.5755041518386714,Receives from 1 nodes (KZT 113.4k); no observed outgoing links; depth 3.
590,100000000917179100,terminal,0.5751334519572954,Receives from 1 nodes (KZT 94.5k); no observed outgoing links; depth 2.
591,100000002531406100,transit,0.5751072178118442,Pass-through 0.96; 1 incoming and 1 outgoing links; depth 3.
592,100000002257794100,terminal,0.5749666370106762,Receives from 1 nodes (KZT 154.0k); no observed outgoing links; depth 3.
593,100000003824464100,terminal,0.5748517200474497,Receives from 1 nodes (KZT 200.0k); no observed outgoing links; depth 2.
594,100000008238989100,terminal,0.5748517200474497,Receives from 1 nodes (KZT 200.0k); no observed outgoing links; depth 2.
595,100000004906181100,distributor,0.5746700771055753,Sends to 7 nodes (KZT 2.5m); receives from 1; outgoing p0.96.
596,100000004806903100,terminal,0.5739954033214709,Receives from 1 nodes (KZT 18.0k); no observed outgoing links; depth 2.
597,100000000291908100,peripheral,0.573810053380783,"Limited observed structure: 1 incoming, 1 outgoing links; depth 3."
598,100000002671326100,peripheral,0.572664590747331,"Limited observed structure: 1 incoming, 0 outgoing links; depth 4."
599,100000003278020100,terminal,0.5722531138790036,Receives from 1 nodes (KZT 190.0k); no observed outgoing links; depth 2.
600,100000004670388100,peripheral,0.5721975088967971,"Limited observed structure: 1 incoming, 2 outgoing links; depth 3."
601,100000008406609100,terminal,0.5720974199288256,Receives from 1 nodes (KZT 34.0k); no observed outgoing links; depth 2.
602,100000002691858100,terminal,0.571689650059312,Receives from 1 nodes (KZT 51.5k); no observed outgoing links; depth 2.
603,100000002457464100,terminal,0.5713152431791222,Receives from 1 nodes (KZT 66.6k); no observed outgoing links; depth 2.
604,100000004418967100,peripheral,0.571040925266904,"Limited observed structure: 1 incoming, 0 outgoing links; depth 4."
605,100000004451012100,distributor,0.570992734282325,Sends to 3 nodes (KZT 65.7k); receives from 1; outgoing p0.91.
606,100000008532050100,terminal,0.5709297153024911,Receives from 1 nodes (KZT 455.2k); no observed outgoing links; depth 3.
607,100000002521039100,terminal,0.5704997034400949,Receives from 1 nodes (KZT 349.4k); no observed outgoing links; depth 3.
608,100000002975437100,peripheral,0.5699399466192171,"Limited observed structure: 1 incoming, 1 outgoing links; depth 3."
609,100000008174521100,terminal,0.5691800118623962,Receives from 1 nodes (KZT 82.1k); no observed outgoing links; depth 2.
610,100000002469065100,terminal,0.5691244068801897,Receives from 1 nodes (KZT 200.0k); no observed outgoing links; depth 2.
611,100000004671609100,terminal,0.5682569691577699,Receives from 1 nodes (KZT 100.0k); no observed outgoing links; depth 3.
612,100000003741418100,peripheral,0.5680827402135231,"Limited observed structure: 9 incoming, 3 outgoing links; depth 2."
613,100000001362940100,terminal,0.5679604092526691,Receives from 1 nodes (KZT 81.0k); no observed outgoing links; depth 1.
614,100000001641789100,terminal,0.5679418742586002,Receives from 1 nodes (KZT 17.8k); no observed outgoing links; depth 1.
615,100000001819396100,terminal,0.5678899762752077,Receives from 1 nodes (KZT 166.1k); no observed outgoing links; depth 3.
616,100000002663511100,terminal,0.5678751482799526,Receives from 1 nodes (KZT 268.9k); no observed outgoing links; depth 3.
617,100000003718715100,peripheral,0.5676379003558719,"Limited observed structure: 1 incoming, 0 outgoing links; depth 4."
618,100000003528285100,peripheral,0.5671708185053381,"Limited observed structure: 4 incoming, 4 outgoing links; depth 3."
619,100000001073568100,peripheral,0.5671485765124555,"Limited observed structure: 1 incoming, 2 outgoing links; depth 3."
620,100000002152857100,distributor,0.5669817615658364,Sends to 5 nodes (KZT 1.2m); receives from 1; outgoing p0.95.
621,100000004077081100,distributor,0.5668334816132858,Sends to 4 nodes (KZT 615.0k); receives from 1; outgoing p0.93.
622,100000006530134100,terminal,0.566770462633452,Receives from 2 nodes (KZT 144.7k); no observed outgoing links; depth 3.
623,100000002308091100,terminal,0.5660216488730724,Receives from 1 nodes (KZT 186.7k); no observed outgoing links; depth 3.
624,100000002956779100,terminal,0.5655731020166074,Receives from 1 nodes (KZT 411.0k); no observed outgoing links; depth 3.
625,100000004790991100,terminal,0.5655693950177936,Receives from 1 nodes (KZT 239.4k); no observed outgoing links; depth 1.
626,100000006534886100,peripheral,0.5651801601423487,"Limited observed structure: 1 incoming, 1 outgoing links; depth 2."
627,100000004186824100,peripheral,0.56423487544484,"Limited observed structure: 2 incoming, 1 outgoing links; depth 1."
628,100000003125997100,peripheral,0.5639679715302491,"Limited observed structure: 1 incoming, 0 outgoing links; depth 4."
629,100000003057225100,terminal,0.563782621589561,Receives from 1 nodes (KZT 236.0k); no observed outgoing links; depth 1.
630,100000003192220100,terminal,0.5637603795966786,Receives from 1 nodes (KZT 60.0k); no observed outgoing links; depth 2.
631,100000002757240100,terminal,0.563567615658363,Receives from 1 nodes (KZT 51.2k); no observed outgoing links; depth 2.
632,100000004217419100,peripheral,0.5635564946619217,"Limited observed structure: 2 incoming, 1 outgoing links; depth 3."
633,100000003603979100,terminal,0.5635120106761566,Receives from 1 nodes (KZT 165.0k); no observed outgoing links; depth 2.
634,100000000594783100,peripheral,0.5634341637010676,"Limited observed structure: 1 incoming, 2 outgoing links; depth 3."
635,100000003016438100,peripheral,0.5631338967971531,"Limited observed structure: 1 incoming, 1 outgoing links; depth 3."
636,100000004500444100,peripheral,0.5631227758007118,"Limited observed structure: 2 incoming, 1 outgoing links; depth 3."
637,100000002686226100,peripheral,0.5629448398576513,"Limited observed structure: 1 incoming, 0 outgoing links; depth 4."
638,100000004193835100,peripheral,0.5628892348754448,"Limited observed structure: 1 incoming, 1 outgoing links; depth 0."
639,100000001737722100,terminal,0.5628484578884934,Receives from 1 nodes (KZT 60.5k); no observed outgoing links; depth 2.
640,100000003035737100,peripheral,0.5628447508896798,"Limited observed structure: 2 incoming, 1 outgoing links; depth 3."
641,100000001222245100,peripheral,0.5623665480427047,"Limited observed structure: 1 incoming, 0 outgoing links; depth 4."
642,100000008336318100,peripheral,0.5623331850533808,"Limited observed structure: 1 incoming, 0 outgoing links; depth 4."
643,100000000607941100,peripheral,0.5622664590747332,"Limited observed structure: 2 incoming, 1 outgoing links; depth 2."
644,100000001241318100,terminal,0.5621700771055753,Receives from 1 nodes (KZT 53.0k); no observed outgoing links; depth 2.
645,100000001541418100,terminal,0.5619365361803085,Receives from 2 nodes (KZT 96.9k); no observed outgoing links; depth 2.
646,100000004601193100,peripheral,0.5616992882562277,"Limited observed structure: 1 incoming, 0 outgoing links; depth 4."
647,100000002132479100,peripheral,0.5615769572953737,"Limited observed structure: 1 incoming, 1 outgoing links; depth 2."
648,100000008205937100,terminal,0.5608726275207592,Receives from 1 nodes (KZT 35.0k); no observed outgoing links; depth 2.
649,100000001275752100,terminal,0.5606242586002372,Receives from 1 nodes (KZT 151.5k); no observed outgoing links; depth 3.
650,100000007472293100,distributor,0.5605612396204034,Sends to 3 nodes (KZT 345.9k); receives from 1; outgoing p0.91.
651,100000008671929100,terminal,0.5605204626334519,Receives from 1 nodes (KZT 75.0k); no observed outgoing links; depth 1.
652,100000008571443100,terminal,0.5600682087781732,Receives from 2 nodes (KZT 65.0k); no observed outgoing links; depth 2.
653,100000006532229100,terminal,0.5588300711743772,Receives from 1 nodes (KZT 105.0k); no observed outgoing links; depth 3.
654,100000007330432100,peripheral,0.5584964412811388,"Limited observed structure: 1 incoming, 0 outgoing links; depth 4."
655,100000002659265100,peripheral,0.5584185943060499,"Limited observed structure: 1 incoming, 0 outgoing links; depth 4."
656,100000003292191100,terminal,0.5583889383155398,Receives from 1 nodes (KZT 112.0k); no observed outgoing links; depth 3.
657,100000004586598100,peripheral,0.558185053380783,"Limited observed structure: 1 incoming, 0 outgoing links; depth 4."
658,100000000552584100,peripheral,0.5578180604982206,"Limited observed structure: 1 incoming, 1 outgoing links; depth 3."
659,100000001065234100,peripheral,0.5575622775800713,"Limited observed structure: 1 incoming, 0 outgoing links; depth 4."
660,100000003470579100,peripheral,0.5573398576512456,"Limited observed structure: 1 incoming, 0 outgoing links; depth 4."
661,100000008497298100,terminal,0.5568764827995255,Receives from 1 nodes (KZT 600.0k); no observed outgoing links; depth 2.
662,100000001600934100,peripheral,0.5566392348754449,"Limited observed structure: 1 incoming, 1 outgoing links; depth 3."
663,100000008740295100,peripheral,0.5566058718861211,"Limited observed structure: 1 incoming, 0 outgoing links; depth 4."
664,100000000806727100,peripheral,0.5565057829181494,"Limited observed structure: 1 incoming, 1 outgoing links; depth 2."
665,100000001985793100,terminal,0.5562240510083037,Receives from 1 nodes (KZT 420.0k); no observed outgoing links; depth 2.
666,100000008571433100,peripheral,0.5555160142348755,"Limited observed structure: 2 incoming, 2 outgoing links; depth 0."
667,100000005264990100,peripheral,0.555460409252669,"Limited observed structure: 1 incoming, 2 outgoing links; depth 0."
668,100000001009583100,terminal,0.5552935943060499,Receives from 1 nodes (KZT 393.7k); no observed outgoing links; depth 3.
669,100000005815602100,peripheral,0.555260231316726,"Limited observed structure: 1 incoming, 1 outgoing links; depth 3."
670,100000006567935100,terminal,0.5552231613285885,Receives from 1 nodes (KZT 200.0k); no observed outgoing links; depth 2.
671,100000003220685100,peripheral,0.5550266903914591,"Limited observed structure: 1 incoming, 0 outgoing links; depth 4."
672,100000001386612100,terminal,0.5548932384341637,Receives from 1 nodes (KZT 62.3k); no observed outgoing links; depth 2.
673,100000001131403100,peripheral,0.5544483985765125,"Limited observed structure: 1 incoming, 0 outgoing links; depth 4."
674,100000002666248100,terminal,0.5543446026097272,Receives from 1 nodes (KZT 70.0k); no observed outgoing links; depth 1.
675,100000001415126100,terminal,0.553125,Receives from 1 nodes (KZT 27.0k); no observed outgoing links; depth 0.
676,100000005897462100,terminal,0.5529952550415185,Receives from 1 nodes (KZT 98.4k); no observed outgoing links; depth 1.
677,100000002877262100,terminal,0.5529322360616845,Receives from 1 nodes (KZT 100.0k); no observed outgoing links; depth 3.
678,100000008555918100,peripheral,0.5526356761565837,"Limited observed structure: 1 incoming, 2 outgoing links; depth 1."
679,100000000979923100,terminal,0.5526319691577699,Receives from 1 nodes (KZT 97.9k); no observed outgoing links; depth 1.
680,100000003284932100,terminal,0.5524985172004745,Receives from 1 nodes (KZT 69.9k); no observed outgoing links; depth 1.
681,100000002700161100,peripheral,0.5524466192170818,"Limited observed structure: 1 incoming, 0 outgoing links; depth 4."
682,100000003025903100,peripheral,0.5524021352313168,"Limited observed structure: 1 incoming, 0 outgoing links; depth 4."
683,100000008546855100,peripheral,0.55225756227758,"Limited observed structure: 6 incoming, 2 outgoing links; depth 2."
684,100000005530114100,peripheral,0.5520462633451958,"Limited observed structure: 2 incoming, 1 outgoing links; depth 3."
685,100000008629581100,terminal,0.5519869513641756,Receives from 1 nodes (KZT 54.2k); no observed outgoing links; depth 2.
686,100000008443341100,peripheral,0.5518794483985766,"Limited observed structure: 2 incoming, 3 outgoing links; depth 1."
687,100000002738256100,transit,0.5514282261847786,Pass-through 1.17; 1 incoming and 1 outgoing links; depth 2.
688,100000005175148100,peripheral,0.5513233985765125,"Limited observed structure: 2 incoming, 1 outgoing links; depth 2."
689,100000003692843100,peripheral,0.5510898576512455,"Limited observed structure: 1 incoming, 0 outgoing links; depth 4."
690,100000003016773100,terminal,0.5506450177935943,Receives from 1 nodes (KZT 46.6k); no observed outgoing links; depth 2.
691,100000005124479100,peripheral,0.5503892348754449,"Limited observed structure: 2 incoming, 2 outgoing links; depth 1."
692,100000001650895100,peripheral,0.5503225088967971,"Limited observed structure: 1 incoming, 1 outgoing links; depth 3."
693,100000003988112100,peripheral,0.549521797153025,"Limited observed structure: 1 incoming, 1 outgoing links; depth 2."
694,100000005634552100,distributor,0.5494921411625149,Sends to 3 nodes (KZT 1.2m); receives from 1; outgoing p0.91.
695,100000002677201100,peripheral,0.5493216192170819,"Limited observed structure: 1 incoming, 1 outgoing links; depth 3."
696,100000007841978100,peripheral,0.5490213523131673,"Limited observed structure: 1 incoming, 0 outgoing links; depth 4."
697,100000008460102100,distributor,0.5490176453143535,Sends to 31 nodes (KZT 476.6k); receives from 1; outgoing p0.99.
698,100000004722630100,peripheral,0.5489879893238434,"Limited observed structure: 1 incoming, 0 outgoing links; depth 4."
699,100000002860934100,peripheral,0.548932384341637,"Limited observed structure: 1 incoming, 0 outgoing links; depth 4."
700,100000005034574100,terminal,0.548717378410439,Receives from 1 nodes (KZT 258.8k); no observed outgoing links; depth 1.
701,100000002194320100,peripheral,0.5485765124555161,"Limited observed structure: 1 incoming, 0 outgoing links; depth 4."
702,100000003237045100,peripheral,0.5482095195729537,"Limited observed structure: 1 incoming, 1 outgoing links; depth 2."
703,100000001378288100,peripheral,0.54817615658363,"Limited observed structure: 1 incoming, 0 outgoing links; depth 4."
704,100000008695157100,peripheral,0.5477535587188612,"Limited observed structure: 1 incoming, 0 outgoing links; depth 4."
705,100000008469048100,peripheral,0.5476423487544484,"Limited observed structure: 1 incoming, 0 outgoing links; depth 4."
706,100000008736940100,peripheral,0.5475978647686832,"Limited observed structure: 3 incoming, 3 outgoing links; depth 1."
707,100000000611474100,terminal,0.5474125148279952,Receives from 1 nodes (KZT 32.0k); no observed outgoing links; depth 3.
708,100000008601794100,peripheral,0.5473198398576512,"Limited observed structure: 2 incoming, 1 outgoing links; depth 0."
709,100000002734815100,peripheral,0.5472197508896798,"Limited observed structure: 1 incoming, 0 outgoing links; depth 4."
710,100000003886323100,peripheral,0.5471863879003559,"Limited observed structure: 2 incoming, 1 outgoing links; depth 1."
711,100000002954780100,terminal,0.547138196915777,Receives from 1 nodes (KZT 133.4k); no observed outgoing links; depth 3.
712,100000008739887100,peripheral,0.5471307829181495,"Limited observed structure: 2 incoming, 2 outgoing links; depth 3."
713,100000004552204100,peripheral,0.5470862989323844,"Limited observed structure: 1 incoming, 2 outgoing links; depth 3."
714,100000003366471100,peripheral,0.5470195729537367,"Limited observed structure: 2 incoming, 1 outgoing links; depth 3."
715,100000003985389100,peripheral,0.5468193950177936,"Limited observed structure: 1 incoming, 0 outgoing links; depth 4."
716,100000002032323100,peripheral,0.5468082740213523,"Limited observed structure: 1 incoming, 1 outgoing links; depth 3."
717,100000008295429100,terminal,0.5465005931198103,Receives from 1 nodes (KZT 352.0k); no observed outgoing links; depth 3.
718,100000004816564100,peripheral,0.5464746441281139,"Limited observed structure: 1 incoming, 1 outgoing links; depth 2."
719,100000003406094100,peripheral,0.5464524021352313,"Limited observed structure: 1 incoming, 3 outgoing links; depth 3."
720,100000000926078100,peripheral,0.546040925266904,"Limited observed structure: 1 incoming, 0 outgoing links; depth 4."
721,100000007593823100,distributor,0.5459371293001187,Sends to 13 nodes (KZT 162.9k); receives from 3; outgoing p0.98.
722,100000003831201100,terminal,0.5455997924080664,Receives from 1 nodes (KZT 40.5k); no observed outgoing links; depth 2.
723,100000004689658100,peripheral,0.545407028469751,"Limited observed structure: 1 incoming, 1 outgoing links; depth 3."
724,100000001960517100,terminal,0.5451697805456703,Receives from 1 nodes (KZT 200.0k); no observed outgoing links; depth 1.
725,100000004610802100,peripheral,0.5448398576512457,"Limited observed structure: 1 incoming, 0 outgoing links; depth 4."
726,100000008314863100,terminal,0.5447286476868327,Receives from 1 nodes (KZT 12.0k); no observed outgoing links; depth 3.
727,100000002109656100,terminal,0.5446767497034402,Receives from 1 nodes (KZT 500.0k); no observed outgoing links; depth 3.
728,100000002644285100,terminal,0.5446767497034402,Receives from 1 nodes (KZT 500.0k); no observed outgoing links; depth 3.
729,100000005783452100,peripheral,0.5445618327402135,"Limited observed structure: 2 incoming, 0 outgoing links; depth 4."
730,100000004184158100,terminal,0.5442467378410439,Receives from 1 nodes (KZT 203.8k); no observed outgoing links; depth 3.
731,100000005711521100,peripheral,0.5440836298932384,"Limited observed structure: 1 incoming, 0 outgoing links; depth 4."
732,100000004527381100,peripheral,0.5438945729537367,"Limited observed structure: 1 incoming, 1 outgoing links; depth 2."
733,100000005941908100,terminal,0.5436239620403321,Receives from 1 nodes (KZT 10.0k); no observed outgoing links; depth 3.
734,100000000896111100,terminal,0.5434534400948992,Receives from 1 nodes (KZT 287.1k); no observed outgoing links; depth 3.
735,100000006445501100,terminal,0.5434237841043891,Receives from 1 nodes (KZT 91.0k); no observed outgoing links; depth 1.
736,100000008376785100,peripheral,0.5431939501779359,"Limited observed structure: 1 incoming, 0 outgoing links; depth 4."
737,100000000561160100,peripheral,0.5430604982206406,"Limited observed structure: 1 incoming, 0 outgoing links; depth 4."
738,100000008388049100,terminal,0.5430160142348754,Receives from 1 nodes (KZT 496.4k); no observed outgoing links; depth 3.
739,100000000190228100,peripheral,0.5428047153024911,"Limited observed structure: 1 incoming, 1 outgoing links; depth 2."
740,100000007034089100,peripheral,0.5415146797153025,"Limited observed structure: 2 incoming, 0 outgoing links; depth 4."
741,100000004756901100,terminal,0.5413182087781732,Receives from 1 nodes (KZT 153.2k); no observed outgoing links; depth 2.
742,100000003034546100,terminal,0.5411995848161328,Receives from 1 nodes (KZT 486.7k); no observed outgoing links; depth 2.
743,100000002922000100,peripheral,0.5409475088967972,"Limited observed structure: 1 incoming, 0 outgoing links; depth 4."
744,100000005888829100,peripheral,0.5407918149466192,"Limited observed structure: 1 incoming, 0 outgoing links; depth 4."
745,100000007749747100,peripheral,0.5407473309608541,"Limited observed structure: 1 incoming, 0 outgoing links; depth 4."
746,100000003975102100,peripheral,0.5407362099644129,"Limited observed structure: 1 incoming, 2 outgoing links; depth 0."
747,100000004750321100,terminal,0.5405397390272836,Receives from 2 nodes (KZT 50.2k); no observed outgoing links; depth 3.
748,100000002670960100,terminal,0.5402357651245552,Receives from 1 nodes (KZT 480.3k); no observed outgoing links; depth 3.
749,100000006100920100,terminal,0.5401875741399763,Receives from 1 nodes (KZT 100.0k); no observed outgoing links; depth 3.
750,100000008200810100,terminal,0.5395870403321472,Receives from 1 nodes (KZT 475.0k); no observed outgoing links; depth 3.
751,100000004917367100,terminal,0.5390458185053382,Receives from 2 nodes (KZT 120.0k); no observed outgoing links; depth 3.
752,100000002481974100,peripheral,0.5389568505338078,"Limited observed structure: 2 incoming, 2 outgoing links; depth 3."
753,100000008628231100,peripheral,0.5389234875444839,"Limited observed structure: 1 incoming, 2 outgoing links; depth 1."
754,100000000810551100,peripheral,0.5385453736654805,"Limited observed structure: 1 incoming, 1 outgoing links; depth 1."
755,100000003104347100,peripheral,0.5385008896797153,"Limited observed structure: 1 incoming, 1 outgoing links; depth 2."
756,100000007777377100,peripheral,0.5384675266903914,"Limited observed structure: 1 incoming, 2 outgoing links; depth 2."
757,100000008634520100,terminal,0.538304418742586,Receives from 1 nodes (KZT 90.0k); no observed outgoing links; depth 3.
758,100000001166289100,peripheral,0.5381561387900355,"Limited observed structure: 2 incoming, 1 outgoing links; depth 2."
759,100000008502995100,terminal,0.5377706109134046,Receives from 1 nodes (KZT 25.0k); no observed outgoing links; depth 3.
760,100000004588479100,terminal,0.5371367141162515,Receives from 1 nodes (KZT 177.6k); no observed outgoing links; depth 1.
761,100000008190411100,peripheral,0.5369661921708185,"Limited observed structure: 1 incoming, 0 outgoing links; depth 4."
762,100000008638859100,peripheral,0.5368772241992883,"Limited observed structure: 1 incoming, 0 outgoing links; depth 4."
763,100000004035925100,peripheral,0.536588078291815,"Limited observed structure: 1 incoming, 0 outgoing links; depth 4."
764,100000007071852100,peripheral,0.5365213523131673,"Limited observed structure: 1 incoming, 0 outgoing links; depth 4."
765,100000008175078100,peripheral,0.536432384341637,"Limited observed structure: 1 incoming, 0 outgoing links; depth 4."
766,100000005042822100,peripheral,0.5362210854092526,"Limited observed structure: 1 incoming, 0 outgoing links; depth 4."
767,100000005022552100,peripheral,0.5360653914590747,"Limited observed structure: 1 incoming, 1 outgoing links; depth 3."
768,100000007392365100,distributor,0.5356946915776987,Sends to 6 nodes (KZT 1.8m); receives from 1; outgoing p0.96.
769,100000004921657100,peripheral,0.5355093416370107,"Limited observed structure: 1 incoming, 1 outgoing links; depth 3."
770,100000005616568100,peripheral,0.5354982206405694,"Limited observed structure: 1 incoming, 0 outgoing links; depth 4."
771,100000006232642100,peripheral,0.5354314946619217,"Limited observed structure: 1 incoming, 0 outgoing links; depth 4."
772,100000001822650100,peripheral,0.5353314056939502,"Limited observed structure: 1 incoming, 0 outgoing links; depth 4."
773,100000004674412100,peripheral,0.5350978647686833,"Limited observed structure: 1 incoming, 0 outgoing links; depth 4."
774,100000008104567100,peripheral,0.5350088967971531,"Limited observed structure: 3 incoming, 3 outgoing links; depth 2."
775,100000008168850100,peripheral,0.535008896797153,"Limited observed structure: 1 incoming, 0 outgoing links; depth 4."
776,100000003739818100,terminal,0.5348606168446026,Receives from 1 nodes (KZT 57.3k); no observed outgoing links; depth 1.
777,100000004732589100,terminal,0.534623368920522,Receives from 1 nodes (KZT 227.5k); no observed outgoing links; depth 2.
778,100000002530224100,terminal,0.5343712930011864,Receives from 1 nodes (KZT 113.0k); no observed outgoing links; depth 3.
779,100000006308406100,peripheral,0.5341192170818505,"Limited observed structure: 1 incoming, 0 outgoing links; depth 4."
780,100000006381453100,peripheral,0.5341192170818505,"Limited observed structure: 1 incoming, 0 outgoing links; depth 4."
781,100000006595426100,terminal,0.5337633451957295,Receives from 1 nodes (KZT 84.8k); no observed outgoing links; depth 2.
782,100000007953156100,peripheral,0.5335298042704626,"Limited observed structure: 1 incoming, 1 outgoing links; depth 2."
783,100000001053894100,peripheral,0.5334741992882562,"Limited observed structure: 1 incoming, 0 outgoing links; depth 4."
784,100000004094958100,transit,0.5333627992213401,Pass-through 1.03; 1 incoming and 1 outgoing links; depth 1.
785,100000003073635100,terminal,0.5332666073546857,Receives from 1 nodes (KZT 129.2k); no observed outgoing links; depth 3.
786,100000002991079100,peripheral,0.5332295373665481,"Limited observed structure: 2 incoming, 1 outgoing links; depth 1."
787,100000002934441100,terminal,0.5330960854092527,Receives from 2 nodes (KZT 60.8k); no observed outgoing links; depth 1.
788,100000000724540100,peripheral,0.5329070284697508,"Limited observed structure: 1 incoming, 1 outgoing links; depth 2."
789,100000003289405100,terminal,0.5326141755634639,Receives from 1 nodes (KZT 355.0k); no observed outgoing links; depth 2.
790,100000007311010100,peripheral,0.5326067615658363,"Limited observed structure: 2 incoming, 1 outgoing links; depth 1."
791,100000001641951100,terminal,0.5324325326215896,Receives from 1 nodes (KZT 25.0k); no observed outgoing links; depth 2.
792,100000008136608100,peripheral,0.5322953736654805,"Limited observed structure: 1 incoming, 0 outgoing links; depth 4."
793,100000003271151100,terminal,0.5320136417556347,Receives from 1 nodes (KZT 127.3k); no observed outgoing links; depth 3.
794,100000004662806100,peripheral,0.5319283807829182,"Limited observed structure: 2 incoming, 2 outgoing links; depth 1."
795,100000002556775100,terminal,0.5319061387900357,Receives from 1 nodes (KZT 300.0k); no observed outgoing links; depth 3.
796,100000003873332100,distributor,0.5319061387900356,Sends to 4 nodes (KZT 286.0k); receives from 1; outgoing p0.93.
797,100000008172721100,peripheral,0.5317170818505339,"Limited observed structure: 1 incoming, 0 outgoing links; depth 4."
798,100000003044431100,terminal,0.5316132858837486,Receives from 2 nodes (KZT 60.0k); no observed outgoing links; depth 2.
799,100000003031890100,terminal,0.5315613879003559,Receives from 1 nodes (KZT 215.0k); no observed outgoing links; depth 2.
800,100000008761219100,peripheral,0.531483540925267,"Limited observed structure: 2 incoming, 2 outgoing links; depth 3."
801,100000001145749100,terminal,0.5311906880189798,Receives from 1 nodes (KZT 10.0k); no observed outgoing links; depth 3.
802,100000006745291100,terminal,0.530908956109134,Receives from 1 nodes (KZT 82.5k); no observed outgoing links; depth 1.
803,100000003072205100,peripheral,0.5308162811387901,"Limited observed structure: 2 incoming, 0 outgoing links; depth 4."
804,100000005272139100,peripheral,0.530693950177936,"Limited observed structure: 1 incoming, 0 outgoing links; depth 4."
805,100000003724440100,terminal,0.5304048042704627,Receives from 2 nodes (KZT 50.0k); no observed outgoing links; depth 2.
806,100000000629812100,terminal,0.52988953143535,Receives from 2 nodes (KZT 22.0k); no observed outgoing links; depth 2.
807,100000006523053100,terminal,0.5298784104389087,Receives from 1 nodes (KZT 5.0k); no observed outgoing links; depth 2.
808,100000000733940100,peripheral,0.5295596085409253,"Limited observed structure: 1 incoming, 0 outgoing links; depth 4."
809,100000008699083100,peripheral,0.5295596085409253,"Limited observed structure: 1 incoming, 0 outgoing links; depth 4."
810,100000005456919100,peripheral,0.5292593416370107,"Limited observed structure: 2 incoming, 1 outgoing links; depth 1."
811,100000003664994100,peripheral,0.5291370106761566,"Limited observed structure: 1 incoming, 0 outgoing links; depth 4."
812,100000008221765100,peripheral,0.5287811387900356,"Limited observed structure: 1 incoming, 0 outgoing links; depth 4."
813,100000002529877100,peripheral,0.5286476868327402,"Limited observed structure: 1 incoming, 0 outgoing links; depth 4."
814,100000004979264100,peripheral,0.52855871886121,"Limited observed structure: 1 incoming, 0 outgoing links; depth 4."
815,100000001554432100,terminal,0.5283437129300119,Receives from 1 nodes (KZT 53.9k); no observed outgoing links; depth 1.
816,100000007511780100,peripheral,0.5283362989323843,"Limited observed structure: 1 incoming, 0 outgoing links; depth 4."
817,100000001688676100,terminal,0.5283140569395018,Receives from 1 nodes (KZT 133.7k); no observed outgoing links; depth 3.
818,100000008722541100,peripheral,0.5279025800711744,"Limited observed structure: 1 incoming, 0 outgoing links; depth 4."
819,100000003671721100,terminal,0.5278321470937131,Receives from 1 nodes (KZT 5.0k); no observed outgoing links; depth 3.
820,100000001633685100,terminal,0.5278210260972717,Receives from 3 nodes (KZT 45.0k); no observed outgoing links; depth 2.
821,100000001429930100,terminal,0.5275800711743772,Receives from 1 nodes (KZT 26.0k); no observed outgoing links; depth 0.
822,100000002492277100,terminal,0.5274317912218269,Receives from 1 nodes (KZT 138.5k); no observed outgoing links; depth 2.
823,100000005474472100,terminal,0.5273539442467379,Receives from 1 nodes (KZT 100.0k); no observed outgoing links; depth 2.
824,100000001837130100,terminal,0.5272760972716488,Receives from 1 nodes (KZT 172.9k); no observed outgoing links; depth 3.
825,100000003171587100,peripheral,0.527135231316726,"Limited observed structure: 2 incoming, 2 outgoing links; depth 3."
826,100000008517061100,peripheral,0.5271129893238434,"Limited observed structure: 1 incoming, 0 outgoing links; depth 4."
827,100000003031761100,terminal,0.5269498813760379,Receives from 1 nodes (KZT 460.4k); no observed outgoing links; depth 3.
828,100000004679953100,peripheral,0.5268238434163701,"Limited observed structure: 3 incoming, 3 outgoing links; depth 1."
829,100000003199390100,peripheral,0.526623665480427,"Limited observed structure: 1 incoming, 0 outgoing links; depth 4."
830,100000002906470100,terminal,0.5264790925266905,Receives from 1 nodes (KZT 130.0k); no observed outgoing links; depth 3.
831,100000004140487100,distributor,0.5264790925266905,Sends to 10 nodes (KZT 262.6k); receives from 1; outgoing p0.97.
832,100000001317336100,peripheral,0.5263790035587189,"Limited observed structure: 1 incoming, 2 outgoing links; depth 3."
833,100000001961048100,terminal,0.5263567615658362,Receives from 1 nodes (KZT 150.0k); no observed outgoing links; depth 2.
834,100000003037660100,terminal,0.5263382265717675,Receives from 1 nodes (KZT 53.0k); no observed outgoing links; depth 1.
835,100000001785161100,terminal,0.5261788256227758,Receives from 2 nodes (KZT 30.0k); no observed outgoing links; depth 3.
836,100000003190207100,peripheral,0.5259341637010677,"Limited observed structure: 1 incoming, 1 outgoing links; depth 3."
837,100000005561741100,terminal,0.5256932087781733,Receives from 1 nodes (KZT 25.0k); no observed outgoing links; depth 2.
838,100000003636627100,peripheral,0.5254114768683275,"Limited observed structure: 1 incoming, 1 outgoing links; depth 3."
839,100000005820746100,peripheral,0.5250556049822065,"Limited observed structure: 1 incoming, 1 outgoing links; depth 3."
840,100000005809252100,terminal,0.5248702550415184,Receives from 1 nodes (KZT 25.0k); no observed outgoing links; depth 2.
841,100000004798515100,peripheral,0.5241214412811388,"Limited observed structure: 1 incoming, 0 outgoing links; depth 4."
842,100000003180305100,peripheral,0.5240658362989324,"Limited observed structure: 1 incoming, 0 outgoing links; depth 4."
843,100000005360814100,peripheral,0.5240658362989324,"Limited observed structure: 1 incoming, 0 outgoing links; depth 4."
844,100000007283257100,terminal,0.5240324733096086,Receives from 1 nodes (KZT 192.0k); no observed outgoing links; depth 1.
845,100000005723580100,peripheral,0.5237989323843417,"Limited observed structure: 1 incoming, 0 outgoing links; depth 4."
846,100000000011452100,peripheral,0.5235765124555161,"Limited observed structure: 3 incoming, 1 outgoing links; depth 1."
847,100000004318918100,terminal,0.5235394424673785,Receives from 1 nodes (KZT 75.6k); no observed outgoing links; depth 1.
848,100000001130176100,terminal,0.5235357354685647,Receives from 1 nodes (KZT 25.0k); no observed outgoing links; depth 3.
849,100000008254069100,peripheral,0.5234541814946619,"Limited observed structure: 1 incoming, 5 outgoing links; depth 2."
850,100000005079754100,peripheral,0.522942615658363,"Limited observed structure: 1 incoming, 2 outgoing links; depth 1."
851,100000003497735100,terminal,0.5228684756820878,Receives from 1 nodes (KZT 125.0k); no observed outgoing links; depth 3.
852,100000002983426100,terminal,0.5227906287069988,Receives from 1 nodes (KZT 88.9k); no observed outgoing links; depth 3.
853,100000000803368100,peripheral,0.5227313167259787,"Limited observed structure: 1 incoming, 0 outgoing links; depth 4."
854,100000004183610100,peripheral,0.5224310498220641,"Limited observed structure: 1 incoming, 1 outgoing links; depth 3."
855,100000005754335100,terminal,0.5219157769869514,Receives from 1 nodes (KZT 44.0k); no observed outgoing links; depth 3.
856,100000006901046100,peripheral,0.5215413701067616,"Limited observed structure: 1 incoming, 1 outgoing links; depth 2."
857,100000000560751100,terminal,0.5215339561091341,Receives from 1 nodes (KZT 25.0k); no observed outgoing links; depth 3.
858,100000007357489100,peripheral,0.521474644128114,"Limited observed structure: 2 incoming, 0 outgoing links; depth 4."
859,100000008620570100,peripheral,0.5214524021352314,"Limited observed structure: 2 incoming, 2 outgoing links; depth 3."
860,100000007939160100,peripheral,0.5213745551601423,"Limited observed structure: 1 incoming, 2 outgoing links; depth 1."
861,100000002445750100,peripheral,0.5209185943060499,"Limited observed structure: 1 incoming, 1 outgoing links; depth 2."
862,100000008583360100,peripheral,0.5206072064056939,"Limited observed structure: 1 incoming, 1 outgoing links; depth 3."
863,100000003147719100,terminal,0.5205478944246738,Receives from 1 nodes (KZT 100.0k); no observed outgoing links; depth 3.
864,100000007749092100,peripheral,0.5204292704626334,"Limited observed structure: 1 incoming, 1 outgoing links; depth 2."
865,100000004071070100,peripheral,0.5203625444839858,"Limited observed structure: 2 incoming, 1 outgoing links; depth 2."
866,100000003230329100,peripheral,0.5203069395017794,"Limited observed structure: 1 incoming, 0 outgoing links; depth 4."
867,100000003252446100,peripheral,0.5202179715302492,"Limited observed structure: 1 incoming, 0 outgoing links; depth 4."
868,100000008070101100,terminal,0.5199028766310796,Receives from 1 nodes (KZT 100.0k); no observed outgoing links; depth 3.
869,100000001299323100,peripheral,0.5198509786476868,"Limited observed structure: 1 incoming, 0 outgoing links; depth 4."
870,100000005370580100,terminal,0.5198102016607355,Receives from 1 nodes (KZT 24.1k); no observed outgoing links; depth 0.
871,100000004979498100,peripheral,0.519539590747331,"Limited observed structure: 1 incoming, 1 outgoing links; depth 2."
872,100000004655046100,peripheral,0.5190391459074732,"Limited observed structure: 1 incoming, 0 outgoing links; depth 4."
873,100000002659103100,peripheral,0.5189612989323844,"Limited observed structure: 1 incoming, 0 outgoing links; depth 4."
874,100000008673001100,terminal,0.5187092230130488,Receives from 1 nodes (KZT 80.0k); no observed outgoing links; depth 0.
875,100000005022964100,terminal,0.5184830960854093,Receives from 1 nodes (KZT 20.0k); no observed outgoing links; depth 2.
876,100000003696422100,peripheral,0.5184163701067616,"Limited observed structure: 1 incoming, 0 outgoing links; depth 4."
877,100000001046057100,terminal,0.5182977461447212,Receives from 1 nodes (KZT 83.4k); no observed outgoing links; depth 3.
878,100000003213473100,distributor,0.518130931198102,Sends to 11 nodes (KZT 240.0k); receives from 1; outgoing p0.98.
879,100000002933386100,peripheral,0.518116103202847,"Limited observed structure: 1 incoming, 1 outgoing links; depth 3."
880,100000002926970100,terminal,0.5178714412811388,Receives from 1 nodes (KZT 85.0k); no observed outgoing links; depth 3.
881,100000004403641100,peripheral,0.5178603202846975,"Limited observed structure: 1 incoming, 0 outgoing links; depth 4."
882,100000001194266100,terminal,0.51782325029656,Receives from 1 nodes (KZT 50.0k); no observed outgoing links; depth 1.
883,100000003476560100,terminal,0.51782325029656,Receives from 1 nodes (KZT 50.0k); no observed outgoing links; depth 1.
884,100000002628576100,peripheral,0.5177491103202847,"Limited observed structure: 2 incoming, 2 outgoing links; depth 3."
885,100000003074515100,peripheral,0.517682384341637,"Limited observed structure: 1 incoming, 0 outgoing links; depth 4."
886,100000004235471100,peripheral,0.5176601423487545,"Limited observed structure: 1 incoming, 0 outgoing links; depth 4."
887,100000002628146100,terminal,0.5176379003558719,Receives from 1 nodes (KZT 30.5k); no observed outgoing links; depth 2.
888,100000008418934100,terminal,0.5172783214709371,Receives from 1 nodes (KZT 360.0k); no observed outgoing links; depth 2.
889,100000000089154100,distributor,0.5170040035587189,Sends to 15 nodes (KZT 425.5k); receives from 1; outgoing p0.98.
890,100000003132484100,terminal,0.5169521055753261,Receives from 1 nodes (KZT 90.0k); no observed outgoing links; depth 3.
891,100000007865484100,peripheral,0.5165925266903915,"Limited observed structure: 1 incoming, 0 outgoing links; depth 4."
892,100000008730021100,terminal,0.5164071767497034,Receives from 1 nodes (KZT 75.6k); no observed outgoing links; depth 1.
893,100000008461217100,peripheral,0.5163701067615658,"Limited observed structure: 1 incoming, 0 outgoing links; depth 4."
894,100000001714413100,terminal,0.5162811387900356,Receives from 1 nodes (KZT 250.2k); no observed outgoing links; depth 3.
895,100000008376089100,terminal,0.515951215895611,Receives from 1 nodes (KZT 135.0k); no observed outgoing links; depth 2.
896,100000008599354100,peripheral,0.5159141459074733,"Limited observed structure: 1 incoming, 1 outgoing links; depth 3."
897,100000003134550100,peripheral,0.5158251779359431,"Limited observed structure: 1 incoming, 0 outgoing links; depth 4."
898,100000002242455100,peripheral,0.5157918149466192,"Limited observed structure: 1 incoming, 0 outgoing links; depth 4."
899,100000003186579100,peripheral,0.5157918149466192,"Limited observed structure: 1 incoming, 0 outgoing links; depth 4."
900,100000005142492100,peripheral,0.515625,"Limited observed structure: 1 incoming, 1 outgoing links; depth 3."
901,100000003180820100,peripheral,0.5155916370106761,"Limited observed structure: 1 incoming, 0 outgoing links; depth 4."
902,100000002550141100,terminal,0.5152135231316726,Receives from 1 nodes (KZT 100.6k); no observed outgoing links; depth 3.
903,100000002594214100,peripheral,0.5148687722419929,"Limited observed structure: 1 incoming, 0 outgoing links; depth 4."
904,100000002958343100,peripheral,0.5147241992882562,"Limited observed structure: 1 incoming, 2 outgoing links; depth 2."
905,100000008337304100,peripheral,0.5144572953736655,"Limited observed structure: 1 incoming, 0 outgoing links; depth 4."
906,100000002824176100,terminal,0.5140865954922895,Receives from 1 nodes (KZT 144.0k); no observed outgoing links; depth 1.
907,100000001270349100,terminal,0.5138085705812574,Receives from 1 nodes (KZT 200.0k); no observed outgoing links; depth 3.
908,100000003622955100,peripheral,0.5137455516014235,"Limited observed structure: 1 incoming, 0 outgoing links; depth 4."
909,100000003149149100,terminal,0.5135602016607355,Receives from 1 nodes (KZT 245.0k); no observed outgoing links; depth 3.
910,100000008619159100,peripheral,0.5134119217081851,"Limited observed structure: 1 incoming, 0 outgoing links; depth 4."
911,100000003219438100,terminal,0.513382265717675,Receives from 1 nodes (KZT 32.0k); no observed outgoing links; depth 2.
912,100000004800648100,peripheral,0.5131895017793595,"Limited observed structure: 1 incoming, 0 outgoing links; depth 4."
913,100000008647905100,peripheral,0.5130671708185053,"Limited observed structure: 1 incoming, 2 outgoing links; depth 2."
914,100000008343874100,peripheral,0.5119773131672598,"Limited observed structure: 2 incoming, 2 outgoing links; depth 3."
915,100000001299828100,peripheral,0.5119217081850533,"Limited observed structure: 1 incoming, 0 outgoing links; depth 4."
916,100000004840086100,peripheral,0.5119217081850533,"Limited observed structure: 1 incoming, 0 outgoing links; depth 4."
917,100000008343415100,peripheral,0.5119217081850533,"Limited observed structure: 1 incoming, 0 outgoing links; depth 4."
918,100000001537524100,peripheral,0.5117437722419929,"Limited observed structure: 1 incoming, 0 outgoing links; depth 4."
919,100000008632060100,distributor,0.5111543594306049,Sends to 9 nodes (KZT 339.2k); receives from 1; outgoing p0.97.
920,100000006882208100,terminal,0.5107391755634638,Receives from 1 nodes (KZT 18.0k); no observed outgoing links; depth 3.
921,100000000764836100,peripheral,0.5107095195729537,"Limited observed structure: 1 incoming, 2 outgoing links; depth 3."
922,100000006994985100,peripheral,0.5105983096085409,"Limited observed structure: 1 incoming, 1 outgoing links; depth 2."
923,100000001524952100,terminal,0.510550118623962,Receives from 1 nodes (KZT 103.8k); no observed outgoing links; depth 1.
924,100000007534354100,distributor,0.5103981316725978,Sends to 3 nodes (KZT 147.8k); receives from 1; outgoing p0.91.
925,100000008737514100,terminal,0.510086743772242,Receives from 1 nodes (KZT 85.0k); no observed outgoing links; depth 2.
926,100000002454724100,terminal,0.5100793297746146,Receives from 1 nodes (KZT 125.0k); no observed outgoing links; depth 2.
927,100000005048668100,distributor,0.5094862099644129,Sends to 8 nodes (KZT 159.4k); receives from 2; outgoing p0.97.
928,100000002812641100,peripheral,0.5093527580071174,"Limited observed structure: 1 incoming, 1 outgoing links; depth 2."
929,100000004692798100,peripheral,0.5087967081850534,"Limited observed structure: 2 incoming, 1 outgoing links; depth 1."
930,100000006111442100,terminal,0.508770759193357,Receives from 1 nodes (KZT 64.0k); no observed outgoing links; depth 3.
931,100000004192865100,terminal,0.5073843416370107,Receives from 1 nodes (KZT 66.7k); no observed outgoing links; depth 2.
932,100000008703533100,peripheral,0.5073398576512456,"Limited observed structure: 1 incoming, 0 outgoing links; depth 4."
933,100000005395727100,terminal,0.5073361506524319,Receives from 1 nodes (KZT 17.0k); no observed outgoing links; depth 0.
934,100000008551752100,peripheral,0.5069395017793594,"Limited observed structure: 1 incoming, 0 outgoing links; depth 4."
935,100000001533161100,peripheral,0.5067504448398576,"Limited observed structure: 1 incoming, 0 outgoing links; depth 4."
936,100000007020162100,terminal,0.5067393238434164,Receives from 1 nodes (KZT 86.4k); no observed outgoing links; depth 3.
937,100000002847207100,terminal,0.5066874258600238,Receives from 1 nodes (KZT 46.2k); no observed outgoing links; depth 1.
938,100000002852402100,terminal,0.5064279359430605,Receives from 1 nodes (KZT 55.0k); no observed outgoing links; depth 2.
939,100000006844004100,terminal,0.5064131079478055,Receives from 1 nodes (KZT 20.6k); no observed outgoing links; depth 3.
940,100000004726132100,peripheral,0.5062611209964414,"Limited observed structure: 1 incoming, 1 outgoing links; depth 3."
941,100000002208836100,peripheral,0.5062277580071175,"Limited observed structure: 1 incoming, 0 outgoing links; depth 4."
942,100000004715209100,distributor,0.5055642052194543,Sends to 5 nodes (KZT 350.4k); receives from 1; outgoing p0.95.
943,100000002695812100,peripheral,0.5050822953736654,"Limited observed structure: 1 incoming, 0 outgoing links; depth 4."
944,100000004096559100,terminal,0.5048709964412812,Receives from 1 nodes (KZT 46.2k); no observed outgoing links; depth 3.
945,100000001276409100,peripheral,0.5048487544483986,"Limited observed structure: 1 incoming, 0 outgoing links; depth 4."
946,100000008680912100,peripheral,0.5047709074733097,"Limited observed structure: 1 incoming, 1 outgoing links; depth 3."
947,100000005567828100,peripheral,0.5043483096085409,"Limited observed structure: 1 incoming, 0 outgoing links; depth 4."
948,100000005226217100,peripheral,0.504314946619217,"Limited observed structure: 1 incoming, 0 outgoing links; depth 4."
949,100000005911352100,peripheral,0.5040591637010676,"Limited observed structure: 2 incoming, 3 outgoing links; depth 2."
950,100000004285800100,peripheral,0.5039479537366548,"Limited observed structure: 1 incoming, 1 outgoing links; depth 2."
951,100000008735802100,peripheral,0.5034697508896797,"Limited observed structure: 1 incoming, 0 outgoing links; depth 4."
952,100000001330595100,peripheral,0.5033807829181495,"Limited observed structure: 3 incoming, 1 outgoing links; depth 2."
953,100000003102157100,terminal,0.5028766310794781,Receives from 1 nodes (KZT 96.7k); no observed outgoing links; depth 1.
954,100000001339466100,terminal,0.5026542111506525,Receives from 1 nodes (KZT 30.0k); no observed outgoing links; depth 2.
955,100000005308954100,peripheral,0.502413256227758,"Limited observed structure: 1 incoming, 1 outgoing links; depth 3."
956,100000003249054100,peripheral,0.5024021352313167,"Limited observed structure: 7 incoming, 1 outgoing links; depth 2."
957,100000004737477100,transit,0.5018606416466206,Pass-through 0.82; 2 incoming and 1 outgoing links; depth 1.
958,100000008438656100,peripheral,0.5018238434163701,"Limited observed structure: 2 incoming, 1 outgoing links; depth 1."
959,100000002459164100,terminal,0.5017126334519573,Receives from 1 nodes (KZT 20.0k); no observed outgoing links; depth 3.
960,100000005895525100,terminal,0.5013085705812574,Receives from 1 nodes (KZT 120.0k); no observed outgoing links; depth 1.
961,100000002516862100,peripheral,0.5011120996441281,"Limited observed structure: 1 incoming, 0 outgoing links; depth 4."
962,100000001726614100,terminal,0.5009786476868328,Receives from 1 nodes (KZT 138.7k); no observed outgoing links; depth 3.
963,100000003112436100,terminal,0.5009304567022539,Receives from 1 nodes (KZT 100.0k); no observed outgoing links; depth 2.
964,100000002791494100,peripheral,0.500911921708185,"Limited observed structure: 1 incoming, 0 outgoing links; depth 4."
965,100000002958345100,terminal,0.5006524317912219,Receives from 1 nodes (KZT 307.0k); no observed outgoing links; depth 3.
966,100000002509598100,terminal,0.5003039739027284,Receives from 1 nodes (KZT 305.6k); no observed outgoing links; depth 3.
967,100000003865939100,terminal,0.5002854389086595,Receives from 1 nodes (KZT 81.5k); no observed outgoing links; depth 1.
968,100000004673335100,peripheral,0.5000889679715304,"Limited observed structure: 1 incoming, 0 outgoing links; depth 4."
969,100000003345947100,peripheral,0.49986654804270464,"Limited observed structure: 1 incoming, 0 outgoing links; depth 4."
970,100000001746925100,peripheral,0.49965524911032033,"Limited observed structure: 1 incoming, 1 outgoing links; depth 1."
971,100000001311175100,peripheral,0.4995551601423488,"Limited observed structure: 1 incoming, 0 outgoing links; depth 4."
972,100000004908173100,peripheral,0.49946619217081856,"Limited observed structure: 1 incoming, 0 outgoing links; depth 4."
973,100000002119762100,peripheral,0.49937722419928826,"Limited observed structure: 1 incoming, 0 outgoing links; depth 4."
974,100000004508696100,peripheral,0.49935498220640573,"Limited observed structure: 1 incoming, 3 outgoing links; depth 3."
975,100000002600345100,terminal,0.49908066429418746,Receives from 2 nodes (KZT 52.4k); no observed outgoing links; depth 1.
976,100000005878334100,peripheral,0.4990658362989324,"Limited observed structure: 1 incoming, 0 outgoing links; depth 4."
977,100000001427082100,peripheral,0.4989435053380783,"Limited observed structure: 1 incoming, 5 outgoing links; depth 3."
978,100000007653003100,terminal,0.49892867734282326,Receives from 1 nodes (KZT 100.0k); no observed outgoing links; depth 3.
979,100000000785800100,transit,0.4988063463819692,Pass-through 1.00; 1 incoming and 1 outgoing links; depth 2.
980,100000005105153100,terminal,0.49871737841043895,Receives from 1 nodes (KZT 30.0k); no observed outgoing links; depth 2.
981,100000004580254100,terminal,0.4986135824436536,Receives from 2 nodes (KZT 27.9k); no observed outgoing links; depth 3.
982,100000007511163100,peripheral,0.4984096975088968,"Limited observed structure: 2 incoming, 3 outgoing links; depth 1."
983,100000003321895100,peripheral,0.4981983985765125,"Limited observed structure: 1 incoming, 2 outgoing links; depth 3."
984,100000002170580100,terminal,0.4979537366548043,Receives from 1 nodes (KZT 150.0k); no observed outgoing links; depth 2.
985,100000004500781100,peripheral,0.49786476868327406,"Limited observed structure: 1 incoming, 0 outgoing links; depth 4."
986,100000002835874100,peripheral,0.49756450177935946,"Limited observed structure: 1 incoming, 0 outgoing links; depth 4."
987,100000008596924100,terminal,0.49754967378410436,Receives from 1 nodes (KZT 100.0k); no observed outgoing links; depth 3.
988,100000008472324100,terminal,0.4974421708185054,Receives from 1 nodes (KZT 205.2k); no observed outgoing links; depth 3.
989,100000006476758100,terminal,0.4973939798339265,Receives from 1 nodes (KZT 5.2k); no observed outgoing links; depth 3.
990,100000007129492100,peripheral,0.49708629893238443,"Limited observed structure: 2 incoming, 1 outgoing links; depth 1."
991,100000005317181100,peripheral,0.49705293594306055,"Limited observed structure: 1 incoming, 1 outgoing links; depth 3."
992,100000002755292100,terminal,0.4968416370106762,Receives from 1 nodes (KZT 203.4k); no observed outgoing links; depth 3.
993,100000002394199100,peripheral,0.4968082740213523,"Limited observed structure: 1 incoming, 1 outgoing links; depth 3."
994,100000002621434100,terminal,0.4966303380782918,Receives from 1 nodes (KZT 81.0k); no observed outgoing links; depth 3.
995,100000002729875100,peripheral,0.49644128113879005,"Limited observed structure: 1 incoming, 0 outgoing links; depth 4."
996,100000008587459100,peripheral,0.4963967971530249,"Limited observed structure: 2 incoming, 2 outgoing links; depth 2."
997,100000003631015100,peripheral,0.4961298932384342,"Limited observed structure: 1 incoming, 0 outgoing links; depth 4."
998,100000002890167100,terminal,0.4960854092526691,Receives from 1 nodes (KZT 118.2k); no observed outgoing links; depth 1.
999,100000006443391100,peripheral,0.49605204626334526,"Limited observed structure: 3 incoming, 2 outgoing links; depth 1."
1000,100000004697956100,transit,0.4960483392645315,Pass-through 1.00; 1 incoming and 1 outgoing links; depth 3.
1001,100000006557763100,terminal,0.4960483392645314,Receives from 1 nodes (KZT 10.0k); no observed outgoing links; depth 2.
1002,100000002968096100,peripheral,0.49599644128113884,"Limited observed structure: 1 incoming, 0 outgoing links; depth 4."
1003,100000004571634100,peripheral,0.49599644128113884,"Limited observed structure: 1 incoming, 0 outgoing links; depth 4."
1004,100000006257675100,peripheral,0.49599644128113884,"Limited observed structure: 1 incoming, 0 outgoing links; depth 4."
1005,100000008027922100,peripheral,0.49599644128113884,"Limited observed structure: 1 incoming, 0 outgoing links; depth 4."
1006,100000003133045100,peripheral,0.49515124555160145,"Limited observed structure: 1 incoming, 0 outgoing links; depth 4."
1007,100000005661829100,transit,0.4948325123199099,Pass-through 1.07; 1 incoming and 2 outgoing links; depth 3.
1008,100000004747154100,peripheral,0.49479537366548043,"Limited observed structure: 1 incoming, 0 outgoing links; depth 4."
1009,100000001439416100,peripheral,0.49476201067615666,"Limited observed structure: 1 incoming, 2 outgoing links; depth 3."
1010,100000005620225100,terminal,0.49446915776986955,Receives from 2 nodes (KZT 49.8k); no observed outgoing links; depth 1.
1011,100000008724461100,peripheral,0.4944061387900356,"Limited observed structure: 1 incoming, 1 outgoing links; depth 3."
1012,100000005782886100,peripheral,0.494261565836299,"Limited observed structure: 1 incoming, 0 outgoing links; depth 4."
1013,100000003060187100,terminal,0.49376482799525506,Receives from 1 nodes (KZT 93.0k); no observed outgoing links; depth 3.
1014,100000001477796100,terminal,0.4936017200474496,Receives from 1 nodes (KZT 182.0k); no observed outgoing links; depth 1.
1015,100000008293431100,distributor,0.49353870106761566,Sends to 5 nodes (KZT 297.0k); receives from 1; outgoing p0.95.
1016,100000002599729100,peripheral,0.4934608540925267,"Limited observed structure: 1 incoming, 0 outgoing links; depth 4."
1017,100000004976946100,peripheral,0.4934386120996442,"Limited observed structure: 1 incoming, 0 outgoing links; depth 4."
1018,100000008568512100,terminal,0.493223606168446,Receives from 1 nodes (KZT 199.6k); no observed outgoing links; depth 3.
1019,100000008192264100,transit,0.4931553246209822,Pass-through 1.15; 1 incoming and 1 outgoing links; depth 3.
1020,100000000945428100,terminal,0.4927268683274022,Receives from 1 nodes (KZT 89.6k); no observed outgoing links; depth 1.
1021,100000007997939100,peripheral,0.492482206405694,"Limited observed structure: 1 incoming, 0 outgoing links; depth 4."
1022,100000001363952100,peripheral,0.4923042704626336,"Limited observed structure: 2 incoming, 1 outgoing links; depth 1."
1023,100000008237827100,terminal,0.4919632265717675,Receives from 1 nodes (KZT 40.0k); no observed outgoing links; depth 1.
1024,100000002958286100,terminal,0.4918594306049823,Receives from 1 nodes (KZT 257.0k); no observed outgoing links; depth 1.
1025,100000002462183100,terminal,0.4917778766310795,Receives from 1 nodes (KZT 107.5k); no observed outgoing links; depth 1.
1026,100000002723439100,peripheral,0.491770462633452,"Limited observed structure: 1 incoming, 0 outgoing links; depth 4."
1027,100000004386286100,peripheral,0.4916370106761566,"Limited observed structure: 1 incoming, 0 outgoing links; depth 4."
1028,100000005979037100,peripheral,0.4915925266903915,"Limited observed structure: 1 incoming, 0 outgoing links; depth 4."
1029,100000008560263100,peripheral,0.4915146797153025,"Limited observed structure: 1 incoming, 0 outgoing links; depth 4."
1030,100000002371751100,peripheral,0.49141459074733096,"Limited observed structure: 1 incoming, 1 outgoing links; depth 1."
1031,100000003877908100,terminal,0.4910401838671412,Receives from 1 nodes (KZT 40.0k); no observed outgoing links; depth 1.
1032,100000004509286100,terminal,0.4910401838671412,Receives from 1 nodes (KZT 40.0k); no observed outgoing links; depth 1.
1033,100000001733216100,peripheral,0.4908807829181495,"Limited observed structure: 1 incoming, 0 outgoing links; depth 4."
1034,100000002242066100,peripheral,0.4908807829181495,"Limited observed structure: 1 incoming, 0 outgoing links; depth 4."
1035,100000002404112100,peripheral,0.4908807829181495,"Limited observed structure: 1 incoming, 0 outgoing links; depth 4."
1036,100000002505277100,peripheral,0.4908807829181495,"Limited observed structure: 1 incoming, 0 outgoing links; depth 4."
1037,100000004326224100,peripheral,0.4908807829181495,"Limited observed structure: 1 incoming, 0 outgoing links; depth 4."
1038,100000004777215100,peripheral,0.4908807829181495,"Limited observed structure: 1 incoming, 0 outgoing links; depth 4."
1039,100000007042175100,peripheral,0.4908807829181495,"Limited observed structure: 1 incoming, 0 outgoing links; depth 4."
1040,100000000795033100,terminal,0.4907769869513642,Receives from 1 nodes (KZT 18.2k); no observed outgoing links; depth 2.
1041,100000001329153100,terminal,0.49066577698695135,Receives from 1 nodes (KZT 150.7k); no observed outgoing links; depth 3.
1042,100000005049404100,peripheral,0.49063612099644127,"Limited observed structure: 1 incoming, 0 outgoing links; depth 4."
1043,100000008675322100,peripheral,0.49060275800711745,"Limited observed structure: 1 incoming, 0 outgoing links; depth 4."
1044,100000004071444100,peripheral,0.4904693060498221,"Limited observed structure: 1 incoming, 1 outgoing links; depth 3."
1045,100000004410489100,terminal,0.4903766310794781,Receives from 1 nodes (KZT 54.0k); no observed outgoing links; depth 2.
1046,100000001816678100,peripheral,0.489991103202847,"Limited observed structure: 1 incoming, 0 outgoing links; depth 4."
1047,100000002886166100,terminal,0.4899577402135231,Receives from 1 nodes (KZT 185.0k); no observed outgoing links; depth 3.
1048,100000008430691100,peripheral,0.4899243772241993,"Limited observed structure: 1 incoming, 2 outgoing links; depth 3."
1049,100000001287955100,distributor,0.48985394424673784,Sends to 4 nodes (KZT 310.0k); receives from 1; outgoing p0.93.
1050,100000004456564100,terminal,0.48985394424673784,Receives from 1 nodes (KZT 10.0k); no observed outgoing links; depth 2.
1051,100000005032294100,terminal,0.48985394424673784,Receives from 1 nodes (KZT 10.0k); no observed outgoing links; depth 2.
1052,100000008757301100,peripheral,0.48963523131672604,"Limited observed structure: 1 incoming, 0 outgoing links; depth 4."
1053,100000005363908100,transit,0.4895314353499407,Pass-through 1.00; 1 incoming and 1 outgoing links; depth 1.
1054,100000003247600100,peripheral,0.4894572953736655,"Limited observed structure: 1 incoming, 0 outgoing links; depth 4."
1055,100000005745873100,peripheral,0.48945729537366545,"Limited observed structure: 1 incoming, 0 outgoing links; depth 4."
1056,100000007140834100,terminal,0.48944246737841046,Receives from 1 nodes (KZT 10.2k); no observed outgoing links; depth 3.
1057,100000001851289100,terminal,0.4893534994068802,Receives from 1 nodes (KZT 109.5k); no observed outgoing links; depth 1.
1058,100000008050986100,peripheral,0.48917927046263343,"Limited observed structure: 1 incoming, 0 outgoing links; depth 4."
1059,100000003616818100,peripheral,0.4889902135231317,"Limited observed structure: 3 incoming, 3 outgoing links; depth 1."
1060,100000000967918100,terminal,0.48898650652431797,Receives from 1 nodes (KZT 21.2k); no observed outgoing links; depth 2.
1061,100000002752565100,peripheral,0.48883451957295376,"Limited observed structure: 1 incoming, 0 outgoing links; depth 4."
1062,100000001490461100,peripheral,0.48871218861209964,"Limited observed structure: 1 incoming, 1 outgoing links; depth 2."
1063,100000002633701100,terminal,0.4886046856465006,Receives from 1 nodes (KZT 266.9k); no observed outgoing links; depth 2.
1064,100000001957974100,peripheral,0.48852313167259787,"Limited observed structure: 1 incoming, 0 outgoing links; depth 4."
1065,100000000910216100,peripheral,0.48851201067615657,"Limited observed structure: 1 incoming, 1 outgoing links; depth 2."
1066,100000008238112100,terminal,0.48851201067615657,Receives from 1 nodes (KZT 190.0k); no observed outgoing links; depth 3.
1067,100000006020215100,transit,0.48829576907868727,Pass-through 1.13; 1 incoming and 2 outgoing links; depth 3.
1068,100000005547096100,peripheral,0.48818950177935944,"Limited observed structure: 1 incoming, 2 outgoing links; depth 2."
1069,100000008729597100,terminal,0.48811536180308424,Receives from 1 nodes (KZT 83.1k); no observed outgoing links; depth 3.
1070,100000002821425100,terminal,0.4878669928825623,Receives from 1 nodes (KZT 275.0k); no observed outgoing links; depth 3.
1071,100000002217806100,peripheral,0.487855871886121,"Limited observed structure: 1 incoming, 0 outgoing links; depth 4."
1072,100000001222263100,peripheral,0.48777802491103206,"Limited observed structure: 1 incoming, 1 outgoing links; depth 3."
1073,100000005932987100,terminal,0.4875037069988138,Receives from 1 nodes (KZT 25.0k); no observed outgoing links; depth 2.
1074,100000005342513100,peripheral,0.4873776690391459,"Limited observed structure: 1 incoming, 1 outgoing links; depth 3."
1075,100000002487222100,peripheral,0.48737766903914587,"Limited observed structure: 1 incoming, 0 outgoing links; depth 4."
1076,100000008701944100,terminal,0.4872924080664294,Receives from 1 nodes (KZT 52.1k); no observed outgoing links; depth 1.
1077,100000001669260100,peripheral,0.48725533807829186,"Limited observed structure: 1 incoming, 0 outgoing links; depth 4."
1078,100000003888527100,terminal,0.4871515421115066,Receives from 1 nodes (KZT 30.0k); no observed outgoing links; depth 3.
1079,100000004970752100,terminal,0.48695136417556345,Receives from 1 nodes (KZT 10.0k); no observed outgoing links; depth 3.
1080,100000002236528100,terminal,0.4868920521945433,Receives from 1 nodes (KZT 66.0k); no observed outgoing links; depth 3.
1081,100000001597505100,peripheral,0.48639902135231317,"Limited observed structure: 1 incoming, 1 outgoing links; depth 2."
1082,100000000440392100,terminal,0.4862989323843417,Receives from 1 nodes (KZT 105.7k); no observed outgoing links; depth 1.
1083,100000007274584100,terminal,0.48587633451957296,Receives from 1 nodes (KZT 38.0k); no observed outgoing links; depth 1.
1084,100000003207060100,peripheral,0.48567615658362995,"Limited observed structure: 1 incoming, 0 outgoing links; depth 4."
1085,100000003097947100,peripheral,0.4854537366548043,"Limited observed structure: 1 incoming, 0 outgoing links; depth 4."
1086,100000008141170100,terminal,0.48526838671411626,Receives from 1 nodes (KZT 11.0k); no observed outgoing links; depth 2.
1087,100000002796853100,peripheral,0.48524243772241993,"Limited observed structure: 1 incoming, 1 outgoing links; depth 2."
1088,100000002095257100,terminal,0.48514976275207594,Receives from 1 nodes (KZT 8.5k); no observed outgoing links; depth 3.
1089,100000002540033100,peripheral,0.48514234875444845,"Limited observed structure: 1 incoming, 0 outgoing links; depth 4."
1090,100000001202637100,peripheral,0.4851423487544484,"Limited observed structure: 1 incoming, 0 outgoing links; depth 4."
1091,100000003904497100,peripheral,0.48514234875444834,"Limited observed structure: 1 incoming, 0 outgoing links; depth 4."
1092,100000006756956100,peripheral,0.4849421708185054,"Limited observed structure: 1 incoming, 0 outgoing links; depth 4."
1093,100000003235780100,terminal,0.4845566429418742,Receives from 2 nodes (KZT 65.0k); no observed outgoing links; depth 1.
1094,100000006989106100,terminal,0.4843045670225386,Receives from 1 nodes (KZT 64.0k); no observed outgoing links; depth 2.
1095,100000001279272100,peripheral,0.48404137010676157,"Limited observed structure: 1 incoming, 2 outgoing links; depth 3."
1096,100000007689942100,peripheral,0.4835186832740214,"Limited observed structure: 1 incoming, 2 outgoing links; depth 3."
1097,100000002448088100,peripheral,0.48351868327402137,"Limited observed structure: 3 incoming, 1 outgoing links; depth 3."
1098,100000000723383100,peripheral,0.48332962633451965,"Limited observed structure: 1 incoming, 2 outgoing links; depth 2."
1099,100000003835149100,peripheral,0.4832072953736655,"Limited observed structure: 1 incoming, 2 outgoing links; depth 1."
1100,100000002774456100,terminal,0.48303677342823254,Receives from 1 nodes (KZT 50.4k); no observed outgoing links; depth 1.
1101,100000001373265100,peripheral,0.48297375444839863,"Limited observed structure: 1 incoming, 1 outgoing links; depth 3."
1102,100000002380341100,terminal,0.48296263345195733,Receives from 1 nodes (KZT 57.6k); no observed outgoing links; depth 3.
1103,100000002653187100,peripheral,0.4827846975088968,"Limited observed structure: 1 incoming, 0 outgoing links; depth 4."
1104,100000004674389100,peripheral,0.4827846975088968,"Limited observed structure: 1 incoming, 0 outgoing links; depth 4."
1105,100000003152964100,peripheral,0.48277357651245556,"Limited observed structure: 1 incoming, 1 outgoing links; depth 3."
1106,100000008655779100,peripheral,0.482595640569395,"Limited observed structure: 1 incoming, 2 outgoing links; depth 3."
1107,100000007510567100,peripheral,0.48243994661921713,"Limited observed structure: 1 incoming, 0 outgoing links; depth 4."
1108,100000005222360100,peripheral,0.48235097864768683,"Limited observed structure: 1 incoming, 1 outgoing links; depth 3."
1109,100000005507142100,peripheral,0.481761565836299,"Limited observed structure: 3 incoming, 3 outgoing links; depth 2."
1110,100000002713974100,peripheral,0.4816281138790036,"Limited observed structure: 1 incoming, 0 outgoing links; depth 4."
1111,100000004019056100,peripheral,0.4816281138790036,"Limited observed structure: 1 incoming, 0 outgoing links; depth 4."
1112,100000005189258100,peripheral,0.4816281138790036,"Limited observed structure: 1 incoming, 0 outgoing links; depth 4."
1113,100000007731977100,peripheral,0.4816281138790036,"Limited observed structure: 1 incoming, 0 outgoing links; depth 4."
1114,100000007811950100,peripheral,0.4816281138790036,"Limited observed structure: 1 incoming, 0 outgoing links; depth 4."
1115,100000008308418100,peripheral,0.4816281138790036,"Limited observed structure: 1 incoming, 0 outgoing links; depth 4."
1116,100000001056414100,terminal,0.48116103202846977,Receives from 1 nodes (KZT 250.0k); no observed outgoing links; depth 3.
1117,100000001954534100,peripheral,0.48037144128113884,"Limited observed structure: 1 incoming, 1 outgoing links; depth 3."
1118,100000008717375100,terminal,0.48029359430604984,Receives from 1 nodes (KZT 29.5k); no observed outgoing links; depth 2.
1119,100000006679055100,terminal,0.48020833333333335,Receives from 1 nodes (KZT 25.0k); no observed outgoing links; depth 2.
1120,100000003275398100,peripheral,0.4801490213523132,"Limited observed structure: 1 incoming, 1 outgoing links; depth 2."
1121,100000008732488100,peripheral,0.480104537366548,"Limited observed structure: 1 incoming, 1 outgoing links; depth 3."
1122,100000003922499100,terminal,0.4801008303677343,Receives from 1 nodes (KZT 50.0k); no observed outgoing links; depth 2.
1123,100000002971593100,peripheral,0.479626334519573,"Limited observed structure: 1 incoming, 0 outgoing links; depth 4."
1124,100000003568904100,peripheral,0.4794483985765125,"Limited observed structure: 1 incoming, 0 outgoing links; depth 4."
1125,100000004549591100,peripheral,0.4794483985765125,"Limited observed structure: 1 incoming, 0 outgoing links; depth 4."
1126,100000004261340100,peripheral,0.47900355871886124,"Limited observed structure: 1 incoming, 0 outgoing links; depth 4."
1127,100000004463277100,terminal,0.47844380189798336,Receives from 1 nodes (KZT 35.0k); no observed outgoing links; depth 2.
1128,100000002689717100,peripheral,0.4784252669039146,"Limited observed structure: 1 incoming, 0 outgoing links; depth 4."
1129,100000003484058100,peripheral,0.4783474199288257,"Limited observed structure: 1 incoming, 1 outgoing links; depth 3."
1130,100000008655035100,terminal,0.47821026097271657,Receives from 1 nodes (KZT 30.0k); no observed outgoing links; depth 2.
1131,100000001379511100,terminal,0.4781806049822064,Receives from 1 nodes (KZT 55.0k); no observed outgoing links; depth 3.
1132,100000000656682100,transit,0.4776916988287972,Pass-through 1.13; 1 incoming and 2 outgoing links; depth 3.
1133,100000003989033100,peripheral,0.4775800711743773,"Limited observed structure: 1 incoming, 0 outgoing links; depth 4."
1134,100000003832231100,terminal,0.47746515421115066,Receives from 1 nodes (KZT 35.0k); no observed outgoing links; depth 1.
1135,100000006689603100,peripheral,0.47744661921708187,"Limited observed structure: 1 incoming, 0 outgoing links; depth 4."
1136,100000004584730100,peripheral,0.47722419928825627,"Limited observed structure: 1 incoming, 0 outgoing links; depth 4."
1137,100000002435265100,terminal,0.47701660735468565,Receives from 1 nodes (KZT 132.6k); no observed outgoing links; depth 3.
1138,100000001126374100,peripheral,0.4765235765124556,"Limited observed structure: 4 incoming, 2 outgoing links; depth 1."
1139,100000008628818100,peripheral,0.47637900355871887,"Limited observed structure: 1 incoming, 0 outgoing links; depth 4."
1140,100000000802149100,terminal,0.4763122775800712,Receives from 1 nodes (KZT 104.1k); no observed outgoing links; depth 3.
1141,100000002581346100,terminal,0.47626779359430604,Receives from 1 nodes (KZT 166.4k); no observed outgoing links; depth 3.
1142,100000007539296100,peripheral,0.4759786476868328,"Limited observed structure: 1 incoming, 0 outgoing links; depth 4."
1143,100000006492770100,peripheral,0.4759008007117438,"Limited observed structure: 1 incoming, 1 outgoing links; depth 3."
1144,100000002615479100,terminal,0.4757376927639383,Receives from 1 nodes (KZT 220.0k); no observed outgoing links; depth 1.
1145,100000008738325100,peripheral,0.47563389679715307,"Limited observed structure: 1 incoming, 1 outgoing links; depth 0."
1146,100000002896506100,peripheral,0.47500000000000003,"Limited observed structure: 1 incoming, 0 outgoing links; depth 4."
1147,100000003061115100,peripheral,0.47500000000000003,"Limited observed structure: 1 incoming, 0 outgoing links; depth 4."
1148,100000004991593100,peripheral,0.47500000000000003,"Limited observed structure: 1 incoming, 0 outgoing links; depth 4."
1149,100000001227106100,terminal,0.4749406880189799,Receives from 1 nodes (KZT 164.8k); no observed outgoing links; depth 3.
1150,100000005142589100,terminal,0.4748072360616845,Receives from 1 nodes (KZT 50.0k); no observed outgoing links; depth 2.
1151,100000007153161100,peripheral,0.4743327402135232,"Limited observed structure: 1 incoming, 0 outgoing links; depth 4."
1152,100000003089018100,terminal,0.47415109727164884,Receives from 1 nodes (KZT 230.0k); no observed outgoing links; depth 2.
1153,100000008701256100,terminal,0.4741251482799526,Receives from 1 nodes (KZT 58.2k); no observed outgoing links; depth 2.
1154,100000002836052100,terminal,0.4739879893238434,Receives from 1 nodes (KZT 15.0k); no observed outgoing links; depth 2.
1155,100000004360785100,terminal,0.47343564650059317,Receives from 1 nodes (KZT 94.7k); no observed outgoing links; depth 1.
1156,100000002433697100,transit,0.4733381239164157,Pass-through 0.85; 1 incoming and 1 outgoing links; depth 3.
1157,100000003232675100,peripheral,0.4732651245551602,"Limited observed structure: 1 incoming, 0 outgoing links; depth 4."
1158,100000008251939100,peripheral,0.47314279359430605,"Limited observed structure: 1 incoming, 0 outgoing links; depth 4."
1159,100000002371892100,peripheral,0.4730871886120997,"Limited observed structure: 1 incoming, 0 outgoing links; depth 4."
1160,100000001852140100,terminal,0.4728721826809016,Receives from 1 nodes (KZT 30.0k); no observed outgoing links; depth 3.
1161,100000001530740100,terminal,0.4727646797153025,Receives from 1 nodes (KZT 15.0k); no observed outgoing links; depth 2.
1162,100000001893287100,peripheral,0.4724310498220641,"Limited observed structure: 1 incoming, 1 outgoing links; depth 3."
1163,100000003086040100,terminal,0.47236061684460257,Receives from 1 nodes (KZT 10.5k); no observed outgoing links; depth 2.
1164,100000001063678100,peripheral,0.4723420818505339,"Limited observed structure: 1 incoming, 2 outgoing links; depth 3."
1165,100000002842321100,terminal,0.4723161328588375,Receives from 1 nodes (KZT 160.0k); no observed outgoing links; depth 3.
1166,100000007867364100,peripheral,0.4720195729537367,"Limited observed structure: 1 incoming, 0 outgoing links; depth 4."
1167,100000006490615100,peripheral,0.47184163701067616,"Limited observed structure: 1 incoming, 0 outgoing links; depth 4."
1168,100000006161893100,terminal,0.4717341340450771,Receives from 1 nodes (KZT 14.0k); no observed outgoing links; depth 2.
1169,100000008680061100,peripheral,0.4714857651245552,"Limited observed structure: 1 incoming, 0 outgoing links; depth 4."
1170,100000008331280100,peripheral,0.47126334519572954,"Limited observed structure: 1 incoming, 0 outgoing links; depth 4."
1171,100000001853812100,terminal,0.47080738434163705,Receives from 1 nodes (KZT 70.0k); no observed outgoing links; depth 3.
1172,100000000943371100,terminal,0.4706405693950178,Receives from 1 nodes (KZT 15.5k); no observed outgoing links; depth 2.
1173,100000008474391100,terminal,0.4705738434163701,Receives from 1 nodes (KZT 20.0k); no observed outgoing links; depth 3.
1174,100000003823811100,peripheral,0.470251334519573,"Limited observed structure: 1 incoming, 3 outgoing links; depth 2."
1175,100000001220124100,peripheral,0.4700622775800712,"Limited observed structure: 1 incoming, 0 outgoing links; depth 4."
1176,100000003091142100,peripheral,0.4700622775800712,"Limited observed structure: 1 incoming, 0 outgoing links; depth 4."
1177,100000003289281100,peripheral,0.4700622775800712,"Limited observed structure: 1 incoming, 0 outgoing links; depth 4."
1178,100000005079473100,peripheral,0.46899466192170824,"Limited observed structure: 1 incoming, 0 outgoing links; depth 4."
1179,100000001934935100,terminal,0.46853499406880195,Receives from 1 nodes (KZT 118.9k); no observed outgoing links; depth 3.
1180,100000003068941100,peripheral,0.46783807829181495,"Limited observed structure: 3 incoming, 1 outgoing links; depth 2."
1181,100000002784085100,terminal,0.4677676453143535,Receives from 1 nodes (KZT 200.0k); no observed outgoing links; depth 1.
1182,100000000703894100,peripheral,0.46771574733096083,"Limited observed structure: 1 incoming, 1 outgoing links; depth 1."
1183,100000002258492100,peripheral,0.46708185053380785,"Limited observed structure: 1 incoming, 0 outgoing links; depth 4."
1184,100000003447411100,peripheral,0.46701512455516014,"Limited observed structure: 1 incoming, 0 outgoing links; depth 4."
1185,100000005077484100,peripheral,0.4669372775800712,"Limited observed structure: 1 incoming, 2 outgoing links; depth 2."
1186,100000004450649100,peripheral,0.46653692170818506,"Limited observed structure: 2 incoming, 2 outgoing links; depth 3."
1187,100000003024542100,terminal,0.4664887307236062,Receives from 1 nodes (KZT 8.5k); no observed outgoing links; depth 2.
1188,100000008728457100,terminal,0.46648502372479245,Receives from 1 nodes (KZT 45.0k); no observed outgoing links; depth 1.
1189,100000005619339100,transit,0.4663936536180308,Pass-through 1.09; 1 incoming and 1 outgoing links; depth 2.
1190,100000001223977100,peripheral,0.4663589857651245,"Limited observed structure: 1 incoming, 1 outgoing links; depth 3."
1191,100000004890713100,peripheral,0.466136565836299,"Limited observed structure: 1 incoming, 0 outgoing links; depth 4."
1192,100000006706519100,peripheral,0.46601423487544485,"Limited observed structure: 1 incoming, 0 outgoing links; depth 4."
1193,100000003105929100,peripheral,0.46553603202846977,"Limited observed structure: 1 incoming, 1 outgoing links; depth 3."
1194,100000007960337100,peripheral,0.46552491103202853,"Limited observed structure: 1 incoming, 0 outgoing links; depth 4."
1195,100000000961900100,terminal,0.46546930604982206,Receives from 2 nodes (KZT 36.0k); no observed outgoing links; depth 1.
1196,100000002891765100,terminal,0.46536921708185053,Receives from 1 nodes (KZT 55.6k); no observed outgoing links; depth 3.
1197,100000002596039100,peripheral,0.4652913701067616,"Limited observed structure: 1 incoming, 0 outgoing links; depth 4."
1198,100000001046626100,terminal,0.46496886120996445,Receives from 1 nodes (KZT 150.0k); no observed outgoing links; depth 3.
1199,100000002459240100,terminal,0.46496886120996445,Receives from 1 nodes (KZT 150.0k); no observed outgoing links; depth 3.
1200,100000003486970100,terminal,0.46496886120996445,Receives from 1 nodes (KZT 150.0k); no observed outgoing links; depth 3.
1201,100000008436257100,terminal,0.46491325622775803,Receives from 2 nodes (KZT 35.0k); no observed outgoing links; depth 3.
1202,100000006165886100,peripheral,0.4648576512455517,"Limited observed structure: 2 incoming, 1 outgoing links; depth 3."
1203,100000000737152100,peripheral,0.46467971530249114,"Limited observed structure: 1 incoming, 0 outgoing links; depth 4."
1204,100000000942301100,terminal,0.4643090154211151,Receives from 1 nodes (KZT 57.6k); no observed outgoing links; depth 3.
1205,100000002540623100,terminal,0.4642978944246738,Receives from 1 nodes (KZT 100.0k); no observed outgoing links; depth 2.
1206,100000001052789100,terminal,0.4642348754448399,Receives from 1 nodes (KZT 71.0k); no observed outgoing links; depth 3.
1207,100000005572303100,peripheral,0.46413478647686834,"Limited observed structure: 1 incoming, 1 outgoing links; depth 2."
1208,100000003448713100,peripheral,0.4640569395017794,"Limited observed structure: 1 incoming, 0 outgoing links; depth 4."
1209,100000008259451100,terminal,0.4640569395017794,Receives from 1 nodes (KZT 55.0k); no observed outgoing links; depth 3.
1210,100000000861294100,terminal,0.4640346975088968,Receives from 1 nodes (KZT 150.0k); no observed outgoing links; depth 2.
1211,100000002459093100,peripheral,0.4639902135231317,"Limited observed structure: 1 incoming, 1 outgoing links; depth 2."
1212,100000002721825100,terminal,0.46391607354685643,Receives from 1 nodes (KZT 11.0k); no observed outgoing links; depth 2.
1213,100000002475601100,terminal,0.4638641755634638,Receives from 1 nodes (KZT 232.3k); no observed outgoing links; depth 3.
1214,100000002478829100,peripheral,0.46343416370106766,"Limited observed structure: 1 incoming, 0 outgoing links; depth 4."
1215,100000002481735100,terminal,0.4631079478054567,Receives from 1 nodes (KZT 22.4k); no observed outgoing links; depth 2.
1216,100000004315838100,peripheral,0.4622553380782919,"Limited observed structure: 2 incoming, 1 outgoing links; depth 1."
1217,100000003204491100,peripheral,0.4622442170818506,"Limited observed structure: 1 incoming, 1 outgoing links; depth 3."
1218,100000004185681100,terminal,0.4621515421115065,Receives from 1 nodes (KZT 10.0k); no observed outgoing links; depth 3.
1219,100000000470237100,peripheral,0.46205516014234876,"Limited observed structure: 1 incoming, 0 outgoing links; depth 4."
1220,100000001384826100,peripheral,0.4616214412811388,"Limited observed structure: 1 incoming, 1 outgoing links; depth 3."
1221,100000008474308100,peripheral,0.4615324733096086,"Limited observed structure: 1 incoming, 1 outgoing links; depth 2."
1222,100000001825934100,peripheral,0.46122108540925266,"Limited observed structure: 1 incoming, 1 outgoing links; depth 3."
1223,100000000557536100,peripheral,0.4611321174377224,"Limited observed structure: 1 incoming, 0 outgoing links; depth 4."
1224,100000001690439100,terminal,0.460954181494662,Receives from 1 nodes (KZT 14.2k); no observed outgoing links; depth 3.
1225,100000004097972100,peripheral,0.460798487544484,"Limited observed structure: 1 incoming, 2 outgoing links; depth 3."
1226,100000004526651100,peripheral,0.46064279359430604,"Limited observed structure: 1 incoming, 0 outgoing links; depth 4."
1227,100000002489253100,terminal,0.4605315836298932,Receives from 1 nodes (KZT 51.0k); no observed outgoing links; depth 2.
1228,100000002188586100,peripheral,0.460442615658363,"Limited observed structure: 1 incoming, 0 outgoing links; depth 4."
1229,100000005186109100,terminal,0.46028321470937134,Receives from 1 nodes (KZT 5.0k); no observed outgoing links; depth 3.
1230,100000005910895100,peripheral,0.45987544483985765,"Limited observed structure: 1 incoming, 0 outgoing links; depth 4."
1231,100000005053653100,peripheral,0.45956405693950186,"Limited observed structure: 2 incoming, 1 outgoing links; depth 2."
1232,100000002511825100,terminal,0.4595418149466192,Receives from 1 nodes (KZT 65.0k); no observed outgoing links; depth 1.
1233,100000004644615100,peripheral,0.45950845195729545,"Limited observed structure: 1 incoming, 2 outgoing links; depth 3."
1234,100000001160401100,terminal,0.45934534400948995,Receives from 1 nodes (KZT 47.2k); no observed outgoing links; depth 3.
1235,100000004657034100,terminal,0.45934163701067615,Receives from 1 nodes (KZT 141.2k); no observed outgoing links; depth 3.
1236,100000000583220100,peripheral,0.4592193060498221,"Limited observed structure: 1 incoming, 1 outgoing links; depth 3."
1237,100000003943483100,terminal,0.4592155990510083,Receives from 1 nodes (KZT 10.0k); no observed outgoing links; depth 2.
1238,100000004192107100,terminal,0.4592118920521946,Receives from 1 nodes (KZT 25.0k); no observed outgoing links; depth 2.
1239,100000002214383100,peripheral,0.458896797153025,"Limited observed structure: 1 incoming, 0 outgoing links; depth 4."
1240,100000008760098100,peripheral,0.45864101423487547,"Limited observed structure: 1 incoming, 1 outgoing links; depth 3."
1241,100000005546031100,peripheral,0.45862989323843417,"Limited observed structure: 3 incoming, 1 outgoing links; depth 1."
1242,100000008734279100,peripheral,0.45848532028469746,"Limited observed structure: 1 incoming, 0 outgoing links; depth 4."
1243,100000003646145100,peripheral,0.4582740213523132,"Limited observed structure: 1 incoming, 0 outgoing links; depth 4."
1244,100000003215448100,peripheral,0.4576401245551602,"Limited observed structure: 1 incoming, 2 outgoing links; depth 3."
1245,100000000608031100,peripheral,0.45760676156583635,"Limited observed structure: 1 incoming, 0 outgoing links; depth 4."
1246,100000002723674100,peripheral,0.45760676156583635,"Limited observed structure: 1 incoming, 0 outgoing links; depth 4."
1247,100000003001138100,peripheral,0.45760676156583635,"Limited observed structure: 1 incoming, 0 outgoing links; depth 4."
1248,100000004596284100,peripheral,0.45760676156583635,"Limited observed structure: 1 incoming, 0 outgoing links; depth 4."
1249,100000005621418100,peripheral,0.45760676156583635,"Limited observed structure: 1 incoming, 0 outgoing links; depth 4."
1250,100000006416061100,peripheral,0.45760676156583635,"Limited observed structure: 1 incoming, 0 outgoing links; depth 4."
1251,100000008151098100,peripheral,0.45760676156583635,"Limited observed structure: 1 incoming, 0 outgoing links; depth 4."
1252,100000008720856100,peripheral,0.4575733985765124,"Limited observed structure: 1 incoming, 1 outgoing links; depth 3."
1253,100000001782980100,peripheral,0.457395462633452,"Limited observed structure: 1 incoming, 1 outgoing links; depth 2."
1254,100000008459449100,terminal,0.45616103202846975,Receives from 1 nodes (KZT 53.7k); no observed outgoing links; depth 3.
1255,100000008759857100,peripheral,0.45613879003558727,"Limited observed structure: 1 incoming, 2 outgoing links; depth 3."
1256,100000006527156100,peripheral,0.45548265124555165,"Limited observed structure: 1 incoming, 0 outgoing links; depth 4."
1257,100000004467157100,peripheral,0.45450400355871884,"Limited observed structure: 1 incoming, 1 outgoing links; depth 2."
1258,100000003246024100,peripheral,0.45441503558718865,"Limited observed structure: 1 incoming, 1 outgoing links; depth 2."
1259,100000001270470100,peripheral,0.454270462633452,"Limited observed structure: 1 incoming, 0 outgoing links; depth 4."
1260,100000002340562100,terminal,0.454114768683274,Receives from 1 nodes (KZT 36.6k); no observed outgoing links; depth 2.
1261,100000004652395100,peripheral,0.4536810498220641,"Limited observed structure: 3 incoming, 0 outgoing links; depth 4."
1262,100000004241142100,peripheral,0.45351423487544484,"Limited observed structure: 1 incoming, 0 outgoing links; depth 4."
1263,100000002591469100,terminal,0.453403024911032,Receives from 1 nodes (KZT 235.7k); no observed outgoing links; depth 1.
1264,100000006787636100,terminal,0.45322508896797153,Receives from 1 nodes (KZT 20.0k); no observed outgoing links; depth 2.
1265,100000003486846100,peripheral,0.4530249110320285,"Limited observed structure: 1 incoming, 0 outgoing links; depth 4."
1266,100000004788983100,peripheral,0.4530249110320285,"Limited observed structure: 1 incoming, 0 outgoing links; depth 4."
1267,100000005505655100,peripheral,0.4528692170818506,"Limited observed structure: 2 incoming, 1 outgoing links; depth 1."
1268,100000003782913100,peripheral,0.4527246441281139,"Limited observed structure: 1 incoming, 0 outgoing links; depth 4."
1269,100000002981527100,terminal,0.4521018683274022,Receives from 1 nodes (KZT 168.0k); no observed outgoing links; depth 1.
1270,100000002708624100,terminal,0.4514716785290629,Receives from 1 nodes (KZT 25.0k); no observed outgoing links; depth 3.
1271,100000000954884100,terminal,0.4513678825622776,Receives from 1 nodes (KZT 34.0k); no observed outgoing links; depth 3.
1272,100000001110358100,terminal,0.4510972716488731,Receives from 2 nodes (KZT 32.0k); no observed outgoing links; depth 3.
1273,100000005589319100,peripheral,0.45022241992882567,"Limited observed structure: 1 incoming, 0 outgoing links; depth 4."
1274,100000002681449100,peripheral,0.4499888790035588,"Limited observed structure: 2 incoming, 2 outgoing links; depth 1."
1275,100000004750897100,terminal,0.44958481613285883,Receives from 1 nodes (KZT 10.0k); no observed outgoing links; depth 3.
1276,100000003457710100,peripheral,0.4494995551601424,"Limited observed structure: 1 incoming, 1 outgoing links; depth 3."
1277,100000002185328100,peripheral,0.4492548932384342,"Limited observed structure: 1 incoming, 4 outgoing links; depth 3."
1278,100000003254277100,transit,0.4491993786708329,Pass-through 0.91; 1 incoming and 1 outgoing links; depth 3.
1279,100000004005964100,peripheral,0.4491103202846975,"Limited observed structure: 3 incoming, 3 outgoing links; depth 1."
1280,100000003677936100,peripheral,0.4486766014234876,"Limited observed structure: 1 incoming, 1 outgoing links; depth 3."
1281,100000007797290100,peripheral,0.448654359430605,"Limited observed structure: 1 incoming, 1 outgoing links; depth 2."
1282,100000002748180100,distributor,0.4485653914590748,Sends to 8 nodes (KZT 679.7k); receives from 1; outgoing p0.97.
1283,100000002845605100,terminal,0.4485023724792408,Receives from 1 nodes (KZT 57.6k); no observed outgoing links; depth 1.
1284,100000006789108100,terminal,0.4482725385527877,Receives from 1 nodes (KZT 37.5k); no observed outgoing links; depth 1.
1285,100000000404740100,peripheral,0.44804270462633455,"Limited observed structure: 1 incoming, 0 outgoing links; depth 4."
1286,100000001598625100,peripheral,0.44804270462633455,"Limited observed structure: 1 incoming, 0 outgoing links; depth 4."
1287,100000002229615100,peripheral,0.44804270462633455,"Limited observed structure: 1 incoming, 0 outgoing links; depth 4."
1288,100000002369454100,peripheral,0.44804270462633455,"Limited observed structure: 1 incoming, 0 outgoing links; depth 4."
1289,100000004291663100,peripheral,0.44804270462633455,"Limited observed structure: 1 incoming, 0 outgoing links; depth 4."
1290,100000008588665100,peripheral,0.44804270462633455,"Limited observed structure: 1 incoming, 0 outgoing links; depth 4."
1291,100000005008589100,terminal,0.4478573546856465,Receives from 1 nodes (KZT 42.8k); no observed outgoing links; depth 3.
1292,100000003962994100,terminal,0.44780545670225386,Receives from 1 nodes (KZT 10.0k); no observed outgoing links; depth 3.
1293,100000007754369100,terminal,0.4475311387900356,Receives from 1 nodes (KZT 82.4k); no observed outgoing links; depth 3.
1294,100000006385877100,peripheral,0.4465413701067616,"Limited observed structure: 1 incoming, 1 outgoing links; depth 2."
1295,100000000634341100,peripheral,0.4455960854092527,"Limited observed structure: 1 incoming, 0 outgoing links; depth 4."
1296,100000005497148100,peripheral,0.4455960854092527,"Limited observed structure: 1 incoming, 0 outgoing links; depth 4."
1297,100000008713270100,distributor,0.44546263345195725,Sends to 3 nodes (KZT 190.0k); receives from 1; outgoing p0.91.
1298,100000000790311100,terminal,0.4446693357058126,Receives from 1 nodes (KZT 46.3k); no observed outgoing links; depth 2.
1299,100000002528544100,terminal,0.444276393831554,Receives from 1 nodes (KZT 192.9k); no observed outgoing links; depth 3.
1300,100000001808684100,peripheral,0.4440502669039146,"Limited observed structure: 1 incoming, 1 outgoing links; depth 3."
1301,100000002702968100,peripheral,0.4440502669039146,"Limited observed structure: 1 incoming, 0 outgoing links; depth 4."
1302,100000002727288100,terminal,0.44393164294187426,Receives from 1 nodes (KZT 16.0k); no observed outgoing links; depth 3.
1303,100000003173783100,peripheral,0.44377224199288257,"Limited observed structure: 1 incoming, 0 outgoing links; depth 4."
1304,100000007747786100,distributor,0.44374629300118623,Sends to 31 nodes (KZT 4.2m); receives from 0; outgoing p0.99.
1305,100000006952718100,terminal,0.443564650059312,Receives from 1 nodes (KZT 71.5k); no observed outgoing links; depth 1.
1306,100000003134474100,terminal,0.4434126631079478,Receives from 1 nodes (KZT 116.0k); no observed outgoing links; depth 3.
1307,100000004984689100,terminal,0.443379300118624,Receives from 1 nodes (KZT 53.0k); no observed outgoing links; depth 3.
1308,100000001597424100,terminal,0.4433199881376038,Receives from 1 nodes (KZT 48.1k); no observed outgoing links; depth 3.
1309,100000006288612100,peripheral,0.4432717971530249,"Limited observed structure: 1 incoming, 0 outgoing links; depth 4."
1310,100000008672603100,terminal,0.44256746737841046,Receives from 1 nodes (KZT 21.2k); no observed outgoing links; depth 2.
1311,100000001818442100,terminal,0.44254151838671413,Receives from 1 nodes (KZT 42.2k); no observed outgoing links; depth 3.
1312,100000004564736100,terminal,0.4425155693950178,Receives from 1 nodes (KZT 15.0k); no observed outgoing links; depth 3.
1313,100000001251686100,terminal,0.44250074139976275,Receives from 1 nodes (KZT 18.0k); no observed outgoing links; depth 2.
1314,100000005198906100,peripheral,0.4418927935943061,"Limited observed structure: 1 incoming, 1 outgoing links; depth 3."
1315,100000002660298100,peripheral,0.4418038256227758,"Limited observed structure: 1 incoming, 0 outgoing links; depth 4."
1316,100000002862113100,terminal,0.4415480427046264,Receives from 1 nodes (KZT 47.4k); no observed outgoing links; depth 3.
1317,100000002989353100,peripheral,0.44143683274021356,"Limited observed structure: 1 incoming, 2 outgoing links; depth 3."
1318,100000002621915100,terminal,0.4413775207591934,Receives from 1 nodes (KZT 5.0k); no observed outgoing links; depth 2.
1319,100000002566204100,terminal,0.44130338078291814,Receives from 1 nodes (KZT 80.8k); no observed outgoing links; depth 2.
1320,100000002356167100,peripheral,0.44096975088967977,"Limited observed structure: 1 incoming, 2 outgoing links; depth 3."
1321,100000002984403100,peripheral,0.440780693950178,"Limited observed structure: 1 incoming, 1 outgoing links; depth 3."
1322,100000003899325100,terminal,0.44066577698695136,Receives from 1 nodes (KZT 50.1k); no observed outgoing links; depth 3.
1323,100000003819173100,peripheral,0.44039145907473315,"Limited observed structure: 1 incoming, 0 outgoing links; depth 4."
1324,100000003500764100,peripheral,0.44034697508896803,"Limited observed structure: 1 incoming, 0 outgoing links; depth 4."
1325,100000002842337100,terminal,0.4400652431791222,Receives from 1 nodes (KZT 50.0k); no observed outgoing links; depth 2.
1326,100000004336228100,terminal,0.43987247924080664,Receives from 1 nodes (KZT 51.4k); no observed outgoing links; depth 3.
1327,100000008664469100,terminal,0.43977239027283516,Receives from 1 nodes (KZT 25.0k); no observed outgoing links; depth 1.
1328,100000003617552100,terminal,0.43941651838671414,Receives from 1 nodes (KZT 25.0k); no observed outgoing links; depth 2.
1329,100000004130144100,terminal,0.43935349940688023,Receives from 1 nodes (KZT 200.0k); no observed outgoing links; depth 1.
1330,100000007641801100,terminal,0.43935349940688023,Receives from 1 nodes (KZT 200.0k); no observed outgoing links; depth 1.
1331,100000003980083100,terminal,0.4388419335705813,Receives from 1 nodes (KZT 30.0k); no observed outgoing links; depth 1.
1332,100000004629688100,peripheral,0.43880115658362995,"Limited observed structure: 1 incoming, 1 outgoing links; depth 3."
1333,100000007591246100,peripheral,0.4387789145907473,"Limited observed structure: 1 incoming, 1 outgoing links; depth 3."
1334,100000002838519100,terminal,0.438752965599051,Receives from 1 nodes (KZT 46.9k); no observed outgoing links; depth 3.
1335,100000003242795100,terminal,0.4386639976275208,Receives from 1 nodes (KZT 111.0k); no observed outgoing links; depth 3.
1336,100000004687282100,terminal,0.4384341637010677,Receives from 1 nodes (KZT 20.0k); no observed outgoing links; depth 2.
1337,100000005498992100,distributor,0.43837114472123373,Sends to 16 nodes (KZT 2.3m); receives from 0; outgoing p0.98.
1338,100000001549194100,terminal,0.43802639383155395,Receives from 1 nodes (KZT 46.5k); no observed outgoing links; depth 3.
1339,100000001831496100,peripheral,0.43765569395017795,"Limited observed structure: 1 incoming, 1 outgoing links; depth 3."
1340,100000004979283100,terminal,0.4373962040332148,Receives from 1 nodes (KZT 40.1k); no observed outgoing links; depth 3.
1341,100000003971049100,terminal,0.4372479240806644,Receives from 1 nodes (KZT 55.9k); no observed outgoing links; depth 2.
1342,100000008060273100,terminal,0.43724051008303677,Receives from 1 nodes (KZT 10.0k); no observed outgoing links; depth 2.
1343,100000000500040100,peripheral,0.4368772241992883,"Limited observed structure: 1 incoming, 0 outgoing links; depth 4."
1344,100000000655469100,peripheral,0.4368772241992883,"Limited observed structure: 1 incoming, 0 outgoing links; depth 4."
1345,100000001275557100,peripheral,0.4368772241992883,"Limited observed structure: 1 incoming, 0 outgoing links; depth 4."
1346,100000001845505100,peripheral,0.4368772241992883,"Limited observed structure: 1 incoming, 0 outgoing links; depth 4."
1347,100000002227989100,peripheral,0.4368772241992883,"Limited observed structure: 1 incoming, 0 outgoing links; depth 4."
1348,100000002305477100,peripheral,0.4368772241992883,"Limited observed structure: 1 incoming, 0 outgoing links; depth 4."
1349,100000002748511100,peripheral,0.4368772241992883,"Limited observed structure: 1 incoming, 0 outgoing links; depth 4."
1350,100000003177533100,peripheral,0.4368772241992883,"Limited observed structure: 1 incoming, 0 outgoing links; depth 4."
1351,100000003370425100,peripheral,0.4368772241992883,"Limited observed structure: 1 incoming, 0 outgoing links; depth 4."
1352,100000004350094100,peripheral,0.4368772241992883,"Limited observed structure: 1 incoming, 0 outgoing links; depth 4."
1353,100000004674178100,peripheral,0.4368772241992883,"Limited observed structure: 1 incoming, 0 outgoing links; depth 4."
1354,100000004791226100,peripheral,0.4368772241992883,"Limited observed structure: 1 incoming, 0 outgoing links; depth 4."
1355,100000004988240100,peripheral,0.4368772241992883,"Limited observed structure: 1 incoming, 0 outgoing links; depth 4."
1356,100000006512787100,peripheral,0.4368772241992883,"Limited observed structure: 1 incoming, 0 outgoing links; depth 4."
1357,100000006918814100,peripheral,0.4368772241992883,"Limited observed structure: 1 incoming, 0 outgoing links; depth 4."
1358,100000007988344100,peripheral,0.4368772241992883,"Limited observed structure: 1 incoming, 0 outgoing links; depth 4."
1359,100000008471634100,peripheral,0.4368772241992883,"Limited observed structure: 1 incoming, 0 outgoing links; depth 4."
1360,100000002778085100,terminal,0.4367660142348755,Receives from 1 nodes (KZT 66.2k); no observed outgoing links; depth 1.
1361,100000008595687100,peripheral,0.43664368327402137,"Limited observed structure: 1 incoming, 1 outgoing links; depth 3."
1362,100000001639766100,terminal,0.43638790035587194,Receives from 1 nodes (KZT 20.0k); no observed outgoing links; depth 3.
1363,100000008629504100,peripheral,0.43604314946619216,"Limited observed structure: 1 incoming, 0 outgoing links; depth 4."
1364,100000008583971100,peripheral,0.4354648576512456,"Limited observed structure: 2 incoming, 0 outgoing links; depth 4."
1365,100000008422226100,terminal,0.43540183867141163,Receives from 1 nodes (KZT 87.5k); no observed outgoing links; depth 3.
1366,100000008405209100,terminal,0.4353870106761566,Receives from 1 nodes (KZT 54.4k); no observed outgoing links; depth 3.
1367,100000003040087100,peripheral,0.4348643238434164,"Limited observed structure: 1 incoming, 0 outgoing links; depth 4."
1368,100000000795374100,terminal,0.43482725385527876,Receives from 1 nodes (KZT 50.0k); no observed outgoing links; depth 3.
1369,100000003711830100,terminal,0.43482725385527876,Receives from 1 nodes (KZT 50.0k); no observed outgoing links; depth 3.
1370,100000006612238100,peripheral,0.4347753558718861,"Limited observed structure: 1 incoming, 1 outgoing links; depth 2."
1371,100000004746397100,peripheral,0.4346196619217082,"Limited observed structure: 1 incoming, 1 outgoing links; depth 3."
1372,100000008737958100,terminal,0.43460112692763936,Receives from 2 nodes (KZT 53.4k); no observed outgoing links; depth 1.
1373,100000001232297100,peripheral,0.4343972419928826,"Limited observed structure: 1 incoming, 2 outgoing links; depth 2."
1374,100000002952756100,terminal,0.43438241399762756,Receives from 1 nodes (KZT 47.0k); no observed outgoing links; depth 3.
1375,100000003760160100,terminal,0.4342897390272835,Receives from 1 nodes (KZT 104.5k); no observed outgoing links; depth 3.
1376,100000000860514100,peripheral,0.4336187722419929,"Limited observed structure: 1 incoming, 1 outgoing links; depth 3."
1377,100000001138283100,peripheral,0.4335965302491103,"Limited observed structure: 1 incoming, 2 outgoing links; depth 3."
1378,100000002969048100,terminal,0.4334223013048636,Receives from 1 nodes (KZT 108.5k); no observed outgoing links; depth 2.
1379,100000005893892100,terminal,0.4333407473309609,Receives from 1 nodes (KZT 102.8k); no observed outgoing links; depth 3.
1380,100000000831684100,peripheral,0.4332851423487545,"Limited observed structure: 1 incoming, 1 outgoing links; depth 2."
1381,100000008738526100,peripheral,0.4332406583629893,"Limited observed structure: 1 incoming, 1 outgoing links; depth 3."
1382,100000003843844100,peripheral,0.4330627224199288,"Limited observed structure: 1 incoming, 1 outgoing links; depth 3."
1383,100000005852946100,terminal,0.43288107947805465,Receives from 1 nodes (KZT 23.7k); no observed outgoing links; depth 1.
1384,100000004891562100,peripheral,0.432829181494662,"Limited observed structure: 1 incoming, 0 outgoing links; depth 4."
1385,100000007982728100,distributor,0.4326771945432977,Sends to 8 nodes (KZT 1.8m); receives from 0; outgoing p0.97.
1386,100000008680731100,distributor,0.43266236654804274,Sends to 27 nodes (KZT 1.5m); receives from 0; outgoing p0.99.
1387,100000001130553100,peripheral,0.43265124555160145,"Limited observed structure: 1 incoming, 0 outgoing links; depth 4."
1388,100000005375968100,peripheral,0.4325956405693951,"Limited observed structure: 1 incoming, 2 outgoing links; depth 3."
1389,100000008349740100,peripheral,0.4325511565836299,"Limited observed structure: 1 incoming, 0 outgoing links; depth 4."
1390,100000002506987100,peripheral,0.4320618327402135,"Limited observed structure: 1 incoming, 0 outgoing links; depth 4."
1391,100000002611334100,peripheral,0.4319951067615659,"Limited observed structure: 1 incoming, 1 outgoing links; depth 3."
1392,100000002514975100,peripheral,0.4319839857651246,"Limited observed structure: 1 incoming, 0 outgoing links; depth 4."
1393,100000004491749100,terminal,0.43183570581257413,Receives from 1 nodes (KZT 50.0k); no observed outgoing links; depth 3.
1394,100000003054328100,peripheral,0.43168371886121,"Limited observed structure: 1 incoming, 2 outgoing links; depth 2."
1395,100000001550388100,terminal,0.43149095492289447,Receives from 1 nodes (KZT 50.0k); no observed outgoing links; depth 1.
1396,100000006687202100,terminal,0.43149095492289447,Receives from 1 nodes (KZT 50.0k); no observed outgoing links; depth 1.
1397,100000008088082100,peripheral,0.4311943950177936,"Limited observed structure: 1 incoming, 1 outgoing links; depth 3."
1398,100000002809896100,terminal,0.43107206405693954,Receives from 1 nodes (KZT 38.0k); no observed outgoing links; depth 3.
1399,100000004066647100,terminal,0.4308385231316726,Receives from 1 nodes (KZT 51.0k); no observed outgoing links; depth 3.
1400,100000006684930100,terminal,0.4301008303677343,Receives from 1 nodes (KZT 10.0k); no observed outgoing links; depth 2.
1401,100000008193258100,peripheral,0.429904359430605,"Limited observed structure: 1 incoming, 1 outgoing links; depth 3."
1402,100000004292885100,terminal,0.429811684460261,Receives from 1 nodes (KZT 112.7k); no observed outgoing links; depth 3.
1403,100000004856746100,peripheral,0.4295929715302491,"Limited observed structure: 1 incoming, 0 outgoing links; depth 4."
1404,100000003010908100,peripheral,0.42918149466192174,"Limited observed structure: 1 incoming, 0 outgoing links; depth 4."
1405,100000002214207100,peripheral,0.4291370106761566,"Limited observed structure: 1 incoming, 0 outgoing links; depth 4."
1406,100000003647799100,terminal,0.4288107947805457,Receives from 1 nodes (KZT 100.0k); no observed outgoing links; depth 3.
1407,100000000981693100,peripheral,0.42864768683274024,"Limited observed structure: 1 incoming, 0 outgoing links; depth 4."
1408,100000006866831100,peripheral,0.42864768683274024,"Limited observed structure: 1 incoming, 0 outgoing links; depth 4."
1409,100000005127767100,terminal,0.42808051601423486,Receives from 1 nodes (KZT 7.0k); no observed outgoing links; depth 3.
1410,100000004041294100,peripheral,0.42774688612099643,"Limited observed structure: 1 incoming, 0 outgoing links; depth 4."
1411,100000001065481100,peripheral,0.427491103202847,"Limited observed structure: 1 incoming, 0 outgoing links; depth 4."
1412,100000007653094100,peripheral,0.427491103202847,"Limited observed structure: 1 incoming, 0 outgoing links; depth 4."
1413,100000008258458100,peripheral,0.42742437722419935,"Limited observed structure: 1 incoming, 2 outgoing links; depth 3."
1414,100000008106997100,peripheral,0.4270685053380784,"Limited observed structure: 2 incoming, 1 outgoing links; depth 2."
1415,100000000534581100,peripheral,0.42693505338078297,"Limited observed structure: 2 incoming, 1 outgoing links; depth 3."
1416,100000004368189100,peripheral,0.42685720640569397,"Limited observed structure: 1 incoming, 2 outgoing links; depth 3."
1417,100000007861311100,terminal,0.42656064650059317,Receives from 1 nodes (KZT 45.0k); no observed outgoing links; depth 2.
1418,100000002748581100,terminal,0.42650504151838675,Receives from 1 nodes (KZT 41.2k); no observed outgoing links; depth 3.
1419,100000005264874100,peripheral,0.42606761565836304,"Limited observed structure: 1 incoming, 2 outgoing links; depth 3."
1420,100000008043184100,terminal,0.42594899169632267,Receives from 1 nodes (KZT 50.6k); no observed outgoing links; depth 3.
1421,100000006248077100,terminal,0.42576364175563464,Receives from 1 nodes (KZT 50.0k); no observed outgoing links; depth 2.
1422,100000002612809100,peripheral,0.4256672597864769,"Limited observed structure: 1 incoming, 3 outgoing links; depth 3."
1423,100000004222274100,peripheral,0.4254003558718861,"Limited observed structure: 1 incoming, 0 outgoing links; depth 4."
1424,100000004580202100,peripheral,0.4253669928825623,"Limited observed structure: 1 incoming, 3 outgoing links; depth 2."
1425,100000008297199100,terminal,0.42531880189798343,Receives from 1 nodes (KZT 42.3k); no observed outgoing links; depth 3.
1426,100000001805543100,terminal,0.42471085409252674,Receives from 1 nodes (KZT 59.0k); no observed outgoing links; depth 1.
1427,100000003148220100,peripheral,0.42453291814946625,"Limited observed structure: 1 incoming, 2 outgoing links; depth 1."
1428,100000000600707100,peripheral,0.4244217081850534,"Limited observed structure: 1 incoming, 0 outgoing links; depth 4."
1429,100000002391278100,peripheral,0.42416592526690394,"Limited observed structure: 1 incoming, 1 outgoing links; depth 3."
1430,100000002750956100,terminal,0.4239916963226572,Receives from 1 nodes (KZT 47.4k); no observed outgoing links; depth 1.
1431,100000006048193100,terminal,0.4238953143534994,Receives from 1 nodes (KZT 41.6k); no observed outgoing links; depth 3.
1432,100000002231144100,peripheral,0.42366548042704627,"Limited observed structure: 1 incoming, 0 outgoing links; depth 4."
1433,100000002304943100,peripheral,0.42366548042704627,"Limited observed structure: 1 incoming, 0 outgoing links; depth 4."
1434,100000004379306100,peripheral,0.42366548042704627,"Limited observed structure: 1 incoming, 0 outgoing links; depth 4."
1435,100000008524903100,peripheral,0.42366548042704627,"Limited observed structure: 1 incoming, 0 outgoing links; depth 4."
1436,100000004445291100,terminal,0.423591340450771,Receives from 1 nodes (KZT 19.5k); no observed outgoing links; depth 3.
1437,100000005037490100,peripheral,0.42345418149466196,"Limited observed structure: 1 incoming, 2 outgoing links; depth 3."
1438,100000003039473100,terminal,0.42336521352313167,Receives from 1 nodes (KZT 23.0k); no observed outgoing links; depth 2.
1439,100000005931985100,terminal,0.42325771055753264,Receives from 1 nodes (KZT 76.0k); no observed outgoing links; depth 2.
1440,100000004358004100,distributor,0.42277950771055756,Sends to 11 nodes (KZT 980.9k); receives from 0; outgoing p0.98.
1441,100000001049200100,peripheral,0.4227201957295374,"Limited observed structure: 2 incoming, 4 outgoing links; depth 1."
1442,100000002015633100,terminal,0.42264234875444845,Receives from 1 nodes (KZT 95.0k); no observed outgoing links; depth 3.
1443,100000002613776100,terminal,0.42253855278766317,Receives from 1 nodes (KZT 30.0k); no observed outgoing links; depth 2.
1444,100000002951898100,terminal,0.42241251482799524,Receives from 1 nodes (KZT 40.0k); no observed outgoing links; depth 3.
1445,100000000922570100,transit,0.4223603900220175,Pass-through 1.06; 1 incoming and 1 outgoing links; depth 1.
1446,100000005495211100,peripheral,0.42179715302491105,"Limited observed structure: 1 incoming, 0 outgoing links; depth 4."
1447,100000008071620100,terminal,0.4215302491103203,Receives from 1 nodes (KZT 47.0k); no observed outgoing links; depth 1.
1448,100000000424935100,peripheral,0.4213856761565836,"Limited observed structure: 1 incoming, 0 outgoing links; depth 4."
1449,100000001848426100,terminal,0.421255931198102,Receives from 1 nodes (KZT 95.5k); no observed outgoing links; depth 2.
1450,100000003078839100,peripheral,0.4208185053380783,"Limited observed structure: 1 incoming, 0 outgoing links; depth 4."
1451,100000002232266100,terminal,0.42071100237247927,Receives from 1 nodes (KZT 45.0k); no observed outgoing links; depth 3.
1452,100000005756535100,terminal,0.42059608540925275,Receives from 1 nodes (KZT 20.0k); no observed outgoing links; depth 3.
1453,100000004502048100,peripheral,0.4202402135231317,"Limited observed structure: 1 incoming, 0 outgoing links; depth 4."
1454,100000002757797100,terminal,0.42003632858837486,Receives from 1 nodes (KZT 100.0k); no observed outgoing links; depth 1.
1455,100000002320495100,peripheral,0.41997330960854096,"Limited observed structure: 1 incoming, 0 outgoing links; depth 4."
1456,100000008677368100,peripheral,0.4198843416370107,"Limited observed structure: 1 incoming, 0 outgoing links; depth 4."
1457,100000004167082100,peripheral,0.41966192170818506,"Limited observed structure: 1 incoming, 0 outgoing links; depth 4."
1458,100000004691350100,peripheral,0.41966192170818506,"Limited observed structure: 1 incoming, 0 outgoing links; depth 4."
1459,100000000408846100,terminal,0.4195989027283511,Receives from 1 nodes (KZT 40.5k); no observed outgoing links; depth 3.
1460,100000008071749100,peripheral,0.419539590747331,"Limited observed structure: 1 incoming, 0 outgoing links; depth 4."
1461,100000005082652100,terminal,0.4193801897983393,Receives from 1 nodes (KZT 30.0k); no observed outgoing links; depth 3.
1462,100000001089055100,peripheral,0.4190391459074733,"Limited observed structure: 1 incoming, 0 outgoing links; depth 4."
1463,100000005849862100,peripheral,0.4190391459074733,"Limited observed structure: 1 incoming, 0 outgoing links; depth 4."
1464,100000006351075100,peripheral,0.4187388790035587,"Limited observed structure: 1 incoming, 0 outgoing links; depth 4."
1465,100000006888238100,peripheral,0.4185164590747331,"Limited observed structure: 1 incoming, 1 outgoing links; depth 2."
1466,100000003942602100,transit,0.41843490510083037,Pass-through 1.00; 1 incoming and 1 outgoing links; depth 1.
1467,100000000481716100,terminal,0.4184126631079478,Receives from 1 nodes (KZT 8.0k); no observed outgoing links; depth 3.
1468,100000008778010100,peripheral,0.4182384341637011,"Limited observed structure: 1 incoming, 0 outgoing links; depth 4."
1469,100000002832753100,peripheral,0.418193950177936,"Limited observed structure: 1 incoming, 0 outgoing links; depth 4."
1470,100000004232712100,peripheral,0.418193950177936,"Limited observed structure: 1 incoming, 0 outgoing links; depth 4."
1471,100000005602999100,peripheral,0.41767126334519583,"Limited observed structure: 1 incoming, 2 outgoing links; depth 2."
1472,100000008514970100,peripheral,0.41758229537366554,"Limited observed structure: 1 incoming, 1 outgoing links; depth 3."
1473,100000002757791100,terminal,0.4175081553973903,Receives from 1 nodes (KZT 73.0k); no observed outgoing links; depth 3.
1474,100000003073398100,terminal,0.4172894424673784,Receives from 1 nodes (KZT 93.0k); no observed outgoing links; depth 2.
1475,100000002284426100,terminal,0.41668520166073547,Receives from 1 nodes (KZT 90.0k); no observed outgoing links; depth 3.
1476,100000001648936100,terminal,0.4165925266903915,Receives from 1 nodes (KZT 92.7k); no observed outgoing links; depth 2.
1477,100000002662768100,terminal,0.4165554567022538,Receives from 1 nodes (KZT 84.3k); no observed outgoing links; depth 1.
1478,100000002692044100,terminal,0.4164034697508897,Receives from 1 nodes (KZT 97.0k); no observed outgoing links; depth 1.
1479,100000008327791100,peripheral,0.41561387900355873,"Limited observed structure: 1 incoming, 0 outgoing links; depth 4."
1480,100000000955529100,peripheral,0.41542482206405695,"Limited observed structure: 1 incoming, 1 outgoing links; depth 3."
1481,100000006693788100,peripheral,0.41508007117437723,"Limited observed structure: 1 incoming, 0 outgoing links; depth 4."
1482,100000004030553100,peripheral,0.41499110320284704,"Limited observed structure: 1 incoming, 0 outgoing links; depth 4."
1483,100000000254336100,peripheral,0.4149021352313168,"Limited observed structure: 2 incoming, 1 outgoing links; depth 3."
1484,100000001703168100,peripheral,0.41469083629893244,"Limited observed structure: 1 incoming, 1 outgoing links; depth 2."
1485,100000002028158100,terminal,0.4141829774614472,Receives from 1 nodes (KZT 34.8k); no observed outgoing links; depth 2.
1486,100000008762728100,terminal,0.41407176749703445,Receives from 1 nodes (KZT 17.0k); no observed outgoing links; depth 2.
1487,100000007618425100,terminal,0.4139976275207592,Receives from 1 nodes (KZT 39.3k); no observed outgoing links; depth 3.
1488,100000008306857100,terminal,0.4135045966785291,Receives from 1 nodes (KZT 125.0k); no observed outgoing links; depth 3.
1489,100000002301828100,terminal,0.4134267497034402,Receives from 1 nodes (KZT 47.0k); no observed outgoing links; depth 3.
1490,100000005203590100,terminal,0.413304418742586,Receives from 1 nodes (KZT 90.0k); no observed outgoing links; depth 2.
1491,100000001637376100,peripheral,0.4132006227758007,"Limited observed structure: 1 incoming, 1 outgoing links; depth 3."
1492,100000004475818100,peripheral,0.4131116548042705,"Limited observed structure: 1 incoming, 3 outgoing links; depth 3."
1493,100000002578653100,terminal,0.4130782918149466,Receives from 1 nodes (KZT 20.0k); no observed outgoing links; depth 3.
1494,100000004066370100,peripheral,0.4124555160142349,"Limited observed structure: 1 incoming, 0 outgoing links; depth 4."
1495,100000002914245100,terminal,0.41230723606168446,Receives from 1 nodes (KZT 140.6k); no observed outgoing links; depth 3.
1496,100000004991812100,terminal,0.41199584816132856,Receives from 1 nodes (KZT 10.0k); no observed outgoing links; depth 3.
1497,100000002703376100,terminal,0.4119068801897984,Receives from 1 nodes (KZT 46.5k); no observed outgoing links; depth 2.
1498,100000002653948100,terminal,0.41177342823250296,Receives from 1 nodes (KZT 85.2k); no observed outgoing links; depth 3.
1499,100000000299820100,peripheral,0.41169928825622776,"Limited observed structure: 1 incoming, 0 outgoing links; depth 4."
1500,100000002726055100,peripheral,0.41169928825622776,"Limited observed structure: 1 incoming, 0 outgoing links; depth 4."
1501,100000002728246100,peripheral,0.41169928825622776,"Limited observed structure: 1 incoming, 0 outgoing links; depth 4."
1502,100000003146511100,peripheral,0.41169928825622776,"Limited observed structure: 1 incoming, 0 outgoing links; depth 4."
1503,100000003632533100,peripheral,0.41169928825622776,"Limited observed structure: 1 incoming, 0 outgoing links; depth 4."
1504,100000004049912100,peripheral,0.41169928825622776,"Limited observed structure: 1 incoming, 0 outgoing links; depth 4."
1505,100000004177936100,peripheral,0.41169928825622776,"Limited observed structure: 1 incoming, 0 outgoing links; depth 4."
1506,100000004260869100,peripheral,0.41169928825622776,"Limited observed structure: 1 incoming, 0 outgoing links; depth 4."
1507,100000004265639100,peripheral,0.41169928825622776,"Limited observed structure: 1 incoming, 0 outgoing links; depth 4."
1508,100000004850609100,peripheral,0.41169928825622776,"Limited observed structure: 1 incoming, 0 outgoing links; depth 4."
1509,100000004981068100,peripheral,0.41169928825622776,"Limited observed structure: 1 incoming, 0 outgoing links; depth 4."
1510,100000005041147100,peripheral,0.41169928825622776,"Limited observed structure: 1 incoming, 0 outgoing links; depth 4."
1511,100000006171671100,peripheral,0.41169928825622776,"Limited observed structure: 1 incoming, 0 outgoing links; depth 4."
1512,100000000971908100,terminal,0.41161402728351126,Receives from 1 nodes (KZT 89.0k); no observed outgoing links; depth 2.
1513,100000005730108100,terminal,0.410627965599051,Receives from 1 nodes (KZT 8.0k); no observed outgoing links; depth 2.
1514,100000003239379100,terminal,0.4104611506524318,Receives from 1 nodes (KZT 92.5k); no observed outgoing links; depth 1.
1515,100000002182176100,terminal,0.4104314946619217,Receives from 1 nodes (KZT 42.5k); no observed outgoing links; depth 1.
1516,100000005394708100,peripheral,0.4103758896797153,"Limited observed structure: 1 incoming, 1 outgoing links; depth 1."
1517,100000002508637100,peripheral,0.4098865658362989,"Limited observed structure: 1 incoming, 1 outgoing links; depth 3."
1518,100000000926766100,peripheral,0.4090858540925267,"Limited observed structure: 1 incoming, 1 outgoing links; depth 3."
1519,100000001262647100,terminal,0.40908214709371293,Receives from 1 nodes (KZT 23.6k); no observed outgoing links; depth 2.
1520,100000008547295100,terminal,0.4088856761565836,Receives from 1 nodes (KZT 15.0k); no observed outgoing links; depth 3.
1521,100000003934614100,peripheral,0.40878558718861213,"Limited observed structure: 2 incoming, 1 outgoing links; depth 3."
1522,100000007737775100,terminal,0.4084482502965599,Receives from 1 nodes (KZT 6.0k); no observed outgoing links; depth 3.
1523,100000003888197100,terminal,0.4082814353499407,Receives from 1 nodes (KZT 83.2k); no observed outgoing links; depth 3.
1524,100000003481025100,peripheral,0.4079626334519573,"Limited observed structure: 1 incoming, 0 outgoing links; depth 4."
1525,100000005100475100,terminal,0.4078884934756821,Receives from 1 nodes (KZT 40.0k); no observed outgoing links; depth 3.
1526,100000008762832100,peripheral,0.4077735765124555,"Limited observed structure: 1 incoming, 1 outgoing links; depth 2."
1527,100000003066385100,terminal,0.4073991696322657,Receives from 2 nodes (KZT 20.0k); no observed outgoing links; depth 1.
1528,100000007484343100,terminal,0.4073250296559905,Receives from 2 nodes (KZT 26.8k); no observed outgoing links; depth 3.
1529,100000002597074100,peripheral,0.4064946619217082,"Limited observed structure: 1 incoming, 0 outgoing links; depth 4."
1530,100000003792647100,peripheral,0.4064946619217082,"Limited observed structure: 1 incoming, 0 outgoing links; depth 4."
1531,100000004433250100,peripheral,0.4064946619217082,"Limited observed structure: 1 incoming, 0 outgoing links; depth 4."
1532,100000006903193100,peripheral,0.4062388790035587,"Limited observed structure: 1 incoming, 0 outgoing links; depth 4."
1533,100000000850297100,transit,0.40617956702253855,Pass-through 1.00; 1 incoming and 1 outgoing links; depth 2.
1534,100000006894637100,terminal,0.40603499406880195,Receives from 1 nodes (KZT 52.8k); no observed outgoing links; depth 3.
1535,100000005367180100,peripheral,0.4059608540925267,"Limited observed structure: 1 incoming, 0 outgoing links; depth 4."
1536,100000004099450100,terminal,0.40589412811387904,Receives from 1 nodes (KZT 31.0k); no observed outgoing links; depth 3.
1537,100000004848236100,peripheral,0.4057829181494662,"Limited observed structure: 1 incoming, 0 outgoing links; depth 4."
1538,100000002199091100,terminal,0.4056717081850534,Receives from 1 nodes (KZT 65.0k); no observed outgoing links; depth 2.
1539,100000002737980100,terminal,0.4056272241992883,Receives from 1 nodes (KZT 32.9k); no observed outgoing links; depth 3.
1540,100000005010159100,peripheral,0.4055604982206406,"Limited observed structure: 1 incoming, 0 outgoing links; depth 4."
1541,100000000018102100,peripheral,0.40511565836298935,"Limited observed structure: 1 incoming, 0 outgoing links; depth 4."
1542,100000003950749100,peripheral,0.40511565836298935,"Limited observed structure: 1 incoming, 0 outgoing links; depth 4."
1543,100000004488265100,terminal,0.4044409845788849,Receives from 1 nodes (KZT 38.7k); no observed outgoing links; depth 3.
1544,100000004800452100,peripheral,0.40422597864768683,"Limited observed structure: 1 incoming, 0 outgoing links; depth 4."
1545,100000002645993100,peripheral,0.40392571174377223,"Limited observed structure: 2 incoming, 5 outgoing links; depth 3."
1546,100000005326681100,terminal,0.4035513048635825,Receives from 1 nodes (KZT 31.2k); no observed outgoing links; depth 2.
1547,100000003838587100,peripheral,0.4030249110320285,"Limited observed structure: 1 incoming, 0 outgoing links; depth 4."
1548,100000008686234100,terminal,0.4029211150652432,Receives from 1 nodes (KZT 39.8k); no observed outgoing links; depth 1.
1549,100000008321975100,peripheral,0.4026245551601424,"Limited observed structure: 1 incoming, 0 outgoing links; depth 4."
1550,100000004377043100,peripheral,0.4023576512455516,"Limited observed structure: 1 incoming, 0 outgoing links; depth 4."
1551,100000001952325100,terminal,0.40200919335705815,Receives from 1 nodes (KZT 77.9k); no observed outgoing links; depth 1.
1552,100000003230328100,peripheral,0.40192393238434165,"Limited observed structure: 3 incoming, 0 outgoing links; depth 4."
1553,100000004013952100,peripheral,0.40191281138790036,"Limited observed structure: 1 incoming, 0 outgoing links; depth 4."
1554,100000004569637100,peripheral,0.40191281138790036,"Limited observed structure: 1 incoming, 0 outgoing links; depth 4."
1555,100000008074304100,peripheral,0.40191281138790036,"Limited observed structure: 1 incoming, 0 outgoing links; depth 4."
1556,100000002227960100,peripheral,0.40180160142348753,"Limited observed structure: 1 incoming, 0 outgoing links; depth 4."
1557,100000003105089100,peripheral,0.40180160142348753,"Limited observed structure: 1 incoming, 0 outgoing links; depth 4."
1558,100000008770483100,peripheral,0.40170151245551605,"Limited observed structure: 1 incoming, 0 outgoing links; depth 4."
1559,100000003123296100,terminal,0.40169780545670225,Receives from 1 nodes (KZT 86.2k); no observed outgoing links; depth 1.
1560,100000005293969100,peripheral,0.4015569395017794,"Limited observed structure: 1 incoming, 0 outgoing links; depth 4."
1561,100000000425407100,terminal,0.4015124555160142,Receives from 1 nodes (KZT 20.0k); no observed outgoing links; depth 2.
1562,100000008255655100,peripheral,0.40146797153024916,"Limited observed structure: 1 incoming, 0 outgoing links; depth 4."
1563,100000000957746100,peripheral,0.4012900355871886,"Limited observed structure: 1 incoming, 0 outgoing links; depth 4."
1564,100000005265073100,peripheral,0.401067615658363,"Limited observed structure: 1 incoming, 1 outgoing links; depth 3."
1565,100000005025629100,peripheral,0.4010231316725979,"Limited observed structure: 1 incoming, 0 outgoing links; depth 4."
1566,100000008737422100,terminal,0.4009489916963227,Receives from 1 nodes (KZT 76.9k); no observed outgoing links; depth 1.
1567,100000005362848100,terminal,0.4005931198102017,Receives from 1 nodes (KZT 29.0k); no observed outgoing links; depth 3.
1568,100000002762076100,peripheral,0.400511565836299,"Limited observed structure: 2 incoming, 1 outgoing links; depth 1."
1569,100000002952631100,terminal,0.40037811387900357,Receives from 1 nodes (KZT 48.0k); no observed outgoing links; depth 1.
1570,100000008669310100,terminal,0.4000518979833927,Receives from 1 nodes (KZT 59.6k); no observed outgoing links; depth 3.
1571,100000005553088100,peripheral,0.40001112099644126,"Limited observed structure: 1 incoming, 0 outgoing links; depth 4."
1572,100000004765639100,peripheral,0.3999666370106762,"Limited observed structure: 1 incoming, 2 outgoing links; depth 2."
1573,100000004971871100,peripheral,0.3998331850533808,"Limited observed structure: 1 incoming, 1 outgoing links; depth 0."
1574,100000003970394100,terminal,0.399721975088968,Receives from 1 nodes (KZT 85.0k); no observed outgoing links; depth 1.
1575,100000001835625100,terminal,0.3995403321470937,Receives from 1 nodes (KZT 75.1k); no observed outgoing links; depth 3.
1576,100000008598972100,terminal,0.3992178232502966,Receives from 1 nodes (KZT 120.0k); no observed outgoing links; depth 3.
1577,100000000369781100,peripheral,0.3991548042704627,"Limited observed structure: 1 incoming, 0 outgoing links; depth 4."
1578,100000002994441100,peripheral,0.3991548042704627,"Limited observed structure: 1 incoming, 0 outgoing links; depth 4."
1579,100000003214786100,peripheral,0.3991548042704627,"Limited observed structure: 1 incoming, 0 outgoing links; depth 4."
1580,100000003626268100,peripheral,0.3991548042704627,"Limited observed structure: 1 incoming, 0 outgoing links; depth 4."
1581,100000004403548100,peripheral,0.3991548042704627,"Limited observed structure: 1 incoming, 0 outgoing links; depth 4."
1582,100000004472936100,peripheral,0.3991548042704627,"Limited observed structure: 1 incoming, 0 outgoing links; depth 4."
1583,100000005209352100,peripheral,0.3991548042704627,"Limited observed structure: 1 incoming, 0 outgoing links; depth 4."
1584,100000008649416100,peripheral,0.3991548042704627,"Limited observed structure: 1 incoming, 0 outgoing links; depth 4."
1585,100000001745217100,terminal,0.3988508303677343,Receives from 1 nodes (KZT 50.0k); no observed outgoing links; depth 3.
1586,100000004664515100,terminal,0.39865065243179126,Receives from 1 nodes (KZT 37.7k); no observed outgoing links; depth 1.
1587,100000001252290100,peripheral,0.39858763345195736,"Limited observed structure: 1 incoming, 1 outgoing links; depth 3."
1588,100000008710913100,peripheral,0.39836521352313164,"Limited observed structure: 1 incoming, 0 outgoing links; depth 4."
1589,100000004792397100,terminal,0.3968193950177936,Receives from 1 nodes (KZT 73.5k); no observed outgoing links; depth 1.
1590,100000001420847100,terminal,0.39661921708185055,Receives from 1 nodes (KZT 20.0k); no observed outgoing links; depth 2.
1591,100000001632325100,terminal,0.3965080071174377,Receives from 1 nodes (KZT 85.6k); no observed outgoing links; depth 3.
1592,100000006030946100,terminal,0.3964561091340451,Receives from 1 nodes (KZT 73.3k); no observed outgoing links; depth 1.
1593,100000007381662100,peripheral,0.3964301601423487,"Limited observed structure: 1 incoming, 0 outgoing links; depth 4."
1594,100000008493007100,transit,0.3951364175563464,Pass-through 1.00; 1 incoming and 1 outgoing links; depth 3.
1595,100000008686214100,terminal,0.3950882265717675,Receives from 1 nodes (KZT 25.0k); no observed outgoing links; depth 3.
1596,100000003610172100,terminal,0.3949621886120997,Receives from 1 nodes (KZT 70.0k); no observed outgoing links; depth 3.
1597,100000004911971100,peripheral,0.39489546263345193,"Limited observed structure: 1 incoming, 0 outgoing links; depth 4."
1598,100000008417359100,peripheral,0.39487322064056946,"Limited observed structure: 1 incoming, 2 outgoing links; depth 3."
1599,100000004877085100,peripheral,0.39445062277580073,"Limited observed structure: 1 incoming, 3 outgoing links; depth 3."
1600,100000005186131100,transit,0.394446915776987,Pass-through 1.00; 1 incoming and 1 outgoing links; depth 3.
1601,100000003112578100,terminal,0.39409104389086597,Receives from 1 nodes (KZT 101.1k); no observed outgoing links; depth 3.
1602,100000002706810100,peripheral,0.39399466192170823,"Limited observed structure: 1 incoming, 0 outgoing links; depth 4."
1603,100000000870121100,terminal,0.3935053380782918,Receives from 1 nodes (KZT 12.0k); no observed outgoing links; depth 3.
1604,100000005187208100,terminal,0.3927046263345196,Receives from 1 nodes (KZT 14.2k); no observed outgoing links; depth 3.
1605,100000001290243100,terminal,0.39231168446026093,Receives from 1 nodes (KZT 10.0k); no observed outgoing links; depth 2.
1606,100000003072676100,terminal,0.39193357058125744,Receives from 1 nodes (KZT 31.5k); no observed outgoing links; depth 3.
1607,100000003996562100,terminal,0.39152209371293,Receives from 1 nodes (KZT 7.7k); no observed outgoing links; depth 3.
1608,100000005877725100,terminal,0.3913589857651246,Receives from 1 nodes (KZT 70.0k); no observed outgoing links; depth 1.
1609,100000008503177100,terminal,0.3910957888493476,Receives from 1 nodes (KZT 34.0k); no observed outgoing links; depth 3.
1610,100000002558173100,terminal,0.39071767497034404,Receives from 1 nodes (KZT 9.3k); no observed outgoing links; depth 2.
1611,100000001297206100,peripheral,0.39053603202846976,"Limited observed structure: 1 incoming, 0 outgoing links; depth 4."
1612,100000004676985100,transit,0.3903712303062528,Pass-through 0.84; 1 incoming and 1 outgoing links; depth 3.
1613,100000003001564100,peripheral,0.3903136120996441,"Limited observed structure: 1 incoming, 1 outgoing links; depth 1."
1614,100000001530709100,terminal,0.39025800711743774,Receives from 1 nodes (KZT 54.0k); no observed outgoing links; depth 3.
1615,100000002748040100,peripheral,0.39022464412811386,"Limited observed structure: 1 incoming, 0 outgoing links; depth 4."
1616,100000002488629100,terminal,0.38992808422301306,Receives from 1 nodes (KZT 73.0k); no observed outgoing links; depth 2.
1617,100000004400480100,peripheral,0.3891459074733096,"Limited observed structure: 1 incoming, 0 outgoing links; depth 4."
1618,100000005636951100,peripheral,0.3890569395017794,"Limited observed structure: 1 incoming, 0 outgoing links; depth 4."
1619,100000003109805100,terminal,0.38889383155397395,Receives from 1 nodes (KZT 36.9k); no observed outgoing links; depth 3.
1620,100000006912294100,peripheral,0.3888456405693951,"Limited observed structure: 1 incoming, 2 outgoing links; depth 2."
1621,100000000581662100,peripheral,0.38870106761565837,"Limited observed structure: 1 incoming, 0 outgoing links; depth 4."
1622,100000004356593100,peripheral,0.3882673487544484,"Limited observed structure: 1 incoming, 1 outgoing links; depth 2."
1623,100000003582677100,peripheral,0.3881116548042705,"Limited observed structure: 2 incoming, 4 outgoing links; depth 3."
1624,100000005370558100,peripheral,0.3880894128113879,"Limited observed structure: 1 incoming, 0 outgoing links; depth 4."
1625,100000004687099100,terminal,0.3880189798339265,Receives from 1 nodes (KZT 30.0k); no observed outgoing links; depth 2.
1626,100000001202787100,peripheral,0.3878002669039146,"Limited observed structure: 2 incoming, 0 outgoing links; depth 4."
1627,100000001249054100,peripheral,0.38644350533807825,"Limited observed structure: 1 incoming, 0 outgoing links; depth 4."
1628,100000005093521100,terminal,0.38642867734282327,Receives from 1 nodes (KZT 15.2k); no observed outgoing links; depth 1.
1629,100000000912487100,terminal,0.38635083036773427,Receives from 1 nodes (KZT 10.0k); no observed outgoing links; depth 2.
1630,100000008712827100,terminal,0.38533511269276394,Receives from 1 nodes (KZT 76.0k); no observed outgoing links; depth 3.
1631,100000004770073100,transit,0.3852460073646578,Pass-through 1.00; 1 incoming and 1 outgoing links; depth 3.
1632,100000000607731100,peripheral,0.38498665480427047,"Limited observed structure: 1 incoming, 1 outgoing links; depth 1."
1633,100000008721637100,peripheral,0.38335186832740215,"Limited observed structure: 1 incoming, 2 outgoing links; depth 3."
1634,100000008745676100,peripheral,0.38291814946619224,"Limited observed structure: 1 incoming, 0 outgoing links; depth 4."
1635,100000002646887100,terminal,0.38241399762752076,Receives from 1 nodes (KZT 24.4k); no observed outgoing links; depth 3.
1636,100000008665380100,peripheral,0.38238434163701074,"Limited observed structure: 2 incoming, 1 outgoing links; depth 1."
1637,100000002736033100,peripheral,0.3821508007117438,"Limited observed structure: 1 incoming, 1 outgoing links; depth 3."
1638,100000005481280100,peripheral,0.382039590747331,"Limited observed structure: 1 incoming, 3 outgoing links; depth 2."
1639,100000004931931100,peripheral,0.38203959074733096,"Limited observed structure: 1 incoming, 1 outgoing links; depth 3."
1640,100000008718811100,terminal,0.381791221826809,Receives from 1 nodes (KZT 73.3k); no observed outgoing links; depth 3.
1641,100000003096787100,peripheral,0.3817504448398576,"Limited observed structure: 1 incoming, 0 outgoing links; depth 4."
1642,100000002534091100,terminal,0.3814019869513642,Receives from 1 nodes (KZT 22.2k); no observed outgoing links; depth 3.
1643,100000008715513100,peripheral,0.38104982206405696,"Limited observed structure: 1 incoming, 0 outgoing links; depth 4."
1644,100000008254576100,peripheral,0.38097197508896796,"Limited observed structure: 1 incoming, 1 outgoing links; depth 3."
1645,100000000782285100,terminal,0.3808718861209965,Receives from 1 nodes (KZT 6.2k); no observed outgoing links; depth 3.
1646,100000002554175100,terminal,0.3807903321470937,Receives from 1 nodes (KZT 24.6k); no observed outgoing links; depth 3.
1647,100000002831727100,peripheral,0.38070507117437724,"Limited observed structure: 1 incoming, 1 outgoing links; depth 2."
1648,100000008778753100,peripheral,0.3805048932384341,"Limited observed structure: 1 incoming, 0 outgoing links; depth 4."
1649,100000004225615100,terminal,0.3804974792408066,Receives from 1 nodes (KZT 90.0k); no observed outgoing links; depth 2.
1650,100000006008169100,terminal,0.38023798932384345,Receives from 1 nodes (KZT 70.0k); no observed outgoing links; depth 1.
1651,100000005709551100,terminal,0.38010824436536184,Receives from 1 nodes (KZT 24.6k); no observed outgoing links; depth 3.
1652,100000008758106100,peripheral,0.37979314946619214,"Limited observed structure: 1 incoming, 0 outgoing links; depth 4."
1653,100000008761132100,peripheral,0.37979314946619214,"Limited observed structure: 1 incoming, 0 outgoing links; depth 4."
1654,100000008761220100,peripheral,0.37979314946619214,"Limited observed structure: 1 incoming, 0 outgoing links; depth 4."
1655,100000002670463100,peripheral,0.37971530249110325,"Limited observed structure: 1 incoming, 0 outgoing links; depth 4."
1656,100000005532138100,terminal,0.3796634045077106,Receives from 1 nodes (KZT 25.0k); no observed outgoing links; depth 3.
1657,100000006126743100,terminal,0.37964857651245554,Receives from 1 nodes (KZT 55.0k); no observed outgoing links; depth 3.
1658,100000007487729100,terminal,0.3794076215895611,Receives from 1 nodes (KZT 25.0k); no observed outgoing links; depth 3.
1659,100000002528978100,peripheral,0.3792593416370107,"Limited observed structure: 1 incoming, 0 outgoing links; depth 4."
1660,100000001987030100,peripheral,0.3792482206405694,"Limited observed structure: 2 incoming, 1 outgoing links; depth 1."
1661,100000003567087100,terminal,0.3790109727164887,Receives from 1 nodes (KZT 62.1k); no observed outgoing links; depth 1.
1662,100000002807334100,terminal,0.3789071767497035,Receives from 1 nodes (KZT 54.7k); no observed outgoing links; depth 3.
1663,100000004797167100,peripheral,0.3788256227758008,"Limited observed structure: 1 incoming, 0 outgoing links; depth 4."
1664,100000006444163100,terminal,0.3788107947805457,Receives from 1 nodes (KZT 6.0k); no observed outgoing links; depth 3.
1665,100000001380107100,terminal,0.3784438018979834,Receives from 1 nodes (KZT 6.0k); no observed outgoing links; depth 3.
1666,100000008772058100,terminal,0.3783437129300119,Receives from 1 nodes (KZT 50.0k); no observed outgoing links; depth 2.
1667,100000001279875100,terminal,0.3781583629893238,Receives from 1 nodes (KZT 49.2k); no observed outgoing links; depth 2.
1668,100000008473765100,terminal,0.37772093712930016,Receives from 1 nodes (KZT 30.0k); no observed outgoing links; depth 3.
1669,100000005268319100,peripheral,0.37768016014234873,"Limited observed structure: 1 incoming, 5 outgoing links; depth 3."
1670,100000004784224100,peripheral,0.3771241103202847,"Limited observed structure: 1 incoming, 1 outgoing links; depth 1."
1671,100000002459163100,terminal,0.37705367734282325,Receives from 1 nodes (KZT 20.2k); no observed outgoing links; depth 2.
1672,100000001280798100,terminal,0.37675711743772244,Receives from 1 nodes (KZT 23.8k); no observed outgoing links; depth 3.
1673,100000008727982100,peripheral,0.37660142348754455,"Limited observed structure: 1 incoming, 0 outgoing links; depth 4."
1674,100000008776420100,terminal,0.3765272835112693,Receives from 1 nodes (KZT 69.5k); no observed outgoing links; depth 3.
1675,100000005402643100,peripheral,0.3761899466192171,"Limited observed structure: 1 incoming, 1 outgoing links; depth 2."
1676,100000000979567100,terminal,0.37603054567022537,Receives from 1 nodes (KZT 10.0k); no observed outgoing links; depth 2.
1677,100000008762843100,peripheral,0.37571174377224203,"Limited observed structure: 1 incoming, 0 outgoing links; depth 4."
1678,100000008762885100,peripheral,0.37571174377224203,"Limited observed structure: 1 incoming, 0 outgoing links; depth 4."
1679,100000003095610100,terminal,0.37563760379596683,Receives from 1 nodes (KZT 23.7k); no observed outgoing links; depth 3.
1680,100000002733083100,peripheral,0.3755894128113879,"Limited observed structure: 1 incoming, 0 outgoing links; depth 4."
1681,100000007347733100,terminal,0.37505189798339267,Receives from 1 nodes (KZT 23.0k); no observed outgoing links; depth 1.
1682,100000006967370100,peripheral,0.37489991103202847,"Limited observed structure: 1 incoming, 1 outgoing links; depth 3."
1683,100000004047887100,peripheral,0.3748109430604982,"Limited observed structure: 1 incoming, 0 outgoing links; depth 4."
1684,100000008557672100,terminal,0.3748072360616845,Receives from 1 nodes (KZT 49.1k); no observed outgoing links; depth 2.
1685,100000002904919100,peripheral,0.37403247330960854,"Limited observed structure: 1 incoming, 1 outgoing links; depth 3."
1686,100000006965162100,terminal,0.37368401542111507,Receives from 1 nodes (KZT 10.0k); no observed outgoing links; depth 3.
1687,100000008708025100,terminal,0.37368401542111507,Receives from 1 nodes (KZT 10.0k); no observed outgoing links; depth 3.
1688,100000005539201100,peripheral,0.37354314946619216,"Limited observed structure: 1 incoming, 1 outgoing links; depth 1."
1689,100000005485830100,distributor,0.3735134934756821,Sends to 5 nodes (KZT 275.9k); receives from 0; outgoing p0.95.
1690,100000002990675100,terminal,0.37322805456702257,Receives from 1 nodes (KZT 51.1k); no observed outgoing links; depth 3.
1691,100000004780083100,peripheral,0.37307606761565837,"Limited observed structure: 1 incoming, 0 outgoing links; depth 4."
1692,100000003083865100,peripheral,0.373064946619217,"Limited observed structure: 1 incoming, 0 outgoing links; depth 4."
1693,100000003166017100,peripheral,0.373064946619217,"Limited observed structure: 1 incoming, 0 outgoing links; depth 4."
1694,100000004291560100,terminal,0.3728239916963227,Receives from 1 nodes (KZT 47.2k); no observed outgoing links; depth 3.
1695,100000005996909100,terminal,0.37266459074733094,Receives from 1 nodes (KZT 5.5k); no observed outgoing links; depth 3.
1696,100000008712991100,terminal,0.37231613285883747,Receives from 1 nodes (KZT 66.1k); no observed outgoing links; depth 3.
1697,100000008748795100,terminal,0.3722716488730724,Receives from 1 nodes (KZT 47.1k); no observed outgoing links; depth 3.
1698,100000002567887100,terminal,0.3722494068801898,Receives from 1 nodes (KZT 50.9k); no observed outgoing links; depth 3.
1699,100000003163256100,transit,0.3721463201501075,Pass-through 1.11; 1 incoming and 1 outgoing links; depth 1.
1700,100000001164648100,terminal,0.3720121589561091,Receives from 2 nodes (KZT 13.7k); no observed outgoing links; depth 1.
1701,100000004813068100,distributor,0.3719565539739027,Sends to 3 nodes (KZT 297.0k); receives from 0; outgoing p0.91.
1702,100000008765627100,terminal,0.37187870699881376,Receives from 1 nodes (KZT 60.0k); no observed outgoing links; depth 2.
1703,100000000733373100,terminal,0.37173042704626336,Receives from 1 nodes (KZT 10.7k); no observed outgoing links; depth 2.
1704,100000008028628100,terminal,0.37144128113879005,Receives from 1 nodes (KZT 57.2k); no observed outgoing links; depth 1.
1705,100000001696818100,terminal,0.37134489916963226,Receives from 1 nodes (KZT 53.5k); no observed outgoing links; depth 1.
1706,100000005316708100,peripheral,0.37120774021352315,"Limited observed structure: 1 incoming, 2 outgoing links; depth 1."
1707,100000003087877100,terminal,0.37007710557532625,Receives from 1 nodes (KZT 91.5k); no observed outgoing links; depth 3.
1708,100000005685783100,peripheral,0.36992882562277585,"Limited observed structure: 1 incoming, 0 outgoing links; depth 4."
1709,100000002299948100,terminal,0.3698583926453144,Receives from 1 nodes (KZT 6.8k); no observed outgoing links; depth 2.
1710,100000008745489100,terminal,0.36966933570581256,Receives from 1 nodes (KZT 55.5k); no observed outgoing links; depth 1.
1711,100000002974256100,terminal,0.369461743772242,Receives from 1 nodes (KZT 7.2k); no observed outgoing links; depth 2.
1712,100000003293377100,terminal,0.36915776986951365,Receives from 1 nodes (KZT 50.0k); no observed outgoing links; depth 3.
1713,100000001578517100,terminal,0.3691021648873073,Receives from 1 nodes (KZT 30.0k); no observed outgoing links; depth 2.
1714,100000002173070100,terminal,0.3691021648873073,Receives from 1 nodes (KZT 30.0k); no observed outgoing links; depth 2.
1715,100000000765628100,terminal,0.3683125741399763,Receives from 1 nodes (KZT 5.0k); no observed outgoing links; depth 2.
1716,100000005939154100,terminal,0.3681086892052195,Receives from 1 nodes (KZT 22.0k); no observed outgoing links; depth 2.
1717,100000008736760100,terminal,0.3679789442467379,Receives from 1 nodes (KZT 54.8k); no observed outgoing links; depth 1.
1718,100000005205745100,terminal,0.36723383748517197,Receives from 1 nodes (KZT 6.0k); no observed outgoing links; depth 2.
1719,100000004616845100,peripheral,0.3668705516014235,"Limited observed structure: 1 incoming, 0 outgoing links; depth 4."
1720,100000003650146100,terminal,0.36672597864768686,Receives from 1 nodes (KZT 14.4k); no observed outgoing links; depth 3.
1721,100000008454065100,terminal,0.36641829774614476,Receives from 1 nodes (KZT 24.1k); no observed outgoing links; depth 3.
1722,100000005059998100,terminal,0.3663886417556346,Receives from 1 nodes (KZT 18.0k); no observed outgoing links; depth 2.
1723,100000008762005100,peripheral,0.3660253558718861,"Limited observed structure: 1 incoming, 0 outgoing links; depth 4."
1724,100000008432942100,terminal,0.3658956109134045,Receives from 1 nodes (KZT 44.5k); no observed outgoing links; depth 3.
1725,100000005756189100,peripheral,0.3651801601423488,"Limited observed structure: 1 incoming, 1 outgoing links; depth 3."
1726,100000003594472100,terminal,0.3651467971530249,Receives from 1 nodes (KZT 20.0k); no observed outgoing links; depth 3.
1727,100000008746673100,terminal,0.3643905693950178,Receives from 1 nodes (KZT 53.0k); no observed outgoing links; depth 1.
1728,100000008766031100,peripheral,0.3642459964412812,"Limited observed structure: 1 incoming, 0 outgoing links; depth 4."
1729,100000001114385100,terminal,0.36410883748517203,Receives from 1 nodes (KZT 29.5k); no observed outgoing links; depth 2.
1730,100000001074553100,terminal,0.3635750296559905,Receives from 2 nodes (KZT 29.0k); no observed outgoing links; depth 1.
1731,100000002948492100,terminal,0.3630560498220641,Receives from 1 nodes (KZT 23.7k); no observed outgoing links; depth 3.
1732,100000000878006100,terminal,0.36278914590747335,Receives from 1 nodes (KZT 47.0k); no observed outgoing links; depth 3.
1733,100000001784279100,terminal,0.36250000000000004,Receives from 1 nodes (KZT 35.7k); no observed outgoing links; depth 3.
1734,100000006735545100,peripheral,0.3623999110320285,"Limited observed structure: 1 incoming, 0 outgoing links; depth 4."
1735,100000003581109100,terminal,0.3623554270462634,Receives from 1 nodes (KZT 42.8k); no observed outgoing links; depth 3.
1736,100000004635886100,terminal,0.3623109430604982,Receives from 1 nodes (KZT 23.0k); no observed outgoing links; depth 3.
1737,100000008008463100,terminal,0.3622479240806643,Receives from 1 nodes (KZT 54.2k); no observed outgoing links; depth 2.
1738,100000008758607100,peripheral,0.36224421708185056,"Limited observed structure: 1 incoming, 0 outgoing links; depth 4."
1739,100000008766764100,peripheral,0.36224421708185056,"Limited observed structure: 1 incoming, 0 outgoing links; depth 4."
1740,100000008775747100,peripheral,0.36224421708185056,"Limited observed structure: 1 incoming, 0 outgoing links; depth 4."
1741,100000004841728100,terminal,0.3618623962040332,Receives from 1 nodes (KZT 52.2k); no observed outgoing links; depth 1.
1742,100000003786516100,peripheral,0.3616214412811388,"Limited observed structure: 1 incoming, 0 outgoing links; depth 4."
1743,100000004613582100,peripheral,0.3616214412811388,"Limited observed structure: 1 incoming, 1 outgoing links; depth 3."
1744,100000008130868100,peripheral,0.3613879003558719,"Limited observed structure: 1 incoming, 0 outgoing links; depth 4."
1745,100000000287768100,terminal,0.36120255041518384,Receives from 1 nodes (KZT 35.2k); no observed outgoing links; depth 3.
1746,100000007999728100,terminal,0.3611432384341637,Receives from 1 nodes (KZT 23.2k); no observed outgoing links; depth 3.
1747,100000002871199100,terminal,0.3606687425860024,Receives from 1 nodes (KZT 23.2k); no observed outgoing links; depth 3.
1748,100000008688881100,terminal,0.36052046263345194,Receives from 1 nodes (KZT 44.2k); no observed outgoing links; depth 2.
1749,100000005055454100,terminal,0.3601868327402135,Receives from 1 nodes (KZT 6.5k); no observed outgoing links; depth 3.
1750,100000005661528100,terminal,0.3598346678529063,Receives from 1 nodes (KZT 25.0k); no observed outgoing links; depth 3.
1751,100000002864680100,terminal,0.3597049228944247,Receives from 1 nodes (KZT 55.9k); no observed outgoing links; depth 1.
1752,100000008677215100,terminal,0.3594380189798339,Receives from 1 nodes (KZT 9.0k); no observed outgoing links; depth 3.
1753,100000001550419100,terminal,0.3594194839857651,Receives from 1 nodes (KZT 23.0k); no observed outgoing links; depth 3.
1754,100000002373144100,peripheral,0.359375,"Limited observed structure: 1 incoming, 1 outgoing links; depth 3."
1755,100000008774237100,peripheral,0.35875222419928826,"Limited observed structure: 1 incoming, 1 outgoing links; depth 2."
1756,100000006522972100,terminal,0.35857058125741403,Receives from 1 nodes (KZT 9.5k); no observed outgoing links; depth 3.
1757,100000008116374100,terminal,0.35830367734282326,Receives from 1 nodes (KZT 31.3k); no observed outgoing links; depth 1.
1758,100000001969496100,terminal,0.35815539739027286,Receives from 1 nodes (KZT 22.7k); no observed outgoing links; depth 3.
1759,100000003943247100,terminal,0.35811091340450774,Receives from 1 nodes (KZT 40.0k); no observed outgoing links; depth 3.
1760,100000007005380100,terminal,0.35709519572953735,Receives from 1 nodes (KZT 9.4k); no observed outgoing links; depth 3.
1761,100000002305007100,terminal,0.35693950177935946,Receives from 1 nodes (KZT 56.0k); no observed outgoing links; depth 3.
1762,100000008579978100,peripheral,0.3562166370106762,"Limited observed structure: 1 incoming, 1 outgoing links; depth 3."
1763,100000005087923100,peripheral,0.3558718861209965,"Limited observed structure: 1 incoming, 0 outgoing links; depth 4."
1764,100000005608515100,terminal,0.3558570581257414,Receives from 1 nodes (KZT 64.0k); no observed outgoing links; depth 2.
1765,100000001380986100,terminal,0.35582740213523134,Receives from 1 nodes (KZT 70.2k); no observed outgoing links; depth 2.
1766,100000001684867100,terminal,0.35577550415183873,Receives from 1 nodes (KZT 30.6k); no observed outgoing links; depth 1.
1767,100000004340038100,peripheral,0.3555938612099644,"Limited observed structure: 1 incoming, 1 outgoing links; depth 3."
1768,100000005940652100,terminal,0.35480427046263346,Receives from 1 nodes (KZT 8.4k); no observed outgoing links; depth 1.
1769,100000004713684100,terminal,0.3536773428232503,Receives from 1 nodes (KZT 37.5k); no observed outgoing links; depth 3.
1770,100000000673915100,peripheral,0.35363656583629893,"Limited observed structure: 1 incoming, 0 outgoing links; depth 4."
1771,100000008782421100,terminal,0.35259489916963227,Receives from 1 nodes (KZT 49.7k); no observed outgoing links; depth 1.
1772,100000003084870100,peripheral,0.3519572953736655,"Limited observed structure: 1 incoming, 0 outgoing links; depth 4."
1773,100000008757369100,peripheral,0.35192393238434166,"Limited observed structure: 1 incoming, 1 outgoing links; depth 3."
1774,100000007289427100,terminal,0.3516829774614472,Receives from 1 nodes (KZT 12.3k); no observed outgoing links; depth 2.
1775,100000001298099100,terminal,0.3510564946619217,Receives from 1 nodes (KZT 19.0k); no observed outgoing links; depth 3.
1776,100000001418900100,terminal,0.35095640569395015,Receives from 1 nodes (KZT 40.1k); no observed outgoing links; depth 2.
1777,100000001286703100,peripheral,0.35094528469750885,"Limited observed structure: 1 incoming, 0 outgoing links; depth 4."
1778,100000008491390100,terminal,0.35093045670225387,Receives from 1 nodes (KZT 36.0k); no observed outgoing links; depth 3.
1779,100000001250022100,terminal,0.35065243179122185,Receives from 1 nodes (KZT 50.0k); no observed outgoing links; depth 2.
1780,100000008633099100,peripheral,0.34969973309608543,"Limited observed structure: 1 incoming, 1 outgoing links; depth 3."
1781,100000002870937100,terminal,0.34956257413997627,Receives from 1 nodes (KZT 83.7k); no observed outgoing links; depth 1.
1782,100000007930878100,terminal,0.34936239620403325,Receives from 1 nodes (KZT 5.0k); no observed outgoing links; depth 2.
1783,100000007303047100,terminal,0.34910290628706997,Receives from 1 nodes (KZT 52.2k); no observed outgoing links; depth 3.
1784,100000002893020100,terminal,0.34868030842230135,Receives from 1 nodes (KZT 18.3k); no observed outgoing links; depth 3.
1785,100000004257714100,terminal,0.3485320284697509,Receives from 1 nodes (KZT 52.2k); no observed outgoing links; depth 3.
1786,100000008304115100,terminal,0.3484986654804271,Receives from 1 nodes (KZT 51.0k); no observed outgoing links; depth 1.
1787,100000008652094100,terminal,0.3483726275207592,Receives from 1 nodes (KZT 35.0k); no observed outgoing links; depth 3.
1788,100000003736419100,peripheral,0.3483429715302491,"Limited observed structure: 1 incoming, 1 outgoing links; depth 3."
1789,100000002861485100,terminal,0.34827253855278767,Receives from 1 nodes (KZT 29.3k); no observed outgoing links; depth 1.
1790,100000005958064100,peripheral,0.34798709964412816,"Limited observed structure: 1 incoming, 2 outgoing links; depth 1."
1791,100000005961971100,terminal,0.34773873072360617,Receives from 1 nodes (KZT 47.4k); no observed outgoing links; depth 1.
1792,100000008684452100,terminal,0.3475682087781732,Receives from 1 nodes (KZT 51.8k); no observed outgoing links; depth 3.
1793,100000004070530100,peripheral,0.3475200177935943,"Limited observed structure: 1 incoming, 0 outgoing links; depth 4."
1794,100000008749618100,terminal,0.3473902728351127,Receives from 1 nodes (KZT 47.3k); no observed outgoing links; depth 1.
1795,100000008486520100,peripheral,0.3473643238434164,"Limited observed structure: 1 incoming, 1 outgoing links; depth 1."
1796,100000002606567100,peripheral,0.3469862099644128,"Limited observed structure: 1 incoming, 1 outgoing links; depth 1."
1797,100000008745725100,terminal,0.346782325029656,Receives from 1 nodes (KZT 47.1k); no observed outgoing links; depth 1.
1798,100000008768896100,terminal,0.346782325029656,Receives from 1 nodes (KZT 47.1k); no observed outgoing links; depth 1.
1799,100000002999140100,peripheral,0.34669706405693945,"Limited observed structure: 1 incoming, 0 outgoing links; depth 4."
1800,100000003221510100,peripheral,0.3460742882562278,"Limited observed structure: 1 incoming, 2 outgoing links; depth 3."
1801,100000004321983100,peripheral,0.3458741103202847,"Limited observed structure: 1 incoming, 2 outgoing links; depth 3."
1802,100000000581682100,peripheral,0.3457184163701068,"Limited observed structure: 1 incoming, 0 outgoing links; depth 4."
1803,100000002546921100,terminal,0.3451290035587189,Receives from 1 nodes (KZT 20.0k); no observed outgoing links; depth 3.
1804,100000008416433100,terminal,0.3451290035587189,Receives from 1 nodes (KZT 20.0k); no observed outgoing links; depth 3.
1805,100000008682426100,terminal,0.3451290035587189,Receives from 1 nodes (KZT 20.0k); no observed outgoing links; depth 3.
1806,100000008525136100,peripheral,0.3450733985765124,"Limited observed structure: 1 incoming, 0 outgoing links; depth 4."
1807,100000004553349100,terminal,0.34411328588374857,Receives from 1 nodes (KZT 7.8k); no observed outgoing links; depth 3.
1808,100000007641183100,terminal,0.34357577105575327,Receives from 1 nodes (KZT 28.0k); no observed outgoing links; depth 1.
1809,100000007267915100,peripheral,0.34354982206405693,"Limited observed structure: 2 incoming, 1 outgoing links; depth 3."
1810,100000005233755100,peripheral,0.34320507117437726,"Limited observed structure: 1 incoming, 1 outgoing links; depth 3."
1811,100000008767065100,terminal,0.34320136417556346,Receives from 1 nodes (KZT 10.0k); no observed outgoing links; depth 3.
1812,100000008002020100,peripheral,0.34313834519572955,"Limited observed structure: 1 incoming, 1 outgoing links; depth 1."
1813,100000005669845100,terminal,0.34291592526690395,Receives from 1 nodes (KZT 20.0k); no observed outgoing links; depth 1.
1814,100000006734554100,peripheral,0.3427157473309609,"Limited observed structure: 1 incoming, 1 outgoing links; depth 1."
1815,100000003166755100,terminal,0.34231909845788855,Receives from 1 nodes (KZT 24.0k); no observed outgoing links; depth 2.
1816,100000002369443100,terminal,0.34153321470937126,Receives from 1 nodes (KZT 50.0k); no observed outgoing links; depth 3.
1817,100000002580377100,peripheral,0.34142571174377223,"Limited observed structure: 1 incoming, 1 outgoing links; depth 1."
1818,100000002863356100,peripheral,0.3410920818505338,"Limited observed structure: 1 incoming, 1 outgoing links; depth 2."
1819,100000001991973100,peripheral,0.33929048042704624,"Limited observed structure: 1 incoming, 0 outgoing links; depth 4."
1820,100000002970466100,peripheral,0.33915702846975093,"Limited observed structure: 1 incoming, 2 outgoing links; depth 3."
1821,100000008713685100,terminal,0.3390421115065243,Receives from 1 nodes (KZT 49.7k); no observed outgoing links; depth 3.
1822,100000000978041100,terminal,0.33887900355871886,Receives from 1 nodes (KZT 44.4k); no observed outgoing links; depth 1.
1823,100000004254434100,terminal,0.33887900355871886,Receives from 1 nodes (KZT 44.4k); no observed outgoing links; depth 1.
1824,100000008744849100,terminal,0.33887900355871886,Receives from 1 nodes (KZT 44.4k); no observed outgoing links; depth 1.
1825,100000007648946100,peripheral,0.33884564056939503,"Limited observed structure: 1 incoming, 1 outgoing links; depth 1."
1826,100000008383405100,terminal,0.338104240806643,Receives from 1 nodes (KZT 25.0k); no observed outgoing links; depth 1.
1827,100000001248999100,terminal,0.33747034400948994,Receives from 1 nodes (KZT 23.4k); no observed outgoing links; depth 3.
1828,100000005237935150,terminal,0.33701067615658364,Receives from 1 nodes (KZT 34.5k); no observed outgoing links; depth 2.
1829,100000008677518100,terminal,0.33679567022538554,Receives from 1 nodes (KZT 48.7k); no observed outgoing links; depth 3.
1830,100000008782800100,terminal,0.3367586002372479,Receives from 1 nodes (KZT 43.4k); no observed outgoing links; depth 1.
1831,100000003047800100,peripheral,0.3363879003558719,"Limited observed structure: 1 incoming, 0 outgoing links; depth 4."
1832,100000001498732100,peripheral,0.3362433274021352,"Limited observed structure: 1 incoming, 0 outgoing links; depth 4."
1833,100000008661585100,terminal,0.33606168446026097,Receives from 1 nodes (KZT 43.1k); no observed outgoing links; depth 1.
1834,100000001740277100,peripheral,0.3355093416370107,"Limited observed structure: 1 incoming, 1 outgoing links; depth 3."
1835,100000008776298100,terminal,0.33547597864768686,Receives from 1 nodes (KZT 42.8k); no observed outgoing links; depth 1.
1836,100000004741837100,terminal,0.3352980427046264,Receives from 1 nodes (KZT 25.6k); no observed outgoing links; depth 1.
1837,100000003635660100,terminal,0.3352832147093713,Receives from 1 nodes (KZT 19.0k); no observed outgoing links; depth 3.
1838,100000005367284100,peripheral,0.3352201957295374,"Limited observed structure: 1 incoming, 2 outgoing links; depth 3."
1839,100000003009900100,terminal,0.33380782918149465,Receives from 1 nodes (KZT 16.0k); no observed outgoing links; depth 3.
1840,100000007197866100,peripheral,0.3337077402135231,"Limited observed structure: 1 incoming, 1 outgoing links; depth 3."
1841,100000002981489100,peripheral,0.33357428825622776,"Limited observed structure: 1 incoming, 0 outgoing links; depth 4."
1842,100000002648315100,peripheral,0.3331739323843416,"Limited observed structure: 1 incoming, 2 outgoing links; depth 1."
1843,100000008717340100,terminal,0.33246960260972713,Receives from 1 nodes (KZT 41.5k); no observed outgoing links; depth 1.
1844,100000005172860100,terminal,0.3322583036773428,Receives from 1 nodes (KZT 15.2k); no observed outgoing links; depth 3.
1845,100000008003034100,peripheral,0.33215080071174385,"Limited observed structure: 1 incoming, 4 outgoing links; depth 1."
1846,100000003814002100,terminal,0.331235172004745,Receives from 1 nodes (KZT 30.0k); no observed outgoing links; depth 3.
1847,100000008745474100,terminal,0.3309979240806643,Receives from 1 nodes (KZT 40.6k); no observed outgoing links; depth 1.
1848,100000000704700100,peripheral,0.33069395017793596,"Limited observed structure: 1 incoming, 0 outgoing links; depth 4."
1849,100000002130400100,peripheral,0.33069395017793596,"Limited observed structure: 1 incoming, 0 outgoing links; depth 4."
1850,100000002707106100,peripheral,0.3304159252669039,"Limited observed structure: 1 incoming, 0 outgoing links; depth 4."
1851,100000006573438100,terminal,0.3298339264531436,Receives from 1 nodes (KZT 5.0k); no observed outgoing links; depth 3.
1852,100000008754747100,terminal,0.32919632265717674,Receives from 1 nodes (KZT 45.5k); no observed outgoing links; depth 3.
1853,100000006369769100,terminal,0.328929418742586,Receives from 1 nodes (KZT 40.0k); no observed outgoing links; depth 1.
1854,100000008686247100,peripheral,0.3280137900355872,"Limited observed structure: 1 incoming, 1 outgoing links; depth 3."
1855,100000004779204100,peripheral,0.32788033807829187,"Limited observed structure: 1 incoming, 1 outgoing links; depth 3."
1856,100000007938486100,terminal,0.3273502372479241,Receives from 1 nodes (KZT 39.5k); no observed outgoing links; depth 1.
1857,100000001860090100,terminal,0.3272316132858838,Receives from 1 nodes (KZT 5.0k); no observed outgoing links; depth 3.
1858,100000004272302100,peripheral,0.3270129003558719,"Limited observed structure: 1 incoming, 0 outgoing links; depth 4."
1859,100000008735384100,terminal,0.32662366548042704,Receives from 1 nodes (KZT 39.2k); no observed outgoing links; depth 1.
1860,100000008771819100,terminal,0.32589709371293,Receives from 1 nodes (KZT 38.9k); no observed outgoing links; depth 1.
1861,100000003241965100,terminal,0.32563389679715304,Receives from 1 nodes (KZT 15.0k); no observed outgoing links; depth 3.
1862,100000002908521100,terminal,0.3255708778173191,Receives from 1 nodes (KZT 44.5k); no observed outgoing links; depth 3.
1863,100000008772246100,terminal,0.3255708778173191,Receives from 1 nodes (KZT 44.5k); no observed outgoing links; depth 3.
1864,100000001256409100,peripheral,0.3254893238434164,"Limited observed structure: 1 incoming, 0 outgoing links; depth 4."
1865,100000002945031100,terminal,0.3254114768683274,Receives from 1 nodes (KZT 15.0k); no observed outgoing links; depth 3.
1866,100000003900547100,terminal,0.32533362989323844,Receives from 1 nodes (KZT 23.7k); no observed outgoing links; depth 1.
1867,100000004107228100,peripheral,0.3252557829181495,"Limited observed structure: 1 incoming, 0 outgoing links; depth 4."
1868,100000008576528100,terminal,0.3252261269276394,Receives from 1 nodes (KZT 28.0k); no observed outgoing links; depth 3.
1869,100000007982908100,terminal,0.32505931198102017,Receives from 1 nodes (KZT 31.1k); no observed outgoing links; depth 2.
1870,100000001307612100,terminal,0.324644128113879,Receives from 1 nodes (KZT 38.5k); no observed outgoing links; depth 1.
1871,100000002214301100,peripheral,0.32449955516014234,"Limited observed structure: 1 incoming, 1 outgoing links; depth 1."
1872,100000000955444100,terminal,0.3239249703440095,Receives from 1 nodes (KZT 6.9k); no observed outgoing links; depth 2.
1873,100000001954903100,terminal,0.3237396204033215,Receives from 1 nodes (KZT 27.1k); no observed outgoing links; depth 2.
1874,100000002744581100,terminal,0.3236209964412812,Receives from 1 nodes (KZT 12.0k); no observed outgoing links; depth 2.
1875,100000008066326100,terminal,0.3235987544483986,Receives from 1 nodes (KZT 19.3k); no observed outgoing links; depth 1.
1876,100000003896956100,peripheral,0.32356539145907476,"Limited observed structure: 1 incoming, 1 outgoing links; depth 3."
1877,100000008687617100,terminal,0.3230649466192171,Receives from 1 nodes (KZT 43.4k); no observed outgoing links; depth 3.
1878,100000002194329100,terminal,0.3226275207591934,Receives from 1 nodes (KZT 25.2k); no observed outgoing links; depth 3.
1879,100000005328215100,terminal,0.322586743772242,Receives from 1 nodes (KZT 27.0k); no observed outgoing links; depth 2.
1880,100000003006633100,terminal,0.3224718268090154,Receives from 1 nodes (KZT 10.0k); no observed outgoing links; depth 3.
1881,100000002844652100,terminal,0.32244217081850535,Receives from 1 nodes (KZT 61.4k); no observed outgoing links; depth 1.
1882,100000001138376100,terminal,0.32226423487544487,Receives from 1 nodes (KZT 15.3k); no observed outgoing links; depth 2.
1883,100000008687671100,terminal,0.32193801897983393,Receives from 1 nodes (KZT 37.5k); no observed outgoing links; depth 1.
1884,100000003574895100,peripheral,0.3218305160142349,"Limited observed structure: 1 incoming, 1 outgoing links; depth 3."
1885,100000006919124100,terminal,0.3206887603795967,Receives from 1 nodes (KZT 25.0k); no observed outgoing links; depth 3.
1886,100000004975919100,peripheral,0.3205849644128114,"Limited observed structure: 1 incoming, 2 outgoing links; depth 3."
1887,100000002211413100,terminal,0.32037366548042706,Receives from 1 nodes (KZT 37.0k); no observed outgoing links; depth 1.
1888,100000004950490100,terminal,0.32031435349940685,Receives from 1 nodes (KZT 10.0k); no observed outgoing links; depth 2.
1889,100000003188607100,peripheral,0.320095640569395,"Limited observed structure: 1 incoming, 1 outgoing links; depth 2."
1890,100000004825069100,terminal,0.3200696915776987,Receives from 1 nodes (KZT 30.0k); no observed outgoing links; depth 2.
1891,100000006471232100,terminal,0.32001037959667855,Receives from 1 nodes (KZT 41.8k); no observed outgoing links; depth 3.
1892,100000008767027100,terminal,0.31975830367734287,Receives from 1 nodes (KZT 5.0k); no observed outgoing links; depth 3.
1893,100000008759795100,peripheral,0.31942838078291813,"Limited observed structure: 1 incoming, 0 outgoing links; depth 4."
1894,100000004158362100,terminal,0.3185498220640569,Receives from 1 nodes (KZT 12.0k); no observed outgoing links; depth 2.
1895,100000004622227100,peripheral,0.31827179715302495,"Limited observed structure: 1 incoming, 3 outgoing links; depth 1."
1896,100000006746688100,terminal,0.31761936536180313,Receives from 1 nodes (KZT 41.0k); no observed outgoing links; depth 3.
1897,100000007510875100,terminal,0.31733392645314357,Receives from 1 nodes (KZT 5.0k); no observed outgoing links; depth 3.
1898,100000008741372100,terminal,0.3173190984578885,Receives from 1 nodes (KZT 36.0k); no observed outgoing links; depth 1.
1899,100000008289539100,terminal,0.3170373665480427,Receives from 1 nodes (KZT 14.9k); no observed outgoing links; depth 2.
1900,100000005901606100,terminal,0.31684460260972713,Receives from 1 nodes (KZT 35.7k); no observed outgoing links; depth 1.
1901,100000002597003100,peripheral,0.3167370996441281,"Limited observed structure: 1 incoming, 1 outgoing links; depth 1."
1902,100000005056870100,terminal,0.31667037366548045,Receives from 1 nodes (KZT 20.0k); no observed outgoing links; depth 1.
1903,100000007175718100,terminal,0.31667037366548045,Receives from 1 nodes (KZT 20.0k); no observed outgoing links; depth 1.
1904,100000007863304100,terminal,0.3159623368920522,Receives from 1 nodes (KZT 25.0k); no observed outgoing links; depth 3.
1905,100000006989232100,terminal,0.31593268090154214,Receives from 1 nodes (KZT 22.2k); no observed outgoing links; depth 3.
1906,100000008753193100,terminal,0.3159252669039146,Receives from 1 nodes (KZT 35.2k); no observed outgoing links; depth 1.
1907,100000006491963100,peripheral,0.3150689501779359,"Limited observed structure: 1 incoming, 0 outgoing links; depth 4."
1908,100000008283183100,terminal,0.314805753262159,Receives from 1 nodes (KZT 29.0k); no observed outgoing links; depth 2.
1909,100000004494983100,terminal,0.3145203143534994,Receives from 1 nodes (KZT 35.0k); no observed outgoing links; depth 1.
1910,100000003192309100,peripheral,0.31446841637010675,"Limited observed structure: 1 incoming, 1 outgoing links; depth 3."
1911,100000008029279100,terminal,0.3144313463819692,Receives from 1 nodes (KZT 17.0k); no observed outgoing links; depth 3.
1912,100000002479804100,peripheral,0.31344528469750893,"Limited observed structure: 1 incoming, 2 outgoing links; depth 1."
1913,100000000542087100,peripheral,0.3127557829181495,"Limited observed structure: 1 incoming, 0 outgoing links; depth 4."
1914,100000003069463100,peripheral,0.31151023131672595,"Limited observed structure: 1 incoming, 1 outgoing links; depth 3."
1915,100000004611571100,terminal,0.3112099644128114,Receives from 1 nodes (KZT 22.6k); no observed outgoing links; depth 3.
1916,100000004573782100,terminal,0.3110209074733096,Receives from 1 nodes (KZT 15.0k); no observed outgoing links; depth 2.
1917,100000007536804100,peripheral,0.31082072953736656,"Limited observed structure: 1 incoming, 2 outgoing links; depth 1."
1918,100000002810870100,terminal,0.3107280545670225,Receives from 1 nodes (KZT 33.7k); no observed outgoing links; depth 1.
1919,100000008470470100,terminal,0.31025355871886123,Receives from 1 nodes (KZT 33.5k); no observed outgoing links; depth 1.
1920,100000001557930100,terminal,0.30901542111506525,Receives from 1 nodes (KZT 34.6k); no observed outgoing links; depth 2.
1921,100000001308856100,terminal,0.30868549822064056,Receives from 1 nodes (KZT 27.0k); no observed outgoing links; depth 2.
1922,100000008219168100,terminal,0.3085928232502966,Receives from 1 nodes (KZT 53.2k); no observed outgoing links; depth 1.
1923,100000008671081100,terminal,0.3085335112692764,Receives from 1 nodes (KZT 37.2k); no observed outgoing links; depth 3.
1924,100000002369510100,terminal,0.3081776393831554,Receives from 1 nodes (KZT 37.1k); no observed outgoing links; depth 3.
1925,100000008749405100,terminal,0.3081776393831554,Receives from 1 nodes (KZT 37.1k); no observed outgoing links; depth 3.
1926,100000006412162100,peripheral,0.3081294483985765,"Limited observed structure: 1 incoming, 0 outgoing links; depth 4."
1927,100000002975287100,terminal,0.30811832740213524,Receives from 1 nodes (KZT 15.0k); no observed outgoing links; depth 3.
1928,100000008011573100,terminal,0.30811832740213524,Receives from 1 nodes (KZT 15.0k); no observed outgoing links; depth 3.
1929,100000007333038100,peripheral,0.3080738434163701,"Limited observed structure: 1 incoming, 2 outgoing links; depth 3."
1930,100000003927792100,terminal,0.3080664294187426,Receives from 1 nodes (KZT 13.1k); no observed outgoing links; depth 2.
1931,100000005146665100,peripheral,0.30755115658362986,"Limited observed structure: 1 incoming, 0 outgoing links; depth 4."
1932,100000008695133100,terminal,0.3069691577698695,Receives from 1 nodes (KZT 36.6k); no observed outgoing links; depth 3.
1933,100000000627521100,peripheral,0.30657250889679716,"Limited observed structure: 1 incoming, 0 outgoing links; depth 4."
1934,100000008696919100,terminal,0.3060943060498221,Receives from 1 nodes (KZT 31.9k); no observed outgoing links; depth 1.
1935,100000002158488100,terminal,0.30563463819691583,Receives from 1 nodes (KZT 31.7k); no observed outgoing links; depth 1.
1936,100000004435304100,terminal,0.30533437129300117,Receives from 1 nodes (KZT 26.2k); no observed outgoing links; depth 2.
1937,100000008656043100,terminal,0.30533437129300117,Receives from 1 nodes (KZT 26.2k); no observed outgoing links; depth 2.
1938,100000008734364100,terminal,0.30533437129300117,Receives from 1 nodes (KZT 26.2k); no observed outgoing links; depth 2.
1939,100000002742067100,terminal,0.3052639383155397,Receives from 1 nodes (KZT 12.7k); no observed outgoing links; depth 2.
1940,100000004278574100,peripheral,0.30520462633451956,"Limited observed structure: 1 incoming, 1 outgoing links; depth 3."
1941,100000008779584100,terminal,0.3045596085409253,Receives from 1 nodes (KZT 31.4k); no observed outgoing links; depth 1.
1942,100000002589019100,terminal,0.30391459074733096,Receives from 1 nodes (KZT 34.7k); no observed outgoing links; depth 1.
1943,100000001273783100,terminal,0.3035883748517201,Receives from 1 nodes (KZT 23.2k); no observed outgoing links; depth 2.
1944,100000005052998100,peripheral,0.3033696619217082,"Limited observed structure: 1 incoming, 1 outgoing links; depth 3."
1945,100000002609774100,peripheral,0.30334741992882563,"Limited observed structure: 1 incoming, 1 outgoing links; depth 1."
1946,100000008736173100,terminal,0.30313612099644127,Receives from 1 nodes (KZT 31.1k); no observed outgoing links; depth 1.
1947,100000002592567100,peripheral,0.30227980427046264,"Limited observed structure: 1 incoming, 2 outgoing links; depth 1."
1948,100000008554390100,peripheral,0.3018349644128114,"Limited observed structure: 1 incoming, 0 outgoing links; depth 4."
1949,100000002680477100,terminal,0.3007376927639383,Receives from 1 nodes (KZT 25.0k); no observed outgoing links; depth 2.
1950,100000002818726100,terminal,0.3004893238434164,Receives from 1 nodes (KZT 10.9k); no observed outgoing links; depth 3.
1951,100000008667795100,terminal,0.2986877224199288,Receives from 1 nodes (KZT 34.0k); no observed outgoing links; depth 3.
1952,100000008667799100,terminal,0.2986877224199288,Receives from 1 nodes (KZT 34.0k); no observed outgoing links; depth 3.
1953,100000004058740100,terminal,0.29766088374851724,Receives from 1 nodes (KZT 30.0k); no observed outgoing links; depth 1.
1954,100000008695566100,terminal,0.29762010676156586,Receives from 1 nodes (KZT 33.7k); no observed outgoing links; depth 3.
1955,100000008129393100,terminal,0.2974051008303677,Receives from 1 nodes (KZT 10.0k); no observed outgoing links; depth 1.
1956,100000005041905100,peripheral,0.2964301601423488,"Limited observed structure: 1 incoming, 1 outgoing links; depth 3."
1957,100000008631800100,peripheral,0.29618549822064055,"Limited observed structure: 1 incoming, 0 outgoing links; depth 4."
1958,100000008619857100,peripheral,0.2953403024911032,"Limited observed structure: 1 incoming, 2 outgoing links; depth 3."
1959,100000008782056100,terminal,0.29405397390272836,Receives from 1 nodes (KZT 29.1k); no observed outgoing links; depth 1.
1960,100000002820010100,terminal,0.29393534994068804,Receives from 1 nodes (KZT 30.0k); no observed outgoing links; depth 2.
1961,100000003157333100,terminal,0.29393534994068804,Receives from 1 nodes (KZT 30.0k); no observed outgoing links; depth 2.
1962,100000008688476100,terminal,0.2930456702253855,Receives from 1 nodes (KZT 24.0k); no observed outgoing links; depth 2.
1963,100000008691168100,terminal,0.2930456702253855,Receives from 1 nodes (KZT 24.0k); no observed outgoing links; depth 2.
1964,100000008765494100,terminal,0.2930456702253855,Receives from 1 nodes (KZT 24.0k); no observed outgoing links; depth 2.
1965,100000003036198100,terminal,0.2929381672597865,Receives from 1 nodes (KZT 15.0k); no observed outgoing links; depth 2.
1966,100000006714366100,peripheral,0.2928714412811388,"Limited observed structure: 1 incoming, 1 outgoing links; depth 3."
1967,100000003713616100,terminal,0.2926304863582444,Receives from 1 nodes (KZT 15.9k); no observed outgoing links; depth 1.
1968,100000008771814100,terminal,0.2911476868327402,Receives from 1 nodes (KZT 23.7k); no observed outgoing links; depth 2.
1969,100000002645046100,peripheral,0.2907584519572953,"Limited observed structure: 1 incoming, 0 outgoing links; depth 4."
1970,100000002876914100,peripheral,0.2907584519572953,"Limited observed structure: 1 incoming, 0 outgoing links; depth 4."
1971,100000004780327100,peripheral,0.2907584519572953,"Limited observed structure: 1 incoming, 0 outgoing links; depth 4."
1972,100000008684767100,terminal,0.2906064650059312,Receives from 1 nodes (KZT 31.1k); no observed outgoing links; depth 3.
1973,100000008769097100,terminal,0.2906064650059312,Receives from 1 nodes (KZT 31.1k); no observed outgoing links; depth 3.
1974,100000000783406100,terminal,0.28964264531435346,Receives from 1 nodes (KZT 6.1k); no observed outgoing links; depth 3.
1975,100000002184107100,terminal,0.28964264531435346,Receives from 1 nodes (KZT 6.1k); no observed outgoing links; depth 3.
1976,100000002597623100,terminal,0.289449881376038,Receives from 1 nodes (KZT 16.4k); no observed outgoing links; depth 3.
1977,100000002603371100,terminal,0.28911625148279957,Receives from 1 nodes (KZT 9.3k); no observed outgoing links; depth 3.
1978,100000008751349100,terminal,0.28908659549228943,Receives from 1 nodes (KZT 11.6k); no observed outgoing links; depth 3.
1979,100000000749118100,peripheral,0.2886454626334519,"Limited observed structure: 1 incoming, 1 outgoing links; depth 3."
1980,100000008691495100,terminal,0.28722197508896796,Receives from 1 nodes (KZT 27.0k); no observed outgoing links; depth 1.
1981,100000003561031100,peripheral,0.286866103202847,"Limited observed structure: 1 incoming, 1 outgoing links; depth 3."
1982,100000005030592100,terminal,0.28616177342823257,Receives from 1 nodes (KZT 10.0k); no observed outgoing links; depth 2.
1983,100000008733049100,terminal,0.28616177342823257,Receives from 1 nodes (KZT 10.0k); no observed outgoing links; depth 2.
1984,100000001677389100,peripheral,0.2857540035587189,"Limited observed structure: 1 incoming, 1 outgoing links; depth 3."
1985,100000003216073100,peripheral,0.2857095195729537,"Limited observed structure: 1 incoming, 1 outgoing links; depth 3."
1986,100000005496254100,terminal,0.2856761565836299,Receives from 1 nodes (KZT 12.7k); no observed outgoing links; depth 1.
1987,100000002214570100,terminal,0.28491251482799523,Receives from 1 nodes (KZT 26.5k); no observed outgoing links; depth 1.
1988,100000008666075100,terminal,0.28434163701067616,Receives from 1 nodes (KZT 26.2k); no observed outgoing links; depth 1.
1989,100000004783447100,terminal,0.28353721826809014,Receives from 1 nodes (KZT 26.2k); no observed outgoing links; depth 1.
1990,100000008738658100,terminal,0.2834667852906287,Receives from 1 nodes (KZT 29.9k); no observed outgoing links; depth 3.
1991,100000007597382100,terminal,0.28314798339264535,Receives from 1 nodes (KZT 15.7k); no observed outgoing links; depth 3.
1992,100000001229743100,peripheral,0.2830627224199288,"Limited observed structure: 1 incoming, 1 outgoing links; depth 3."
1993,100000004218576100,terminal,0.28198398576512457,Receives from 1 nodes (KZT 26.1k); no observed outgoing links; depth 1.
1994,100000005092518100,terminal,0.28198398576512457,Receives from 1 nodes (KZT 26.1k); no observed outgoing links; depth 1.
1995,100000003093299100,terminal,0.2818171708185053,Receives from 1 nodes (KZT 15.0k); no observed outgoing links; depth 3.
1996,100000008773876100,terminal,0.2815169039145907,Receives from 1 nodes (KZT 26.1k); no observed outgoing links; depth 1.
1997,100000005228059100,terminal,0.28102758007117434,Receives from 1 nodes (KZT 26.0k); no observed outgoing links; depth 1.
1998,100000005198498100,terminal,0.2804937722419929,Receives from 1 nodes (KZT 28.8k); no observed outgoing links; depth 3.
1999,100000000703902100,terminal,0.2798413404507711,Receives from 1 nodes (KZT 25.5k); no observed outgoing links; depth 1.
2000,100000008507703100,terminal,0.2797672004744959,Receives from 1 nodes (KZT 28.5k); no observed outgoing links; depth 3.
2001,100000008742266100,terminal,0.27949288256227756,Receives from 1 nodes (KZT 21.0k); no observed outgoing links; depth 2.
2002,100000004213658100,terminal,0.2792556346381969,Receives from 1 nodes (KZT 25.3k); no observed outgoing links; depth 1.
2003,100000008753061100,terminal,0.2791666666666667,Receives from 1 nodes (KZT 28.4k); no observed outgoing links; depth 3.
2004,100000008055972100,terminal,0.27886639976275207,Receives from 1 nodes (KZT 28.3k); no observed outgoing links; depth 3.
2005,100000006326645100,terminal,0.2786699288256228,Receives from 1 nodes (KZT 25.3k); no observed outgoing links; depth 1.
2006,100000008653041100,terminal,0.27758377817319096,Receives from 1 nodes (KZT 28.0k); no observed outgoing links; depth 3.
2007,100000004493586100,terminal,0.2762789145907473,Receives from 1 nodes (KZT 7.5k); no observed outgoing links; depth 3.
2008,100000004388983100,peripheral,0.2762233096085409,"Limited observed structure: 0 incoming, 2 outgoing links; depth 0."
2009,100000002103448100,terminal,0.2756005338078292,Receives from 1 nodes (KZT 27.0k); no observed outgoing links; depth 3.
2010,100000006701983100,terminal,0.2756005338078292,Receives from 1 nodes (KZT 27.0k); no observed outgoing links; depth 3.
2011,100000008724279100,terminal,0.2744217081850534,Receives from 1 nodes (KZT 11.8k); no observed outgoing links; depth 1.
2012,100000008690762100,terminal,0.27404359430604985,Receives from 1 nodes (KZT 26.8k); no observed outgoing links; depth 3.
2013,100000008349675100,peripheral,0.2736098754448399,"Limited observed structure: 1 incoming, 1 outgoing links; depth 1."
2014,100000002858835100,terminal,0.2732873665480427,Receives from 1 nodes (KZT 24.4k); no observed outgoing links; depth 1.
2015,100000004206046100,terminal,0.2732502965599051,Receives from 1 nodes (KZT 11.1k); no observed outgoing links; depth 1.
2016,100000002324543100,terminal,0.2731687425860024,Receives from 1 nodes (KZT 30.2k); no observed outgoing links; depth 1.
2017,100000002793851100,terminal,0.2730130486358245,Receives from 1 nodes (KZT 11.1k); no observed outgoing links; depth 1.
2018,100000002809568100,terminal,0.2723161328588375,Receives from 1 nodes (KZT 10.0k); no observed outgoing links; depth 1.
2019,100000003449074100,terminal,0.2723161328588375,Receives from 1 nodes (KZT 10.0k); no observed outgoing links; depth 1.
2020,100000001325618100,peripheral,0.2722975978647687,"Limited observed structure: 1 incoming, 0 outgoing links; depth 4."
2021,100000005674387100,terminal,0.2722494068801898,Receives from 1 nodes (KZT 26.2k); no observed outgoing links; depth 3.
2022,100000006491272100,terminal,0.2722494068801898,Receives from 1 nodes (KZT 26.2k); no observed outgoing links; depth 3.
2023,100000008662216100,terminal,0.2722494068801898,Receives from 1 nodes (KZT 26.2k); no observed outgoing links; depth 3.
2024,100000008671129100,terminal,0.2722494068801898,Receives from 1 nodes (KZT 26.2k); no observed outgoing links; depth 3.
2025,100000008695689100,terminal,0.2722494068801898,Receives from 1 nodes (KZT 26.2k); no observed outgoing links; depth 3.
2026,100000008707810100,terminal,0.2722494068801898,Receives from 1 nodes (KZT 26.2k); no observed outgoing links; depth 3.
2027,100000007337374100,terminal,0.2721307829181495,Receives from 1 nodes (KZT 20.0k); no observed outgoing links; depth 2.
2028,100000001870116100,terminal,0.2718045670225385,Receives from 1 nodes (KZT 24.0k); no observed outgoing links; depth 1.
2029,100000008612257100,terminal,0.27147835112692764,Receives from 1 nodes (KZT 9.5k); no observed outgoing links; depth 3.
2030,100000003134937100,terminal,0.27104092526690393,Receives from 1 nodes (KZT 10.3k); no observed outgoing links; depth 1.
2031,100000004269433100,peripheral,0.27079626334519574,"Limited observed structure: 0 incoming, 1 outgoing links; depth 0."
2032,100000004634420100,terminal,0.27069246737841046,Receives from 1 nodes (KZT 26.1k); no observed outgoing links; depth 3.
2033,100000008717802100,terminal,0.27069246737841046,Receives from 1 nodes (KZT 26.1k); no observed outgoing links; depth 3.
2034,100000008764654100,terminal,0.27069246737841046,Receives from 1 nodes (KZT 26.1k); no observed outgoing links; depth 3.
2035,100000008776720100,terminal,0.27069246737841046,Receives from 1 nodes (KZT 26.1k); no observed outgoing links; depth 3.
2036,100000004400361100,terminal,0.2706479833926453,Receives from 1 nodes (KZT 10.0k); no observed outgoing links; depth 2.
2037,100000008708368100,terminal,0.2699177046263345,Receives from 1 nodes (KZT 23.7k); no observed outgoing links; depth 1.
2038,100000008722328100,terminal,0.2699177046263345,Receives from 1 nodes (KZT 23.7k); no observed outgoing links; depth 1.
2039,100000004263867100,peripheral,0.2696841637010676,"Limited observed structure: 1 incoming, 0 outgoing links; depth 4."
2040,100000004449824100,peripheral,0.2696841637010676,"Limited observed structure: 1 incoming, 0 outgoing links; depth 4."
2041,100000007018630100,peripheral,0.2696396797153025,"Limited observed structure: 0 incoming, 1 outgoing links; depth 0."
2042,100000003218308100,terminal,0.26937277580071173,Receives from 1 nodes (KZT 11.2k); no observed outgoing links; depth 3.
2043,100000003194831100,peripheral,0.2690947508896797,"Limited observed structure: 1 incoming, 0 outgoing links; depth 4."
2044,100000008671026100,terminal,0.26841637010676156,Receives from 1 nodes (KZT 23.5k); no observed outgoing links; depth 1.
2045,100000008680451100,terminal,0.26841637010676156,Receives from 1 nodes (KZT 23.5k); no observed outgoing links; depth 1.
2046,100000007173936100,terminal,0.2677565243179122,Receives from 1 nodes (KZT 10.0k); no observed outgoing links; depth 2.
2047,100000008697670100,terminal,0.2675934163701068,Receives from 1 nodes (KZT 25.4k); no observed outgoing links; depth 3.
2048,100000008769636100,terminal,0.26630338078291815,Receives from 1 nodes (KZT 23.1k); no observed outgoing links; depth 1.
2049,100000003044518100,terminal,0.2661551008303677,Receives from 1 nodes (KZT 34.4k); no observed outgoing links; depth 1.
2050,100000004064431100,peripheral,0.26593638790035584,"Limited observed structure: 1 incoming, 1 outgoing links; depth 3."
2051,100000008690932100,terminal,0.265625,Receives from 1 nodes (KZT 23.0k); no observed outgoing links; depth 1.
2052,100000008696692100,terminal,0.2656027580071174,Receives from 1 nodes (KZT 19.0k); no observed outgoing links; depth 2.
2053,100000003951827100,peripheral,0.26500222419928826,"Limited observed structure: 1 incoming, 2 outgoing links; depth 3."
2054,100000001299443100,peripheral,0.2643794483985765,"Limited observed structure: 1 incoming, 0 outgoing links; depth 4."
2055,100000004739664100,transit,0.2637702649268486,Pass-through 0.83; 1 incoming and 1 outgoing links; depth 1.
2056,100000002214664100,peripheral,0.26293371886121,"Limited observed structure: 1 incoming, 1 outgoing links; depth 3."
2057,100000008746025100,terminal,0.2624147390272835,Receives from 1 nodes (KZT 22.0k); no observed outgoing links; depth 1.
2058,100000003338583100,terminal,0.26186239620403323,Receives from 1 nodes (KZT 21.8k); no observed outgoing links; depth 3.
2059,100000005834479100,peripheral,0.26131005338078295,"Limited observed structure: 1 incoming, 2 outgoing links; depth 2."
2060,100000008753897100,terminal,0.26083555753262155,Receives from 1 nodes (KZT 24.1k); no observed outgoing links; depth 3.
2061,100000008691330100,terminal,0.26081702253855277,Receives from 1 nodes (KZT 21.4k); no observed outgoing links; depth 1.
2062,100000006658598100,terminal,0.26079478054567024,Receives from 1 nodes (KZT 9.0k); no observed outgoing links; depth 1.
2063,100000006177176100,terminal,0.260179418742586,Receives from 1 nodes (KZT 8.9k); no observed outgoing links; depth 1.
2064,100000002373386100,terminal,0.25979389086595495,Receives from 1 nodes (KZT 24.0k); no observed outgoing links; depth 3.
2065,100000002603478100,terminal,0.2588226571767497,Receives from 1 nodes (KZT 23.5k); no observed outgoing links; depth 1.
2066,100000003119550100,terminal,0.2587522241992882,Receives from 1 nodes (KZT 21.0k); no observed outgoing links; depth 1.
2067,100000008695495100,terminal,0.2587522241992882,Receives from 1 nodes (KZT 21.0k); no observed outgoing links; depth 1.
2068,100000008744364100,terminal,0.2586743772241993,Receives from 1 nodes (KZT 23.7k); no observed outgoing links; depth 3.
2069,100000005357034100,terminal,0.25838523131672597,Receives from 1 nodes (KZT 9.8k); no observed outgoing links; depth 3.
2070,100000002938501100,peripheral,0.2583518683274021,"Limited observed structure: 1 incoming, 1 outgoing links; depth 1."
2071,100000002216999100,terminal,0.2581850533807829,Receives from 1 nodes (KZT 23.7k); no observed outgoing links; depth 3.
2072,100000002243354100,terminal,0.2578440094899169,Receives from 1 nodes (KZT 20.9k); no observed outgoing links; depth 1.
2073,100000008683818100,terminal,0.25776245551601423,Receives from 1 nodes (KZT 17.4k); no observed outgoing links; depth 2.
2074,100000002794197100,terminal,0.25758451957295375,Receives from 1 nodes (KZT 30.1k); no observed outgoing links; depth 1.
2075,100000003005167100,peripheral,0.2574399466192171,"Limited observed structure: 1 incoming, 0 outgoing links; depth 4."
2076,100000002913340100,terminal,0.2569913997627521,Receives from 1 nodes (KZT 23.6k); no observed outgoing links; depth 3.
2077,100000008688155100,terminal,0.2569913997627521,Receives from 1 nodes (KZT 23.6k); no observed outgoing links; depth 3.
2078,100000002982252100,terminal,0.25678380782918153,Receives from 1 nodes (KZT 20.3k); no observed outgoing links; depth 1.
2079,100000008745643100,terminal,0.25654655990510083,Receives from 1 nodes (KZT 20.3k); no observed outgoing links; depth 1.
2080,100000001714883100,peripheral,0.2563500889679715,"Limited observed structure: 1 incoming, 0 outgoing links; depth 4."
2081,100000008522127100,peripheral,0.25602758007117443,"Limited observed structure: 0 incoming, 1 outgoing links; depth 0."
2082,100000000507799100,peripheral,0.2553047153024911,"Limited observed structure: 1 incoming, 1 outgoing links; depth 1."
2083,100000002474570100,peripheral,0.25479314946619214,"Limited observed structure: 1 incoming, 0 outgoing links; depth 4."
2084,100000003986141100,terminal,0.25309163701067616,Receives from 1 nodes (KZT 5.3k); no observed outgoing links; depth 3.
2085,100000008745863100,terminal,0.2530619810201661,Receives from 1 nodes (KZT 22.9k); no observed outgoing links; depth 3.
2086,100000007382152100,terminal,0.25266162514827994,Receives from 1 nodes (KZT 5.9k); no observed outgoing links; depth 2.
2087,100000008661550100,terminal,0.2526023131672598,Receives from 1 nodes (KZT 22.8k); no observed outgoing links; depth 3.
2088,100000003336565100,terminal,0.2524466192170819,Receives from 1 nodes (KZT 16.6k); no observed outgoing links; depth 2.
2089,100000002289937100,terminal,0.25233540925266906,Receives from 1 nodes (KZT 20.0k); no observed outgoing links; depth 1.
2090,100000008693069100,terminal,0.25233540925266906,Receives from 1 nodes (KZT 20.0k); no observed outgoing links; depth 1.
2091,100000008173359100,terminal,0.251964709371293,Receives from 1 nodes (KZT 6.1k); no observed outgoing links; depth 1.
2092,100000008771627100,terminal,0.2517978944246738,Receives from 1 nodes (KZT 16.5k); no observed outgoing links; depth 2.
2093,100000003888271100,peripheral,0.25121218861209965,"Limited observed structure: 1 incoming, 2 outgoing links; depth 1."
2094,100000001155773100,terminal,0.2497108540925267,Receives from 1 nodes (KZT 21.5k); no observed outgoing links; depth 3.
2095,100000002512742100,peripheral,0.24884341637010676,"Limited observed structure: 1 incoming, 0 outgoing links; depth 4."
2096,100000002878483100,peripheral,0.24884341637010676,"Limited observed structure: 1 incoming, 0 outgoing links; depth 4."
2097,100000008736394100,terminal,0.24865806642941873,Receives from 1 nodes (KZT 16.0k); no observed outgoing links; depth 2.
2098,100000008749989100,terminal,0.24865806642941873,Receives from 1 nodes (KZT 16.0k); no observed outgoing links; depth 2.
2099,100000008712036100,terminal,0.24757562277580072,Receives from 1 nodes (KZT 21.0k); no observed outgoing links; depth 3.
2100,100000008740793100,terminal,0.24757562277580072,Receives from 1 nodes (KZT 21.0k); no observed outgoing links; depth 3.
2101,100000008763688100,terminal,0.24757562277580072,Receives from 1 nodes (KZT 21.0k); no observed outgoing links; depth 3.
2102,100000002986245100,peripheral,0.24665258007117438,"Limited observed structure: 1 incoming, 0 outgoing links; depth 4."
2103,100000008755754100,terminal,0.2462633451957295,Receives from 1 nodes (KZT 7.0k); no observed outgoing links; depth 3.
2104,100000003187359100,terminal,0.24623368920521949,Receives from 1 nodes (KZT 19.1k); no observed outgoing links; depth 1.
2105,100000008229700100,peripheral,0.2461076512455516,"Limited observed structure: 1 incoming, 1 outgoing links; depth 1."
2106,100000008679986100,terminal,0.2456405693950178,Receives from 1 nodes (KZT 19.0k); no observed outgoing links; depth 1.
2107,100000008749063100,terminal,0.2456405693950178,Receives from 1 nodes (KZT 19.0k); no observed outgoing links; depth 1.
2108,100000006656003100,peripheral,0.24529581850533808,"Limited observed structure: 1 incoming, 1 outgoing links; depth 1."
2109,100000000572276100,peripheral,0.24507339857651245,"Limited observed structure: 1 incoming, 1 outgoing links; depth 3."
2110,100000004268036100,peripheral,0.2445618327402135,"Limited observed structure: 1 incoming, 0 outgoing links; depth 4."
2111,100000002635746100,peripheral,0.24293816725978648,"Limited observed structure: 1 incoming, 0 outgoing links; depth 4."
2112,100000008648783100,peripheral,0.24209297153024908,"Limited observed structure: 1 incoming, 0 outgoing links; depth 4."
2113,100000001103905100,terminal,0.24201141755634636,Receives from 1 nodes (KZT 18.0k); no observed outgoing links; depth 1.
2114,100000008716222100,terminal,0.24201141755634636,Receives from 1 nodes (KZT 18.0k); no observed outgoing links; depth 1.
2115,100000008777088100,terminal,0.24201141755634636,Receives from 1 nodes (KZT 18.0k); no observed outgoing links; depth 1.
2116,100000008687492100,terminal,0.24084741992882566,Receives from 1 nodes (KZT 15.0k); no observed outgoing links; depth 2.
2117,100000004723755100,peripheral,0.24081405693950178,"Limited observed structure: 0 incoming, 1 outgoing links; depth 0."
2118,100000001590795100,peripheral,0.2404248220640569,"Limited observed structure: 1 incoming, 0 outgoing links; depth 4."
2119,100000000307908100,terminal,0.24037663107947807,Receives from 1 nodes (KZT 5.0k); no observed outgoing links; depth 2.
2120,100000006710485100,terminal,0.24015791814946622,Receives from 1 nodes (KZT 20.0k); no observed outgoing links; depth 3.
2121,100000008745884100,terminal,0.24015791814946622,Receives from 1 nodes (KZT 20.0k); no observed outgoing links; depth 3.
2122,100000000907277100,terminal,0.23825622775800714,Receives from 1 nodes (KZT 17.5k); no observed outgoing links; depth 1.
2123,100000008667058100,terminal,0.23825622775800714,Receives from 1 nodes (KZT 17.5k); no observed outgoing links; depth 1.
2124,100000008691027100,terminal,0.23825622775800714,Receives from 1 nodes (KZT 17.5k); no observed outgoing links; depth 1.
2125,100000008729801100,terminal,0.23825622775800714,Receives from 1 nodes (KZT 17.5k); no observed outgoing links; depth 1.
2126,100000001111763100,terminal,0.23523873072360618,Receives from 1 nodes (KZT 17.1k); no observed outgoing links; depth 1.
2127,100000004491881100,terminal,0.23523873072360618,Receives from 1 nodes (KZT 17.1k); no observed outgoing links; depth 1.
2128,100000008749406100,terminal,0.23523873072360618,Receives from 1 nodes (KZT 17.1k); no observed outgoing links; depth 1.
2129,100000008767925100,terminal,0.23523873072360618,Receives from 1 nodes (KZT 17.1k); no observed outgoing links; depth 1.
2130,100000002881669100,terminal,0.2351126927639383,Receives from 1 nodes (KZT 18.6k); no observed outgoing links; depth 1.
2131,100000003239859100,terminal,0.2351126927639383,Receives from 1 nodes (KZT 18.6k); no observed outgoing links; depth 1.
2132,100000008776310100,terminal,0.23479389086595492,Receives from 1 nodes (KZT 19.2k); no observed outgoing links; depth 3.
2133,100000004140994100,terminal,0.23279952550415184,Receives from 1 nodes (KZT 18.6k); no observed outgoing links; depth 3.
2134,100000005807278100,terminal,0.23276986951364176,Receives from 1 nodes (KZT 8.4k); no observed outgoing links; depth 1.
2135,100000005392290100,peripheral,0.23254003558718858,"Limited observed structure: 0 incoming, 1 outgoing links; depth 0."
2136,100000001389255100,terminal,0.23139086595492292,Receives from 1 nodes (KZT 16.1k); no observed outgoing links; depth 1.
2137,100000008712184100,terminal,0.23066800118623962,Receives from 1 nodes (KZT 18.0k); no observed outgoing links; depth 3.
2138,100000008715887100,terminal,0.23066800118623962,Receives from 1 nodes (KZT 18.0k); no observed outgoing links; depth 3.
2139,100000008754997100,terminal,0.23066800118623962,Receives from 1 nodes (KZT 18.0k); no observed outgoing links; depth 3.
2140,100000008764436100,terminal,0.2299673784104389,Receives from 1 nodes (KZT 13.1k); no observed outgoing links; depth 2.
2141,100000008672480100,terminal,0.22878855278766314,Receives from 1 nodes (KZT 13.0k); no observed outgoing links; depth 2.
2142,100000008672762100,terminal,0.22878855278766314,Receives from 1 nodes (KZT 13.0k); no observed outgoing links; depth 2.
2143,100000008716773100,terminal,0.22823991696322657,Receives from 1 nodes (KZT 15.7k); no observed outgoing links; depth 1.
2144,100000008732098100,terminal,0.22823991696322657,Receives from 1 nodes (KZT 15.7k); no observed outgoing links; depth 1.
2145,100000002116705100,terminal,0.22786921708185054,Receives from 1 nodes (KZT 17.6k); no observed outgoing links; depth 3.
2146,100000002511581100,terminal,0.22786921708185054,Receives from 1 nodes (KZT 17.6k); no observed outgoing links; depth 3.
2147,100000008687990100,terminal,0.22786921708185054,Receives from 1 nodes (KZT 17.6k); no observed outgoing links; depth 3.
2148,100000008735832100,terminal,0.22786921708185054,Receives from 1 nodes (KZT 17.6k); no observed outgoing links; depth 3.
2149,100000008755168100,terminal,0.22786921708185054,Receives from 1 nodes (KZT 17.6k); no observed outgoing links; depth 3.
2150,100000001953577100,terminal,0.2273131672597865,Receives from 1 nodes (KZT 15.6k); no observed outgoing links; depth 1.
2151,100000008672162100,terminal,0.22688686239620406,Receives from 1 nodes (KZT 15.6k); no observed outgoing links; depth 1.
2152,100000004497606100,terminal,0.22623072360616844,Receives from 1 nodes (KZT 15.5k); no observed outgoing links; depth 1.
2153,100000008670667100,terminal,0.22623072360616844,Receives from 1 nodes (KZT 15.5k); no observed outgoing links; depth 1.
2154,100000008718089100,terminal,0.22623072360616844,Receives from 1 nodes (KZT 15.5k); no observed outgoing links; depth 1.
2155,100000008720798100,terminal,0.22623072360616844,Receives from 1 nodes (KZT 15.5k); no observed outgoing links; depth 1.
2156,100000008767950100,terminal,0.22614916963226575,Receives from 1 nodes (KZT 17.4k); no observed outgoing links; depth 3.
2157,100000005417257100,peripheral,0.22591192170818503,"Limited observed structure: 0 incoming, 2 outgoing links; depth 0."
2158,100000005995391100,terminal,0.22492956702253858,Receives from 1 nodes (KZT 17.2k); no observed outgoing links; depth 3.
2159,100000007022818100,terminal,0.22492956702253858,Receives from 1 nodes (KZT 17.2k); no observed outgoing links; depth 3.
2160,100000008309514100,terminal,0.22492956702253858,Receives from 1 nodes (KZT 17.2k); no observed outgoing links; depth 3.
2161,100000008684951100,terminal,0.22492956702253858,Receives from 1 nodes (KZT 17.2k); no observed outgoing links; depth 3.
2162,100000008706947100,terminal,0.22492956702253858,Receives from 1 nodes (KZT 17.2k); no observed outgoing links; depth 3.
2163,100000008708595100,terminal,0.22492956702253858,Receives from 1 nodes (KZT 17.2k); no observed outgoing links; depth 3.
2164,100000007631637100,terminal,0.22470344009489918,Receives from 1 nodes (KZT 15.3k); no observed outgoing links; depth 1.
2165,100000004286573100,terminal,0.22465895610913403,Receives from 1 nodes (KZT 16.6k); no observed outgoing links; depth 1.
2166,100000008749900100,terminal,0.22404359430604984,Receives from 1 nodes (KZT 17.1k); no observed outgoing links; depth 3.
2167,100000000968253100,terminal,0.22171930604982207,Receives from 1 nodes (KZT 15.0k); no observed outgoing links; depth 1.
2168,100000008662805100,terminal,0.2215487841043891,Receives from 1 nodes (KZT 16.5k); no observed outgoing links; depth 3.
2169,100000005847078100,terminal,0.2204033214709371,Receives from 1 nodes (KZT 16.3k); no observed outgoing links; depth 3.
2170,100000008664774100,terminal,0.2204033214709371,Receives from 1 nodes (KZT 16.3k); no observed outgoing links; depth 3.
2171,100000008776576100,terminal,0.2192096678529063,Receives from 1 nodes (KZT 14.8k); no observed outgoing links; depth 1.
2172,100000008720668100,terminal,0.21874258600237248,Receives from 1 nodes (KZT 16.0k); no observed outgoing links; depth 3.
2173,100000008755580100,terminal,0.21874258600237248,Receives from 1 nodes (KZT 16.0k); no observed outgoing links; depth 3.
2174,100000008654653100,peripheral,0.21852758007117437,"Limited observed structure: 0 incoming, 1 outgoing links; depth 0."
2175,100000002992171100,terminal,0.21805308422301306,Receives from 1 nodes (KZT 14.6k); no observed outgoing links; depth 1.
2176,100000008717341100,terminal,0.21805308422301306,Receives from 1 nodes (KZT 14.6k); no observed outgoing links; depth 1.
2177,100000008755361100,terminal,0.21805308422301306,Receives from 1 nodes (KZT 14.6k); no observed outgoing links; depth 1.
2178,100000008668099100,terminal,0.21710038552787664,Receives from 1 nodes (KZT 15.7k); no observed outgoing links; depth 3.
2179,100000008686494100,terminal,0.21710038552787664,Receives from 1 nodes (KZT 15.7k); no observed outgoing links; depth 3.
2180,100000000661131100,terminal,0.21602535587188615,Receives from 1 nodes (KZT 15.6k); no observed outgoing links; depth 3.
2181,100000008663723100,terminal,0.21602535587188615,Receives from 1 nodes (KZT 15.6k); no observed outgoing links; depth 3.
2182,100000008708743100,terminal,0.2155434460260973,Receives from 1 nodes (KZT 15.6k); no observed outgoing links; depth 3.
2183,100000008042075100,terminal,0.2152431791221827,Receives from 1 nodes (KZT 5.0k); no observed outgoing links; depth 3.
2184,100000002830055100,terminal,0.2149614472123369,Receives from 1 nodes (KZT 14.0k); no observed outgoing links; depth 1.
2185,100000008663007100,terminal,0.2149614472123369,Receives from 1 nodes (KZT 14.0k); no observed outgoing links; depth 1.
2186,100000005744674100,peripheral,0.21443505338078292,"Limited observed structure: 0 incoming, 1 outgoing links; depth 0."
2187,100000001716579100,terminal,0.2141014234875445,Receives from 1 nodes (KZT 13.9k); no observed outgoing links; depth 1.
2188,100000000456947100,peripheral,0.21172153024911033,"Limited observed structure: 0 incoming, 0 outgoing links; depth 0."
2189,100000003265658100,peripheral,0.21172153024911033,"Limited observed structure: 0 incoming, 0 outgoing links; depth 0."
2190,100000003349739100,peripheral,0.21172153024911033,"Limited observed structure: 0 incoming, 0 outgoing links; depth 0."
2191,100000003770083100,peripheral,0.21172153024911033,"Limited observed structure: 0 incoming, 0 outgoing links; depth 0."
2192,100000004021459100,peripheral,0.21172153024911033,"Limited observed structure: 0 incoming, 0 outgoing links; depth 0."
2193,100000004174835100,peripheral,0.21172153024911033,"Limited observed structure: 0 incoming, 0 outgoing links; depth 0."
2194,100000005017150100,peripheral,0.21172153024911033,"Limited observed structure: 0 incoming, 0 outgoing links; depth 0."
2195,100000005087431100,peripheral,0.21172153024911033,"Limited observed structure: 0 incoming, 0 outgoing links; depth 0."
2196,100000005235389100,peripheral,0.21172153024911033,"Limited observed structure: 0 incoming, 0 outgoing links; depth 0."
2197,100000005480435100,peripheral,0.21172153024911033,"Limited observed structure: 0 incoming, 0 outgoing links; depth 0."
2198,100000005495722100,peripheral,0.21172153024911033,"Limited observed structure: 0 incoming, 0 outgoing links; depth 0."
2199,100000005550592100,peripheral,0.21172153024911033,"Limited observed structure: 0 incoming, 0 outgoing links; depth 0."
2200,100000005560900100,peripheral,0.21172153024911033,"Limited observed structure: 0 incoming, 0 outgoing links; depth 0."
2201,100000005568407100,peripheral,0.21172153024911033,"Limited observed structure: 0 incoming, 0 outgoing links; depth 0."
2202,100000008117324100,peripheral,0.21172153024911033,"Limited observed structure: 0 incoming, 0 outgoing links; depth 0."
2203,100000008205000100,peripheral,0.21172153024911033,"Limited observed structure: 0 incoming, 0 outgoing links; depth 0."
2204,100000008513251100,peripheral,0.21172153024911033,"Limited observed structure: 0 incoming, 0 outgoing links; depth 0."
2205,100000008669037100,peripheral,0.21172153024911033,"Limited observed structure: 0 incoming, 0 outgoing links; depth 0."
2206,100000008701222100,peripheral,0.21172153024911033,"Limited observed structure: 0 incoming, 0 outgoing links; depth 0."
2207,100000006249740100,peripheral,0.20971975088967973,"Limited observed structure: 0 incoming, 3 outgoing links; depth 0."
2208,100000008687733100,terminal,0.2095195729537367,Receives from 1 nodes (KZT 14.7k); no observed outgoing links; depth 3.
2209,100000000625169100,terminal,0.20849273428232504,Receives from 1 nodes (KZT 10.0k); no observed outgoing links; depth 2.
2210,100000008478414100,terminal,0.20849273428232504,Receives from 1 nodes (KZT 10.0k); no observed outgoing links; depth 2.
2211,100000008706846100,terminal,0.20812944839857653,Receives from 1 nodes (KZT 14.2k); no observed outgoing links; depth 3.
2212,100000008575624100,peripheral,0.2074955516014235,"Limited observed structure: 0 incoming, 3 outgoing links; depth 0."
2213,100000008548853100,terminal,0.20695432977461448,Receives from 1 nodes (KZT 14.0k); no observed outgoing links; depth 3.
2214,100000008672493100,terminal,0.20695432977461448,Receives from 1 nodes (KZT 14.0k); no observed outgoing links; depth 3.
2215,100000008716439100,terminal,0.20561981020166073,Receives from 1 nodes (KZT 12.3k); no observed outgoing links; depth 1.
2216,100000008190442100,terminal,0.2034882858837485,Receives from 1 nodes (KZT 13.0k); no observed outgoing links; depth 3.
2217,100000004388209100,terminal,0.2028840450771056,Receives from 1 nodes (KZT 11.8k); no observed outgoing links; depth 1.
2218,100000008688109100,terminal,0.20258748517200476,Receives from 1 nodes (KZT 12.8k); no observed outgoing links; depth 3.
2219,100000002671806100,terminal,0.20237247924080665,Receives from 1 nodes (KZT 12.4k); no observed outgoing links; depth 1.
2220,100000008744799100,terminal,0.2015421115065243,Receives from 1 nodes (KZT 12.6k); no observed outgoing links; depth 3.
2221,100000002646745100,terminal,0.20043742586002372,Receives from 1 nodes (KZT 12.3k); no observed outgoing links; depth 3.
2222,100000005089460100,terminal,0.20043742586002372,Receives from 1 nodes (KZT 12.3k); no observed outgoing links; depth 3.
2223,100000008754608100,terminal,0.20043742586002372,Receives from 1 nodes (KZT 12.3k); no observed outgoing links; depth 3.
2224,100000008586731100,terminal,0.1999555160142349,Receives from 1 nodes (KZT 12.0k); no observed outgoing links; depth 1.
2225,100000008716072100,terminal,0.19958481613285883,Receives from 1 nodes (KZT 12.1k); no observed outgoing links; depth 3.
2226,100000001149815100,terminal,0.19839857651245554,Receives from 1 nodes (KZT 12.0k); no observed outgoing links; depth 3.
2227,100000004714705100,peripheral,0.19788701067615658,"Limited observed structure: 0 incoming, 1 outgoing links; depth 0."
2228,100000004007197100,terminal,0.19766459074733095,Receives from 1 nodes (KZT 10.0k); no observed outgoing links; depth 3.
2229,100000008489604100,terminal,0.19596678529062872,Receives from 1 nodes (KZT 11.0k); no observed outgoing links; depth 3.
2230,100000002916006100,peripheral,0.19308274021352315,"Limited observed structure: 0 incoming, 1 outgoing links; depth 0."
2231,100000002750332100,terminal,0.1927194543297746,Receives from 1 nodes (KZT 11.4k); no observed outgoing links; depth 1.
2232,100000005588444100,terminal,0.191429418742586,Receives from 1 nodes (KZT 12.3k); no observed outgoing links; depth 1.
2233,100000002844897100,terminal,0.19077698695136416,Receives from 1 nodes (KZT 10.8k); no observed outgoing links; depth 1.
2234,100000003200071100,peripheral,0.18916814946619218,"Limited observed structure: 0 incoming, 1 outgoing links; depth 0."
2235,100000008463968100,terminal,0.18886417556346383,Receives from 1 nodes (KZT 10.0k); no observed outgoing links; depth 3.
2236,100000008672200100,terminal,0.18481613285883747,Receives from 1 nodes (KZT 8.5k); no observed outgoing links; depth 1.
2237,100000008708061100,terminal,0.18205071174377224,Receives from 1 nodes (KZT 8.7k); no observed outgoing links; depth 3.
2238,100000008750464100,terminal,0.1813241399762752,Receives from 1 nodes (KZT 8.5k); no observed outgoing links; depth 3.
2239,100000000718427100,terminal,0.18091266310794782,Receives from 1 nodes (KZT 6.0k); no observed outgoing links; depth 2.
2240,100000008537380100,terminal,0.1792667556346382,Receives from 1 nodes (KZT 8.0k); no observed outgoing links; depth 3.
2241,100000004592467100,terminal,0.17608985765124555,Receives from 1 nodes (KZT 7.0k); no observed outgoing links; depth 2.
2242,100000002346166100,terminal,0.17257191577698697,Receives from 1 nodes (KZT 6.0k); no observed outgoing links; depth 3.
2243,100000003377795100,terminal,0.17141903914590748,Receives from 1 nodes (KZT 7.0k); no observed outgoing links; depth 1.
2244,100000008488166100,terminal,0.1707221233689205,Receives from 1 nodes (KZT 5.6k); no observed outgoing links; depth 3.
2245,100000002614095100,terminal,0.16889086595492292,Receives from 1 nodes (KZT 5.3k); no observed outgoing links; depth 3.
2246,100000006490557100,terminal,0.16419780545670226,Receives from 1 nodes (KZT 5.0k); no observed outgoing links; depth 2.
2247,100000006831291100,peripheral,0.15522686832740212,"Limited observed structure: 0 incoming, 1 outgoing links; depth 0."
2248,100000005543136100,peripheral,0.14326067615658364,"Limited observed structure: 0 incoming, 1 outgoing links; depth 0."
